3.365131616592407227e-01 -1.236477851867675781e+00 1.344014048576354980e+00 -6.980192661285400391e-01 -6.648799777030944824e-02 1.338078498840332031e+00 -2.376626253128051758e+00 1.046986699104309082e+00 6.116127967834472656e-01 -6.636891961097717285e-01 4.608306884765625000e-01 1.027078866958618164e+00 2.334868907928466797e+00 1.214597702026367188e+00 -1.960142850875854492e-01 1.809282779693603516e+00 -3.388616144657135010e-01 3.202121555805206299e-01 -2.067676633596420288e-01 -4.669333994388580322e-01 6.344482302665710449e-01 -1.499829590320587158e-01 -5.000000000000000000e-01 7.663560509681701660e-01 1.000000000000000000e+00
1.132052540779113770e+00 -1.402414679527282715e+00 -5.034279823303222656e-01 -9.459080100059509277e-01 -6.997070312500000000e-01 -1.145978093147277832e+00 -9.636498689651489258e-01 1.405047029256820679e-01 -1.293722987174987793e+00 -1.103451490402221680e+00 4.608306884765625000e-01 -7.049260139465332031e-01 2.334868907928466797e+00 -8.233178853988647461e-01 -1.960142850875854492e-01 -5.527051687240600586e-01 -3.388616144657135010e-01 3.202121555805206299e-01 -2.067676633596420288e-01 2.141633033752441406e+00 -1.576172709465026855e+00 -1.499829590320587158e-01 2.000000000000000000e+00 -1.304876565933227539e+00 1.000000000000000000e+00
1.132052540779113770e+00 2.569530904293060303e-01 1.344014048576354980e+00 -4.501305520534515381e-01 -6.997070312500000000e-01 -3.179592490196228027e-01 -9.636498689651489258e-01 1.046986699104309082e+00 6.116127967834472656e-01 1.278828680515289307e-01 4.608306884765625000e-01 -7.049260139465332031e-01 -4.282895624637603760e-01 1.214597702026367188e+00 -1.960142850875854492e-01 1.809282779693603516e+00 -3.388616144657135010e-01 3.202121555805206299e-01 -2.067676633596420288e-01 -4.669333994388580322e-01 6.344482302665710449e-01 -1.499829590320587158e-01 -5.000000000000000000e-01 7.663560509681701660e-01 1.000000000000000000e+00
1.132052540779113770e+00 -2.408572286367416382e-01 -5.034279823303222656e-01 -7.688446044921875000e-01 1.833169102668762207e+00 -1.145978093147277832e+00 -9.636498689651489258e-01 -7.659772634506225586e-01 -1.293722987174987793e+00 -1.279356360435485840e+00 4.608306884765625000e-01 -7.049260139465332031e-01 -4.282895624637603760e-01 1.214597702026367188e+00 -1.960142850875854492e-01 -5.527051687240600586e-01 -3.388616144657135010e-01 3.202121555805206299e-01 -2.067676633596420288e-01 2.141633033752441406e+00 -1.576172709465026855e+00 -1.499829590320587158e-01 -5.000000000000000000e-01 7.663560509681701660e-01 1.000000000000000000e+00
1.132052540779113770e+00 -1.236477851867675781e+00 -5.034279823303222656e-01 -6.980192661285400391e-01 5.667310357093811035e-01 -3.179592490196228027e-01 -2.376626253128051758e+00 1.046986699104309082e+00 -1.293722987174987793e+00 2.326694250106811523e+00 4.608306884765625000e-01 -7.049260139465332031e-01 -4.282895624637603760e-01 -8.233178853988647461e-01 -1.960142850875854492e-01 -5.527051687240600586e-01 -3.388616144657135010e-01 3.202121555805206299e-01 -2.067676633596420288e-01 -4.669333994388580322e-01 6.344482302665710449e-01 -1.499829590320587158e-01 -5.000000000000000000e-01 7.663560509681701660e-01 1.000000000000000000e+00
1.132052540779113770e+00 1.252573728561401367e+00 1.344014048576354980e+00 1.072614550590515137e+00 1.833169102668762207e+00 1.338078498840332031e+00 4.493264853954315186e-01 1.046986699104309082e+00 -1.293722987174987793e+00 3.993041440844535828e-02 4.608306884765625000e-01 1.027078866958618164e+00 -4.282895624637603760e-01 -8.233178853988647461e-01 -1.960142850875854492e-01 -5.527051687240600586e-01 -3.388616144657135010e-01 3.202121555805206299e-01 -2.067676633596420288e-01 -4.669333994388580322e-01 6.344482302665710449e-01 -1.499829590320587158e-01 -5.000000000000000000e-01 7.663560509681701660e-01 1.000000000000000000e+00
1.132052540779113770e+00 2.569530904293060303e-01 1.344014048576354980e+00 -5.917812585830688477e-01 -6.997070312500000000e-01 5.100595951080322266e-01 4.493264853954315186e-01 1.405047029256820679e-01 -3.410550951957702637e-01 3.917402327060699463e-01 4.608306884765625000e-01 1.027078866958618164e+00 -4.282895624637603760e-01 -8.233178853988647461e-01 -1.960142850875854492e-01 -5.527051687240600586e-01 -3.388616144657135010e-01 3.202121555805206299e-01 -2.067676633596420288e-01 -4.669333994388580322e-01 6.344482302665710449e-01 -1.499829590320587158e-01 -5.000000000000000000e-01 7.663560509681701660e-01 1.000000000000000000e+00
1.132052540779113770e+00 2.569530904293060303e-01 1.344014048576354980e+00 2.581230103969573975e-01 1.833169102668762207e+00 5.100595951080322266e-01 4.493264853954315186e-01 1.046986699104309082e+00 -3.410550951957702637e-01 6.555975675582885742e-01 4.608306884765625000e-01 1.027078866958618164e+00 -4.282895624637603760e-01 1.214597702026367188e+00 -1.960142850875854492e-01 -5.527051687240600586e-01 2.951056957244873047e+00 3.202121555805206299e-01 -2.067676633596420288e-01 -4.669333994388580322e-01 6.344482302665710449e-01 -1.499829590320587158e-01 -5.000000000000000000e-01 7.663560509681701660e-01 1.000000000000000000e+00
-4.590262472629547119e-01 1.252573728561401367e+00 4.202930629253387451e-01 2.347470998764038086e+00 -6.648799777030944824e-02 5.100595951080322266e-01 4.493264853954315186e-01 1.405047029256820679e-01 -3.410550951957702637e-01 -3.998318612575531006e-01 4.608306884765625000e-01 1.027078866958618164e+00 2.334868907928466797e+00 1.214597702026367188e+00 -1.960142850875854492e-01 -5.527051687240600586e-01 -3.388616144657135010e-01 3.202121555805206299e-01 -2.067676633596420288e-01 -4.669333994388580322e-01 6.344482302665710449e-01 -1.499829590320587158e-01 2.000000000000000000e+00 -1.304876565933227539e+00 1.000000000000000000e+00
3.365131616592407227e-01 1.252573728561401367e+00 -5.034279823303222656e-01 3.289483487606048584e-01 -6.997070312500000000e-01 -3.179592490196228027e-01 4.493264853954315186e-01 -7.659772634506225586e-01 6.116127967834472656e-01 -8.395941257476806641e-01 4.608306884765625000e-01 -7.049260139465332031e-01 -4.282895624637603760e-01 -8.233178853988647461e-01 -1.960142850875854492e-01 -5.527051687240600586e-01 -3.388616144657135010e-01 3.202121555805206299e-01 -2.067676633596420288e-01 -4.669333994388580322e-01 6.344482302665710449e-01 -1.499829590320587158e-01 -5.000000000000000000e-01 7.663560509681701660e-01 1.000000000000000000e+00
3.365131616592407227e-01 2.569530904293060303e-01 1.344014048576354980e+00 -6.059109047055244446e-02 1.833169102668762207e+00 -3.179592490196228027e-01 4.493264853954315186e-01 -7.659772634506225586e-01 6.116127967834472656e-01 -3.998318612575531006e-01 4.608306884765625000e-01 1.027078866958618164e+00 -4.282895624637603760e-01 1.214597702026367188e+00 -1.960142850875854492e-01 -5.527051687240600586e-01 -3.388616144657135010e-01 3.202121555805206299e-01 -2.067676633596420288e-01 -4.669333994388580322e-01 6.344482302665710449e-01 -1.499829590320587158e-01 -5.000000000000000000e-01 7.663560509681701660e-01 1.000000000000000000e+00
-1.254565596580505371e+00 -7.386675477027893066e-01 -5.034279823303222656e-01 -9.104953408241271973e-01 -6.648799777030944824e-02 -1.145978093147277832e+00 1.862302780151367188e+00 1.405047029256820679e-01 1.564280629158020020e+00 -2.239269465208053589e-01 4.608306884765625000e-01 -7.049260139465332031e-01 -4.282895624637603760e-01 1.214597702026367188e+00 -1.960142850875854492e-01 -5.527051687240600586e-01 -3.388616144657135010e-01 3.202121555805206299e-01 -2.067676633596420288e-01 -4.669333994388580322e-01 6.344482302665710449e-01 -1.499829590320587158e-01 2.000000000000000000e+00 -1.304876565933227539e+00 1.000000000000000000e+00
-4.590262472629547119e-01 2.248194456100463867e+00 1.344014048576354980e+00 6.476624608039855957e-01 -6.997070312500000000e-01 -3.179592490196228027e-01 -9.636498689651489258e-01 1.405047029256820679e-01 6.116127967834472656e-01 -4.877842962741851807e-01 4.608306884765625000e-01 -7.049260139465332031e-01 -4.282895624637603760e-01 1.214597702026367188e+00 -1.960142850875854492e-01 -5.527051687240600586e-01 -3.388616144657135010e-01 3.202121555805206299e-01 -2.067676633596420288e-01 -4.669333994388580322e-01 6.344482302665710449e-01 -1.499829590320587158e-01 -5.000000000000000000e-01 -1.304876565933227539e+00 1.000000000000000000e+00
-4.590262472629547119e-01 -1.236477851867675781e+00 4.202930629253387451e-01 -7.334319353103637695e-01 -6.997070312500000000e-01 -1.973996996879577637e+00 4.493264853954315186e-01 1.046986699104309082e+00 -3.410550951957702637e-01 1.007407426834106445e+00 4.608306884765625000e-01 -7.049260139465332031e-01 -4.282895624637603760e-01 1.214597702026367188e+00 -1.960142850875854492e-01 1.809282779693603516e+00 -3.388616144657135010e-01 3.202121555805206299e-01 -2.067676633596420288e-01 -4.669333994388580322e-01 6.344482302665710449e-01 -1.499829590320587158e-01 -5.000000000000000000e-01 -1.304876565933227539e+00 1.000000000000000000e+00
1.132052540779113770e+00 -9.046043157577514648e-01 -5.034279823303222656e-01 -9.104953408241271973e-01 5.667310357093811035e-01 1.338078498840332031e+00 4.493264853954315186e-01 1.046986699104309082e+00 1.564280629158020020e+00 9.194549322128295898e-01 4.608306884765625000e-01 -7.049260139465332031e-01 -4.282895624637603760e-01 1.214597702026367188e+00 -1.960142850875854492e-01 -5.527051687240600586e-01 -3.388616144657135010e-01 3.202121555805206299e-01 -2.067676633596420288e-01 -4.669333994388580322e-01 -1.576172709465026855e+00 -1.499829590320587158e-01 -5.000000000000000000e-01 7.663560509681701660e-01 1.000000000000000000e+00
-1.254565596580505371e+00 -9.875727295875549316e-01 -5.034279823303222656e-01 -6.626065969467163086e-01 -6.997070312500000000e-01 -1.145978093147277832e+00 -9.636498689651489258e-01 1.046986699104309082e+00 -3.410550951957702637e-01 -1.191403985023498535e+00 4.608306884765625000e-01 -7.049260139465332031e-01 -4.282895624637603760e-01 -8.233178853988647461e-01 -1.960142850875854492e-01 -5.527051687240600586e-01 -3.388616144657135010e-01 3.202121555805206299e-01 -2.067676633596420288e-01 2.141633033752441406e+00 -1.576172709465026855e+00 -1.499829590320587158e-01 -5.000000000000000000e-01 7.663560509681701660e-01 1.000000000000000000e+00
1.132052540779113770e+00 -1.236477851867675781e+00 -2.350869894027709961e+00 -7.334319353103637695e-01 -6.648799777030944824e-02 -3.179592490196228027e-01 4.493264853954315186e-01 -1.672459244728088379e+00 1.564280629158020020e+00 -4.802203923463821411e-02 -2.375050544738769531e+00 -7.049260139465332031e-01 -4.282895624637603760e-01 -8.233178853988647461e-01 5.101668834686279297e+00 1.809282779693603516e+00 -3.388616144657135010e-01 3.202121555805206299e-01 -2.067676633596420288e-01 2.141633033752441406e+00 -1.576172709465026855e+00 -1.499829590320587158e-01 -5.000000000000000000e-01 7.663560509681701660e-01 1.000000000000000000e+00
1.132052540779113770e+00 -7.386675477027893066e-01 1.344014048576354980e+00 -7.334319353103637695e-01 -6.997070312500000000e-01 -3.179592490196228027e-01 -9.636498689651489258e-01 -7.659772634506225586e-01 -1.293722987174987793e+00 -7.516416907310485840e-01 4.608306884765625000e-01 1.027078866958618164e+00 -4.282895624637603760e-01 -8.233178853988647461e-01 -1.960142850875854492e-01 -5.527051687240600586e-01 -3.388616144657135010e-01 3.202121555805206299e-01 -2.067676633596420288e-01 -4.669333994388580322e-01 6.344482302665710449e-01 -1.499829590320587158e-01 -5.000000000000000000e-01 7.663560509681701660e-01 1.000000000000000000e+00
1.132052540779113770e+00 1.252573728561401367e+00 -5.034279823303222656e-01 5.060117244720458984e-01 -6.997070312500000000e-01 -3.179592490196228027e-01 4.493264853954315186e-01 -7.659772634506225586e-01 1.564280629158020020e+00 -3.118793964385986328e-01 4.608306884765625000e-01 -7.049260139465332031e-01 -4.282895624637603760e-01 1.214597702026367188e+00 -1.960142850875854492e-01 -5.527051687240600586e-01 2.951056957244873047e+00 3.202121555805206299e-01 -2.067676633596420288e-01 -4.669333994388580322e-01 -1.576172709465026855e+00 -1.499829590320587158e-01 -5.000000000000000000e-01 -1.304876565933227539e+00 1.000000000000000000e+00
-4.590262472629547119e-01 -9.875727295875549316e-01 -5.034279823303222656e-01 -9.813206791877746582e-01 -6.997070312500000000e-01 -3.179592490196228027e-01 4.493264853954315186e-01 1.405047029256820679e-01 -1.293722987174987793e+00 -1.015498995780944824e+00 4.608306884765625000e-01 -7.049260139465332031e-01 -4.282895624637603760e-01 -8.233178853988647461e-01 -1.960142850875854492e-01 -5.527051687240600586e-01 -3.388616144657135010e-01 3.202121555805206299e-01 -2.067676633596420288e-01 -4.669333994388580322e-01 6.344482302665710449e-01 -1.499829590320587158e-01 -5.000000000000000000e-01 7.663560509681701660e-01 1.000000000000000000e+00
-1.254565596580505371e+00 7.547634243965148926e-01 -5.034279823303222656e-01 1.108027219772338867e+00 1.833169102668762207e+00 1.338078498840332031e+00 4.493264853954315186e-01 1.046986699104309082e+00 -3.410550951957702637e-01 -3.998318612575531006e-01 4.608306884765625000e-01 -7.049260139465332031e-01 -4.282895624637603760e-01 -8.233178853988647461e-01 -1.960142850875854492e-01 -5.527051687240600586e-01 -3.388616144657135010e-01 3.202121555805206299e-01 -2.067676633596420288e-01 -4.669333994388580322e-01 6.344482302665710449e-01 -1.499829590320587158e-01 -5.000000000000000000e-01 7.663560509681701660e-01 1.000000000000000000e+00
1.132052540779113770e+00 2.569530904293060303e-01 -5.034279823303222656e-01 -6.626065969467163086e-01 5.667310357093811035e-01 5.100595951080322266e-01 -9.636498689651489258e-01 -1.672459244728088379e+00 6.116127967834472656e-01 -6.636891961097717285e-01 4.608306884765625000e-01 -7.049260139465332031e-01 -4.282895624637603760e-01 -8.233178853988647461e-01 -1.960142850875854492e-01 -5.527051687240600586e-01 -3.388616144657135010e-01 3.202121555805206299e-01 -2.067676633596420288e-01 -4.669333994388580322e-01 6.344482302665710449e-01 -1.499829590320587158e-01 -5.000000000000000000e-01 7.663560509681701660e-01 1.000000000000000000e+00
1.132052540779113770e+00 1.252573728561401367e+00 4.202930629253387451e-01 1.993344187736511230e+00 1.833169102668762207e+00 5.100595951080322266e-01 4.493264853954315186e-01 -7.659772634506225586e-01 6.116127967834472656e-01 -3.998318612575531006e-01 -9.571098685264587402e-01 -7.049260139465332031e-01 2.334868907928466797e+00 1.214597702026367188e+00 -1.960142850875854492e-01 -5.527051687240600586e-01 2.951056957244873047e+00 3.202121555805206299e-01 -2.067676633596420288e-01 -4.669333994388580322e-01 6.344482302665710449e-01 -1.499829590320587158e-01 -5.000000000000000000e-01 -1.304876565933227539e+00 1.000000000000000000e+00
-1.254565596580505371e+00 1.252573728561401367e+00 -5.034279823303222656e-01 -5.209559202194213867e-01 -6.997070312500000000e-01 -1.145978093147277832e+00 -9.636498689651489258e-01 1.046986699104309082e+00 6.116127967834472656e-01 -1.359744966030120850e-01 4.608306884765625000e-01 -7.049260139465332031e-01 -4.282895624637603760e-01 1.214597702026367188e+00 -1.960142850875854492e-01 1.809282779693603516e+00 -3.388616144657135010e-01 3.202121555805206299e-01 -2.067676633596420288e-01 -4.669333994388580322e-01 6.344482302665710449e-01 -1.499829590320587158e-01 -5.000000000000000000e-01 7.663560509681701660e-01 1.000000000000000000e+00
1.132052540779113770e+00 1.750384092330932617e+00 1.344014048576354980e+00 2.581230103969573975e-01 5.667310357093811035e-01 -3.179592490196228027e-01 4.493264853954315186e-01 1.046986699104309082e+00 -1.293722987174987793e+00 3.993041440844535828e-02 4.608306884765625000e-01 1.027078866958618164e+00 -4.282895624637603760e-01 1.214597702026367188e+00 -1.960142850875854492e-01 -5.527051687240600586e-01 -3.388616144657135010e-01 3.202121555805206299e-01 -2.067676633596420288e-01 -4.669333994388580322e-01 6.344482302665710449e-01 -1.499829590320587158e-01 -5.000000000000000000e-01 7.663560509681701660e-01 1.000000000000000000e+00
-1.254565596580505371e+00 -7.386675477027893066e-01 1.344014048576354980e+00 -9.104953408241271973e-01 -6.997070312500000000e-01 1.338078498840332031e+00 4.493264853954315186e-01 1.405047029256820679e-01 -3.410550951957702637e-01 -4.802203923463821411e-02 4.608306884765625000e-01 1.027078866958618164e+00 -4.282895624637603760e-01 -8.233178853988647461e-01 -1.960142850875854492e-01 1.809282779693603516e+00 -3.388616144657135010e-01 3.202121555805206299e-01 -2.067676633596420288e-01 -4.669333994388580322e-01 6.344482302665710449e-01 -1.499829590320587158e-01 -5.000000000000000000e-01 7.663560509681701660e-01 1.000000000000000000e+00
-1.254565596580505371e+00 2.569530904293060303e-01 -5.034279823303222656e-01 1.023426372557878494e-02 -6.997070312500000000e-01 1.338078498840332031e+00 4.493264853954315186e-01 -7.659772634506225586e-01 -3.410550951957702637e-01 3.037877678871154785e-01 4.608306884765625000e-01 -7.049260139465332031e-01 -4.282895624637603760e-01 1.214597702026367188e+00 -1.960142850875854492e-01 -5.527051687240600586e-01 -3.388616144657135010e-01 3.202121555805206299e-01 -2.067676633596420288e-01 2.141633033752441406e+00 -1.576172709465026855e+00 -1.499829590320587158e-01 -5.000000000000000000e-01 -1.304876565933227539e+00 1.000000000000000000e+00
-4.590262472629547119e-01 7.547634243965148926e-01 1.344014048576354980e+00 1.816280841827392578e+00 -6.997070312500000000e-01 5.100595951080322266e-01 4.493264853954315186e-01 -7.659772634506225586e-01 -3.410550951957702637e-01 1.183312296867370605e+00 4.608306884765625000e-01 -7.049260139465332031e-01 -4.282895624637603760e-01 -8.233178853988647461e-01 -1.960142850875854492e-01 -5.527051687240600586e-01 -3.388616144657135010e-01 3.202121555805206299e-01 -2.067676633596420288e-01 -4.669333994388580322e-01 6.344482302665710449e-01 -1.499829590320587158e-01 -5.000000000000000000e-01 7.663560509681701660e-01 1.000000000000000000e+00
-1.254565596580505371e+00 2.248194456100463867e+00 -5.034279823303222656e-01 1.603804707527160645e+00 -6.997070312500000000e-01 1.338078498840332031e+00 4.493264853954315186e-01 1.046986699104309082e+00 1.564280629158020020e+00 5.676451325416564941e-01 -2.375050544738769531e+00 -7.049260139465332031e-01 -4.282895624637603760e-01 -8.233178853988647461e-01 -1.960142850875854492e-01 1.809282779693603516e+00 -3.388616144657135010e-01 3.202121555805206299e-01 -2.067676633596420288e-01 -4.669333994388580322e-01 -1.576172709465026855e+00 -1.499829590320587158e-01 -5.000000000000000000e-01 -1.304876565933227539e+00 1.000000000000000000e+00
-1.254565596580505371e+00 7.547634243965148926e-01 -2.350869894027709961e+00 4.705990552902221680e-01 -6.997070312500000000e-01 -3.179592490196228027e-01 -2.376626253128051758e+00 -7.659772634506225586e-01 -1.293722987174987793e+00 -3.118793964385986328e-01 4.608306884765625000e-01 1.027078866958618164e+00 -4.282895624637603760e-01 -8.233178853988647461e-01 -1.960142850875854492e-01 -5.527051687240600586e-01 -3.388616144657135010e-01 -3.122929334640502930e+00 -2.067676633596420288e-01 -4.669333994388580322e-01 6.344482302665710449e-01 -1.499829590320587158e-01 -5.000000000000000000e-01 7.663560509681701660e-01 1.000000000000000000e+00
1.132052540779113770e+00 2.569530904293060303e-01 1.344014048576354980e+00 -4.147178530693054199e-01 -6.997070312500000000e-01 -3.179592490196228027e-01 -2.376626253128051758e+00 -7.659772634506225586e-01 -1.293722987174987793e+00 -2.239269465208053589e-01 4.608306884765625000e-01 1.027078866958618164e+00 -4.282895624637603760e-01 1.214597702026367188e+00 -1.960142850875854492e-01 -5.527051687240600586e-01 -3.388616144657135010e-01 3.202121555805206299e-01 -2.067676633596420288e-01 -4.669333994388580322e-01 6.344482302665710449e-01 -1.499829590320587158e-01 -5.000000000000000000e-01 7.663560509681701660e-01 1.000000000000000000e+00
1.132052540779113770e+00 -7.386675477027893066e-01 1.344014048576354980e+00 -7.334319353103637695e-01 1.833169102668762207e+00 1.338078498840332031e+00 -9.636498689651489258e-01 -7.659772634506225586e-01 -1.293722987174987793e+00 2.158353179693222046e-01 4.608306884765625000e-01 1.027078866958618164e+00 -4.282895624637603760e-01 1.214597702026367188e+00 -1.960142850875854492e-01 -5.527051687240600586e-01 -3.388616144657135010e-01 3.202121555805206299e-01 -2.067676633596420288e-01 -4.669333994388580322e-01 6.344482302665710449e-01 -1.499829590320587158e-01 -5.000000000000000000e-01 7.663560509681701660e-01 1.000000000000000000e+00
-1.254565596580505371e+00 8.047933690249919891e-03 1.344014048576354980e+00 -9.459080100059509277e-01 -6.997070312500000000e-01 1.338078498840332031e+00 4.493264853954315186e-01 1.046986699104309082e+00 -1.293722987174987793e+00 2.590551614761352539e+00 4.608306884765625000e-01 1.027078866958618164e+00 -4.282895624637603760e-01 -8.233178853988647461e-01 -1.960142850875854492e-01 1.809282779693603516e+00 -3.388616144657135010e-01 3.202121555805206299e-01 -2.067676633596420288e-01 -4.669333994388580322e-01 6.344482302665710449e-01 -1.499829590320587158e-01 -5.000000000000000000e-01 7.663560509681701660e-01 1.000000000000000000e+00
-1.254565596580505371e+00 2.569530904293060303e-01 -1.427148938179016113e+00 1.164722964167594910e-01 -6.997070312500000000e-01 -3.179592490196228027e-01 -9.636498689651489258e-01 1.046986699104309082e+00 6.116127967834472656e-01 -1.191403985023498535e+00 -2.375050544738769531e+00 -7.049260139465332031e-01 -4.282895624637603760e-01 -8.233178853988647461e-01 5.101668834686279297e+00 -5.527051687240600586e-01 2.951056957244873047e+00 -3.122929334640502930e+00 -2.067676633596420288e-01 2.141633033752441406e+00 -1.576172709465026855e+00 -1.499829590320587158e-01 -5.000000000000000000e-01 7.663560509681701660e-01 1.000000000000000000e+00
1.132052540779113770e+00 -1.236477851867675781e+00 -1.427148938179016113e+00 -8.750826716423034668e-01 1.833169102668762207e+00 -3.179592490196228027e-01 4.493264853954315186e-01 -7.659772634506225586e-01 -1.293722987174987793e+00 -8.395941257476806641e-01 -9.571098685264587402e-01 -7.049260139465332031e-01 2.334868907928466797e+00 -8.233178853988647461e-01 -1.960142850875854492e-01 1.809282779693603516e+00 -3.388616144657135010e-01 -3.122929334640502930e+00 -2.067676633596420288e-01 -4.669333994388580322e-01 6.344482302665710449e-01 -1.499829590320587158e-01 2.000000000000000000e+00 -1.304876565933227539e+00 1.000000000000000000e+00
-1.254565596580505371e+00 8.047933690249919891e-03 -5.034279823303222656e-01 1.872976422309875488e-01 1.833169102668762207e+00 5.100595951080322266e-01 4.493264853954315186e-01 -7.659772634506225586e-01 -1.293722987174987793e+00 -1.015498995780944824e+00 4.608306884765625000e-01 -7.049260139465332031e-01 -4.282895624637603760e-01 -8.233178853988647461e-01 5.101668834686279297e+00 1.809282779693603516e+00 -3.388616144657135010e-01 -3.122929334640502930e+00 4.836346149444580078e+00 -4.669333994388580322e-01 6.344482302665710449e-01 -1.499829590320587158e-01 2.000000000000000000e+00 -1.304876565933227539e+00 1.000000000000000000e+00
-1.254565596580505371e+00 -2.408572286367416382e-01 -5.034279823303222656e-01 -2.730671465396881104e-01 -6.997070312500000000e-01 -3.179592490196228027e-01 4.493264853954315186e-01 -7.659772634506225586e-01 6.116127967834472656e-01 -1.191403985023498535e+00 4.608306884765625000e-01 -7.049260139465332031e-01 -4.282895624637603760e-01 -8.233178853988647461e-01 -1.960142850875854492e-01 -5.527051687240600586e-01 -3.388616144657135010e-01 3.202121555805206299e-01 -2.067676633596420288e-01 -4.669333994388580322e-01 6.344482302665710449e-01 -1.499829590320587158e-01 -5.000000000000000000e-01 7.663560509681701660e-01 1.000000000000000000e+00
-4.590262472629547119e-01 -7.492045313119888306e-02 -2.350869894027709961e+00 1.001789212226867676e+00 -6.648799777030944824e-02 1.338078498840332031e+00 1.862302780151367188e+00 1.046986699104309082e+00 6.116127967834472656e-01 -3.998318612575531006e-01 -2.375050544738769531e+00 1.027078866958618164e+00 -4.282895624637603760e-01 1.214597702026367188e+00 -1.960142850875854492e-01 -5.527051687240600586e-01 2.951056957244873047e+00 3.202121555805206299e-01 -2.067676633596420288e-01 -4.669333994388580322e-01 6.344482302665710449e-01 -1.499829590320587158e-01 -5.000000000000000000e-01 7.663560509681701660e-01 1.000000000000000000e+00
-4.590262472629547119e-01 -1.153509497642517090e+00 -5.034279823303222656e-01 -3.084798157215118408e-01 -6.997070312500000000e-01 -3.179592490196228027e-01 4.493264853954315186e-01 -7.659772634506225586e-01 -1.293722987174987793e+00 -1.359744966030120850e-01 4.608306884765625000e-01 -7.049260139465332031e-01 -4.282895624637603760e-01 -8.233178853988647461e-01 -1.960142850875854492e-01 -5.527051687240600586e-01 -3.388616144657135010e-01 -3.122929334640502930e+00 -2.067676633596420288e-01 -4.669333994388580322e-01 6.344482302665710449e-01 -1.499829590320587158e-01 -5.000000000000000000e-01 7.663560509681701660e-01 1.000000000000000000e+00
-4.590262472629547119e-01 -9.875727295875549316e-01 1.344014048576354980e+00 -7.334319353103637695e-01 -6.997070312500000000e-01 1.338078498840332031e+00 4.493264853954315186e-01 1.046986699104309082e+00 -1.293722987174987793e+00 1.278828680515289307e-01 4.608306884765625000e-01 2.759083747863769531e+00 -4.282895624637603760e-01 -8.233178853988647461e-01 -1.960142850875854492e-01 -5.527051687240600586e-01 -3.388616144657135010e-01 3.202121555805206299e-01 -2.067676633596420288e-01 -4.669333994388580322e-01 6.344482302665710449e-01 -1.499829590320587158e-01 2.000000000000000000e+00 -1.304876565933227539e+00 1.000000000000000000e+00
1.132052540779113770e+00 -1.236477851867675781e+00 -5.034279823303222656e-01 -6.980192661285400391e-01 -6.648799777030944824e-02 1.338078498840332031e+00 4.493264853954315186e-01 1.046986699104309082e+00 1.564280629158020020e+00 5.676451325416564941e-01 -2.375050544738769531e+00 -7.049260139465332031e-01 2.334868907928466797e+00 1.214597702026367188e+00 -1.960142850875854492e-01 -5.527051687240600586e-01 -3.388616144657135010e-01 3.202121555805206299e-01 -2.067676633596420288e-01 -4.669333994388580322e-01 -1.576172709465026855e+00 -1.499829590320587158e-01 -5.000000000000000000e-01 7.663560509681701660e-01 1.000000000000000000e+00
1.132052540779113770e+00 -4.897623956203460693e-01 -1.427148938179016113e+00 -5.917812585830688477e-01 -6.648799777030944824e-02 1.338078498840332031e+00 4.493264853954315186e-01 1.046986699104309082e+00 6.116127967834472656e-01 -1.359744966030120850e-01 -2.375050544738769531e+00 -7.049260139465332031e-01 2.334868907928466797e+00 -8.233178853988647461e-01 -1.960142850875854492e-01 -5.527051687240600586e-01 -3.388616144657135010e-01 3.202121555805206299e-01 -2.067676633596420288e-01 -4.669333994388580322e-01 6.344482302665710449e-01 -1.499829590320587158e-01 2.000000000000000000e+00 -1.304876565933227539e+00 1.000000000000000000e+00
-1.254565596580505371e+00 2.569530904293060303e-01 4.202930629253387451e-01 -8.042573332786560059e-01 -6.997070312500000000e-01 -1.145978093147277832e+00 1.862302780151367188e+00 1.046986699104309082e+00 -1.293722987174987793e+00 1.095359802246093750e+00 -9.571098685264587402e-01 -7.049260139465332031e-01 -4.282895624637603760e-01 -8.233178853988647461e-01 -1.960142850875854492e-01 -5.527051687240600586e-01 -3.388616144657135010e-01 3.202121555805206299e-01 -2.067676633596420288e-01 -4.669333994388580322e-01 6.344482302665710449e-01 -1.499829590320587158e-01 -5.000000000000000000e-01 7.663560509681701660e-01 1.000000000000000000e+00
1.132052540779113770e+00 -9.875727295875549316e-01 1.344014048576354980e+00 -8.396700024604797363e-01 5.667310357093811035e-01 1.338078498840332031e+00 4.493264853954315186e-01 -7.659772634506225586e-01 6.116127967834472656e-01 1.447169661521911621e+00 4.608306884765625000e-01 1.027078866958618164e+00 -4.282895624637603760e-01 1.214597702026367188e+00 -1.960142850875854492e-01 -5.527051687240600586e-01 -3.388616144657135010e-01 3.202121555805206299e-01 -2.067676633596420288e-01 -4.669333994388580322e-01 6.344482302665710449e-01 -1.499829590320587158e-01 -5.000000000000000000e-01 7.663560509681701660e-01 1.000000000000000000e+00
1.132052540779113770e+00 2.569530904293060303e-01 4.202930629253387451e-01 3.289483487606048584e-01 -6.648799777030944824e-02 -3.179592490196228027e-01 4.493264853954315186e-01 1.405047029256820679e-01 -3.410550951957702637e-01 -4.802203923463821411e-02 4.608306884765625000e-01 1.027078866958618164e+00 -4.282895624637603760e-01 -8.233178853988647461e-01 -1.960142850875854492e-01 -5.527051687240600586e-01 -3.388616144657135010e-01 3.202121555805206299e-01 -2.067676633596420288e-01 -4.669333994388580322e-01 6.344482302665710449e-01 -1.499829590320587158e-01 -5.000000000000000000e-01 7.663560509681701660e-01 1.000000000000000000e+00
1.132052540779113770e+00 2.569530904293060303e-01 -5.034279823303222656e-01 -2.517841383814811707e-02 -6.997070312500000000e-01 -1.145978093147277832e+00 -9.636498689651489258e-01 1.046986699104309082e+00 -3.410550951957702637e-01 -8.395941257476806641e-01 4.608306884765625000e-01 -7.049260139465332031e-01 -4.282895624637603760e-01 1.214597702026367188e+00 -1.960142850875854492e-01 -5.527051687240600586e-01 -3.388616144657135010e-01 3.202121555805206299e-01 -2.067676633596420288e-01 -4.669333994388580322e-01 6.344482302665710449e-01 -1.499829590320587158e-01 -5.000000000000000000e-01 7.663560509681701660e-01 1.000000000000000000e+00
1.132052540779113770e+00 2.569530904293060303e-01 1.344014048576354980e+00 -3.438925147056579590e-01 -6.997070312500000000e-01 5.100595951080322266e-01 4.493264853954315186e-01 1.405047029256820679e-01 6.116127967834472656e-01 -4.802203923463821411e-02 4.608306884765625000e-01 1.027078866958618164e+00 -4.282895624637603760e-01 1.214597702026367188e+00 -1.960142850875854492e-01 -5.527051687240600586e-01 2.951056957244873047e+00 3.202121555805206299e-01 -2.067676633596420288e-01 -4.669333994388580322e-01 6.344482302665710449e-01 -1.499829590320587158e-01 -5.000000000000000000e-01 7.663560509681701660e-01 1.000000000000000000e+00
-4.590262472629547119e-01 -7.386675477027893066e-01 -5.034279823303222656e-01 -8.750826716423034668e-01 -6.648799777030944824e-02 -1.145978093147277832e+00 -9.636498689651489258e-01 -7.659772634506225586e-01 -3.410550951957702637e-01 -1.103451490402221680e+00 -2.375050544738769531e+00 -7.049260139465332031e-01 -4.282895624637603760e-01 -8.233178853988647461e-01 -1.960142850875854492e-01 1.809282779693603516e+00 -3.388616144657135010e-01 3.202121555805206299e-01 -2.067676633596420288e-01 -4.669333994388580322e-01 6.344482302665710449e-01 -1.499829590320587158e-01 2.000000000000000000e+00 -1.304876565933227539e+00 1.000000000000000000e+00
-4.590262472629547119e-01 -4.897623956203460693e-01 -1.427148938179016113e+00 -6.980192661285400391e-01 -6.648799777030944824e-02 -3.179592490196228027e-01 1.862302780151367188e+00 -7.659772634506225586e-01 -3.410550951957702637e-01 -9.275465607643127441e-01 4.608306884765625000e-01 -7.049260139465332031e-01 -4.282895624637603760e-01 -8.233178853988647461e-01 -1.960142850875854492e-01 1.809282779693603516e+00 -3.388616144657135010e-01 3.202121555805206299e-01 -2.067676633596420288e-01 2.141633033752441406e+00 -1.576172709465026855e+00 -1.499829590320587158e-01 -5.000000000000000000e-01 7.663560509681701660e-01 1.000000000000000000e+00
-1.254565596580505371e+00 2.569530904293060303e-01 -5.034279823303222656e-01 -5.917812585830688477e-01 -6.997070312500000000e-01 1.338078498840332031e+00 -9.636498689651489258e-01 1.046986699104309082e+00 6.116127967834472656e-01 1.711027026176452637e+00 4.608306884765625000e-01 -7.049260139465332031e-01 -4.282895624637603760e-01 -8.233178853988647461e-01 -1.960142850875854492e-01 -5.527051687240600586e-01 -3.388616144657135010e-01 3.202121555805206299e-01 -2.067676633596420288e-01 -4.669333994388580322e-01 6.344482302665710449e-01 -1.499829590320587158e-01 -5.000000000000000000e-01 7.663560509681701660e-01 1.000000000000000000e+00
3.365131616592407227e-01 -2.408572286367416382e-01 -1.427148938179016113e+00 -6.626065969467163086e-01 1.833169102668762207e+00 5.100595951080322266e-01 4.493264853954315186e-01 1.046986699104309082e+00 6.116127967834472656e-01 1.183312296867370605e+00 -2.375050544738769531e+00 -7.049260139465332031e-01 -4.282895624637603760e-01 -8.233178853988647461e-01 -1.960142850875854492e-01 -5.527051687240600586e-01 -3.388616144657135010e-01 3.202121555805206299e-01 -2.067676633596420288e-01 -4.669333994388580322e-01 6.344482302665710449e-01 -1.499829590320587158e-01 2.000000000000000000e+00 -1.304876565933227539e+00 1.000000000000000000e+00
1.132052540779113770e+00 1.252573728561401367e+00 1.344014048576354980e+00 2.559947013854980469e+00 1.833169102668762207e+00 1.338078498840332031e+00 4.493264853954315186e-01 1.046986699104309082e+00 1.564280629158020020e+00 5.676451325416564941e-01 4.608306884765625000e-01 1.027078866958618164e+00 -4.282895624637603760e-01 -8.233178853988647461e-01 -1.960142850875854492e-01 -5.527051687240600586e-01 2.951056957244873047e+00 3.202121555805206299e-01 -2.067676633596420288e-01 -4.669333994388580322e-01 -1.576172709465026855e+00 -1.499829590320587158e-01 -5.000000000000000000e-01 7.663560509681701660e-01 1.000000000000000000e+00
1.132052540779113770e+00 2.569530904293060303e-01 1.344014048576354980e+00 8.955512046813964844e-01 1.199950098991394043e+00 -3.179592490196228027e-01 4.493264853954315186e-01 -7.659772634506225586e-01 -1.293722987174987793e+00 -7.516416907310485840e-01 4.608306884765625000e-01 1.027078866958618164e+00 -4.282895624637603760e-01 -8.233178853988647461e-01 -1.960142850875854492e-01 -5.527051687240600586e-01 2.951056957244873047e+00 3.202121555805206299e-01 -2.067676633596420288e-01 -4.669333994388580322e-01 6.344482302665710449e-01 -1.499829590320587158e-01 -5.000000000000000000e-01 7.663560509681701660e-01 1.000000000000000000e+00
1.132052540779113770e+00 -4.897623956203460693e-01 -5.034279823303222656e-01 -4.501305520534515381e-01 1.833169102668762207e+00 1.338078498840332031e+00 4.493264853954315186e-01 -7.659772634506225586e-01 6.116127967834472656e-01 -4.802203923463821411e-02 4.608306884765625000e-01 -7.049260139465332031e-01 -4.282895624637603760e-01 -8.233178853988647461e-01 -1.960142850875854492e-01 -5.527051687240600586e-01 -3.388616144657135010e-01 3.202121555805206299e-01 -2.067676633596420288e-01 -4.669333994388580322e-01 6.344482302665710449e-01 -1.499829590320587158e-01 -5.000000000000000000e-01 7.663560509681701660e-01 1.000000000000000000e+00
1.132052540779113770e+00 -7.386675477027893066e-01 1.344014048576354980e+00 -9.459080100059509277e-01 -6.997070312500000000e-01 1.338078498840332031e+00 4.493264853954315186e-01 1.046986699104309082e+00 -1.293722987174987793e+00 1.798979520797729492e+00 4.608306884765625000e-01 -7.049260139465332031e-01 -4.282895624637603760e-01 -8.233178853988647461e-01 -1.960142850875854492e-01 -5.527051687240600586e-01 -3.388616144657135010e-01 3.202121555805206299e-01 -2.067676633596420288e-01 -4.669333994388580322e-01 6.344482302665710449e-01 -1.499829590320587158e-01 -5.000000000000000000e-01 7.663560509681701660e-01 1.000000000000000000e+00
1.132052540779113770e+00 -7.386675477027893066e-01 -5.034279823303222656e-01 -7.688446044921875000e-01 -6.997070312500000000e-01 -3.179592490196228027e-01 1.862302780151367188e+00 -7.659772634506225586e-01 -1.293722987174987793e+00 -8.395941257476806641e-01 4.608306884765625000e-01 -7.049260139465332031e-01 -4.282895624637603760e-01 1.214597702026367188e+00 5.101668834686279297e+00 -5.527051687240600586e-01 -3.388616144657135010e-01 3.202121555805206299e-01 -2.067676633596420288e-01 -4.669333994388580322e-01 6.344482302665710449e-01 -1.499829590320587158e-01 -5.000000000000000000e-01 7.663560509681701660e-01 1.000000000000000000e+00
1.132052540779113770e+00 -4.897623956203460693e-01 -5.034279823303222656e-01 -7.334319353103637695e-01 5.667310357093811035e-01 1.338078498840332031e+00 4.493264853954315186e-01 1.405047029256820679e-01 -3.410550951957702637e-01 1.007407426834106445e+00 -9.571098685264587402e-01 -7.049260139465332031e-01 -4.282895624637603760e-01 1.214597702026367188e+00 -1.960142850875854492e-01 -5.527051687240600586e-01 -3.388616144657135010e-01 3.202121555805206299e-01 -2.067676633596420288e-01 -4.669333994388580322e-01 6.344482302665710449e-01 -1.499829590320587158e-01 -5.000000000000000000e-01 7.663560509681701660e-01 1.000000000000000000e+00
1.132052540779113770e+00 -1.236477851867675781e+00 1.344014048576354980e+00 -1.016733407974243164e+00 -6.648799777030944824e-02 -3.179592490196228027e-01 -9.636498689651489258e-01 1.046986699104309082e+00 6.116127967834472656e-01 1.447169661521911621e+00 4.608306884765625000e-01 1.027078866958618164e+00 -4.282895624637603760e-01 -8.233178853988647461e-01 -1.960142850875854492e-01 1.809282779693603516e+00 -3.388616144657135010e-01 3.202121555805206299e-01 -2.067676633596420288e-01 -4.669333994388580322e-01 6.344482302665710449e-01 -1.499829590320587158e-01 2.000000000000000000e+00 -1.304876565933227539e+00 1.000000000000000000e+00
-1.254565596580505371e+00 -2.408572286367416382e-01 -5.034279823303222656e-01 -8.042573332786560059e-01 -6.997070312500000000e-01 -1.145978093147277832e+00 -9.636498689651489258e-01 -7.659772634506225586e-01 6.116127967834472656e-01 -1.103451490402221680e+00 4.608306884765625000e-01 -7.049260139465332031e-01 -4.282895624637603760e-01 -8.233178853988647461e-01 -1.960142850875854492e-01 1.809282779693603516e+00 -3.388616144657135010e-01 3.202121555805206299e-01 -2.067676633596420288e-01 -4.669333994388580322e-01 6.344482302665710449e-01 -1.499829590320587158e-01 2.000000000000000000e+00 -1.304876565933227539e+00 1.000000000000000000e+00
-4.590262472629547119e-01 2.569530904293060303e-01 -5.034279823303222656e-01 -6.059109047055244446e-02 -6.648799777030944824e-02 1.338078498840332031e+00 4.493264853954315186e-01 1.046986699104309082e+00 1.564280629158020020e+00 -4.877842962741851807e-01 4.608306884765625000e-01 -7.049260139465332031e-01 -4.282895624637603760e-01 -8.233178853988647461e-01 -1.960142850875854492e-01 -5.527051687240600586e-01 -3.388616144657135010e-01 3.202121555805206299e-01 -2.067676633596420288e-01 -4.669333994388580322e-01 -1.576172709465026855e+00 -1.499829590320587158e-01 -5.000000000000000000e-01 7.663560509681701660e-01 1.000000000000000000e+00
-1.254565596580505371e+00 2.569530904293060303e-01 -5.034279823303222656e-01 -6.059109047055244446e-02 -6.997070312500000000e-01 -1.145978093147277832e+00 4.493264853954315186e-01 -1.672459244728088379e+00 1.564280629158020020e+00 -1.191403985023498535e+00 -2.375050544738769531e+00 -7.049260139465332031e-01 -4.282895624637603760e-01 -8.233178853988647461e-01 -1.960142850875854492e-01 -5.527051687240600586e-01 -3.388616144657135010e-01 3.202121555805206299e-01 -2.067676633596420288e-01 -4.669333994388580322e-01 -1.576172709465026855e+00 -1.499829590320587158e-01 -5.000000000000000000e-01 7.663560509681701660e-01 1.000000000000000000e+00
1.132052540779113770e+00 -1.402414679527282715e+00 1.344014048576354980e+00 -6.271939277648925781e-01 -6.997070312500000000e-01 5.100595951080322266e-01 4.493264853954315186e-01 -1.672459244728088379e+00 -1.293722987174987793e+00 5.676451325416564941e-01 4.608306884765625000e-01 1.027078866958618164e+00 2.334868907928466797e+00 -8.233178853988647461e-01 -1.960142850875854492e-01 -5.527051687240600586e-01 -3.388616144657135010e-01 3.202121555805206299e-01 -2.067676633596420288e-01 -4.669333994388580322e-01 6.344482302665710449e-01 -1.499829590320587158e-01 2.000000000000000000e+00 -1.304876565933227539e+00 1.000000000000000000e+00
-1.254565596580505371e+00 2.569530904293060303e-01 -5.034279823303222656e-01 -9.600377082824707031e-02 1.833169102668762207e+00 -3.179592490196228027e-01 1.862302780151367188e+00 1.046986699104309082e+00 6.116127967834472656e-01 -1.367308855056762695e+00 4.608306884765625000e-01 -7.049260139465332031e-01 -4.282895624637603760e-01 -8.233178853988647461e-01 -1.960142850875854492e-01 -5.527051687240600586e-01 -3.388616144657135010e-01 3.202121555805206299e-01 -2.067676633596420288e-01 -4.669333994388580322e-01 6.344482302665710449e-01 -1.499829590320587158e-01 -5.000000000000000000e-01 7.663560509681701660e-01 1.000000000000000000e+00
1.132052540779113770e+00 2.248194456100463867e+00 1.344014048576354980e+00 1.993344187736511230e+00 1.833169102668762207e+00 5.100595951080322266e-01 4.493264853954315186e-01 -1.672459244728088379e+00 1.564280629158020020e+00 -4.802203923463821411e-02 4.608306884765625000e-01 1.027078866958618164e+00 -4.282895624637603760e-01 1.214597702026367188e+00 -1.960142850875854492e-01 -5.527051687240600586e-01 2.951056957244873047e+00 3.202121555805206299e-01 -2.067676633596420288e-01 -4.669333994388580322e-01 -1.576172709465026855e+00 -1.499829590320587158e-01 -5.000000000000000000e-01 7.663560509681701660e-01 1.000000000000000000e+00
-4.590262472629547119e-01 8.047933690249919891e-03 -5.034279823303222656e-01 -1.668291240930557251e-01 -6.648799777030944824e-02 1.338078498840332031e+00 -2.376626253128051758e+00 -7.659772634506225586e-01 6.116127967834472656e-01 2.238741874694824219e+00 -2.375050544738769531e+00 1.027078866958618164e+00 -4.282895624637603760e-01 -8.233178853988647461e-01 -1.960142850875854492e-01 -5.527051687240600586e-01 -3.388616144657135010e-01 3.202121555805206299e-01 -2.067676633596420288e-01 2.141633033752441406e+00 -1.576172709465026855e+00 -1.499829590320587158e-01 2.000000000000000000e+00 -1.304876565933227539e+00 1.000000000000000000e+00
-1.254565596580505371e+00 -7.386675477027893066e-01 -5.034279823303222656e-01 -9.104953408241271973e-01 -6.997070312500000000e-01 -3.179592490196228027e-01 4.493264853954315186e-01 1.405047029256820679e-01 -3.410550951957702637e-01 2.158353179693222046e-01 4.608306884765625000e-01 -7.049260139465332031e-01 2.334868907928466797e+00 -8.233178853988647461e-01 -1.960142850875854492e-01 -5.527051687240600586e-01 -3.388616144657135010e-01 -3.122929334640502930e+00 -2.067676633596420288e-01 -4.669333994388580322e-01 6.344482302665710449e-01 -1.499829590320587158e-01 2.000000000000000000e+00 -1.304876565933227539e+00 1.000000000000000000e+00
1.132052540779113770e+00 2.248194456100463867e+00 -5.034279823303222656e-01 2.453708887100219727e+00 1.833169102668762207e+00 5.100595951080322266e-01 4.493264853954315186e-01 1.405047029256820679e-01 6.116127967834472656e-01 1.278828680515289307e-01 -9.571098685264587402e-01 -7.049260139465332031e-01 -4.282895624637603760e-01 1.214597702026367188e+00 -1.960142850875854492e-01 -5.527051687240600586e-01 -3.388616144657135010e-01 3.202121555805206299e-01 -2.067676633596420288e-01 -4.669333994388580322e-01 6.344482302665710449e-01 -1.499829590320587158e-01 -5.000000000000000000e-01 7.663560509681701660e-01 1.000000000000000000e+00
1.132052540779113770e+00 2.569530904293060303e-01 -5.034279823303222656e-01 -1.668291240930557251e-01 5.667310357093811035e-01 1.338078498840332031e+00 4.493264853954315186e-01 1.046986699104309082e+00 -3.410550951957702637e-01 1.535122156143188477e+00 4.608306884765625000e-01 -7.049260139465332031e-01 -4.282895624637603760e-01 -8.233178853988647461e-01 -1.960142850875854492e-01 -5.527051687240600586e-01 -3.388616144657135010e-01 3.202121555805206299e-01 -2.067676633596420288e-01 -4.669333994388580322e-01 6.344482302665710449e-01 -1.499829590320587158e-01 -5.000000000000000000e-01 7.663560509681701660e-01 1.000000000000000000e+00
-1.254565596580505371e+00 -7.386675477027893066e-01 -5.034279823303222656e-01 -6.980192661285400391e-01 -6.997070312500000000e-01 -3.179592490196228027e-01 4.493264853954315186e-01 -1.672459244728088379e+00 -3.410550951957702637e-01 -1.279356360435485840e+00 4.608306884765625000e-01 -7.049260139465332031e-01 -4.282895624637603760e-01 -8.233178853988647461e-01 -1.960142850875854492e-01 -5.527051687240600586e-01 -3.388616144657135010e-01 -3.122929334640502930e+00 -2.067676633596420288e-01 -4.669333994388580322e-01 6.344482302665710449e-01 -1.499829590320587158e-01 2.000000000000000000e+00 -1.304876565933227539e+00 1.000000000000000000e+00
1.132052540779113770e+00 -2.408572286367416382e-01 -5.034279823303222656e-01 1.249678015708923340e+00 1.833169102668762207e+00 -3.179592490196228027e-01 4.493264853954315186e-01 1.046986699104309082e+00 6.116127967834472656e-01 2.854408979415893555e+00 4.608306884765625000e-01 1.027078866958618164e+00 -4.282895624637603760e-01 -8.233178853988647461e-01 -1.960142850875854492e-01 1.809282779693603516e+00 -3.388616144657135010e-01 3.202121555805206299e-01 -2.067676633596420288e-01 2.141633033752441406e+00 -1.576172709465026855e+00 -1.499829590320587158e-01 -5.000000000000000000e-01 7.663560509681701660e-01 1.000000000000000000e+00
1.132052540779113770e+00 1.252573728561401367e+00 -5.034279823303222656e-01 2.737010478973388672e+00 -6.997070312500000000e-01 -1.973996996879577637e+00 -9.636498689651489258e-01 -7.659772634506225586e-01 6.116127967834472656e-01 -8.395941257476806641e-01 4.608306884765625000e-01 1.027078866958618164e+00 -4.282895624637603760e-01 1.214597702026367188e+00 -1.960142850875854492e-01 -5.527051687240600586e-01 -3.388616144657135010e-01 3.202121555805206299e-01 -2.067676633596420288e-01 -4.669333994388580322e-01 6.344482302665710449e-01 -1.499829590320587158e-01 -5.000000000000000000e-01 -1.304876565933227539e+00 1.000000000000000000e+00
1.132052540779113770e+00 -7.386675477027893066e-01 -5.034279823303222656e-01 -5.209559202194213867e-01 -6.997070312500000000e-01 -3.179592490196228027e-01 4.493264853954315186e-01 -7.659772634506225586e-01 -1.293722987174987793e+00 -1.015498995780944824e+00 4.608306884765625000e-01 -7.049260139465332031e-01 -4.282895624637603760e-01 -8.233178853988647461e-01 -1.960142850875854492e-01 -5.527051687240600586e-01 -3.388616144657135010e-01 3.202121555805206299e-01 -2.067676633596420288e-01 2.141633033752441406e+00 -1.576172709465026855e+00 -1.499829590320587158e-01 2.000000000000000000e+00 -1.304876565933227539e+00 1.000000000000000000e+00
-1.254565596580505371e+00 2.569530904293060303e-01 -5.034279823303222656e-01 -6.626065969467163086e-01 -6.997070312500000000e-01 5.100595951080322266e-01 -9.636498689651489258e-01 1.046986699104309082e+00 6.116127967834472656e-01 -1.103451490402221680e+00 4.608306884765625000e-01 1.027078866958618164e+00 -4.282895624637603760e-01 -8.233178853988647461e-01 -1.960142850875854492e-01 1.809282779693603516e+00 -3.388616144657135010e-01 3.202121555805206299e-01 -2.067676633596420288e-01 2.141633033752441406e+00 -1.576172709465026855e+00 -1.499829590320587158e-01 -5.000000000000000000e-01 7.663560509681701660e-01 1.000000000000000000e+00
-4.590262472629547119e-01 2.569530904293060303e-01 4.202930629253387451e-01 -3.438925147056579590e-01 1.833169102668762207e+00 -1.145978093147277832e+00 4.493264853954315186e-01 -7.659772634506225586e-01 -3.410550951957702637e-01 -5.757367610931396484e-01 -2.375050544738769531e+00 -7.049260139465332031e-01 -4.282895624637603760e-01 -8.233178853988647461e-01 -1.960142850875854492e-01 -5.527051687240600586e-01 -3.388616144657135010e-01 3.202121555805206299e-01 -2.067676633596420288e-01 -4.669333994388580322e-01 6.344482302665710449e-01 -1.499829590320587158e-01 2.000000000000000000e+00 -1.304876565933227539e+00 1.000000000000000000e+00
-1.254565596580505371e+00 -1.236477851867675781e+00 -5.034279823303222656e-01 -6.626065969467163086e-01 5.667310357093811035e-01 -1.973996996879577637e+00 -9.636498689651489258e-01 -7.659772634506225586e-01 -3.410550951957702637e-01 -1.103451490402221680e+00 4.608306884765625000e-01 -7.049260139465332031e-01 -4.282895624637603760e-01 1.214597702026367188e+00 -1.960142850875854492e-01 -5.527051687240600586e-01 2.951056957244873047e+00 3.202121555805206299e-01 -2.067676633596420288e-01 2.141633033752441406e+00 -1.576172709465026855e+00 6.667424201965332031e+00 -5.000000000000000000e-01 -1.304876565933227539e+00 1.000000000000000000e+00
1.132052540779113770e+00 -7.386675477027893066e-01 1.344014048576354980e+00 1.164722964167594910e-01 1.833169102668762207e+00 -1.145978093147277832e+00 4.493264853954315186e-01 -1.672459244728088379e+00 -3.410550951957702637e-01 1.278828680515289307e-01 4.608306884765625000e-01 1.027078866958618164e+00 2.334868907928466797e+00 -8.233178853988647461e-01 -1.960142850875854492e-01 -5.527051687240600586e-01 -3.388616144657135010e-01 3.202121555805206299e-01 -2.067676633596420288e-01 -4.669333994388580322e-01 6.344482302665710449e-01 -1.499829590320587158e-01 2.000000000000000000e+00 -1.304876565933227539e+00 1.000000000000000000e+00
-1.254565596580505371e+00 -9.875727295875549316e-01 -5.034279823303222656e-01 -6.626065969467163086e-01 -6.997070312500000000e-01 -1.145978093147277832e+00 4.493264853954315186e-01 -7.659772634506225586e-01 1.564280629158020020e+00 -7.516416907310485840e-01 4.608306884765625000e-01 -7.049260139465332031e-01 -4.282895624637603760e-01 1.214597702026367188e+00 -1.960142850875854492e-01 1.809282779693603516e+00 -3.388616144657135010e-01 3.202121555805206299e-01 -2.067676633596420288e-01 -4.669333994388580322e-01 -1.576172709465026855e+00 -1.499829590320587158e-01 -5.000000000000000000e-01 -1.304876565933227539e+00 1.000000000000000000e+00
1.132052540779113770e+00 -7.386675477027893066e-01 1.344014048576354980e+00 -9.104953408241271973e-01 -6.648799777030944824e-02 5.100595951080322266e-01 -9.636498689651489258e-01 1.405047029256820679e-01 6.116127967834472656e-01 1.359217166900634766e+00 4.608306884765625000e-01 1.027078866958618164e+00 -4.282895624637603760e-01 1.214597702026367188e+00 -1.960142850875854492e-01 1.809282779693603516e+00 -3.388616144657135010e-01 3.202121555805206299e-01 -2.067676633596420288e-01 -4.669333994388580322e-01 6.344482302665710449e-01 -1.499829590320587158e-01 -5.000000000000000000e-01 7.663560509681701660e-01 1.000000000000000000e+00
1.132052540779113770e+00 -7.386675477027893066e-01 1.344014048576354980e+00 -8.396700024604797363e-01 1.833169102668762207e+00 1.338078498840332031e+00 4.493264853954315186e-01 1.046986699104309082e+00 -1.293722987174987793e+00 2.590551614761352539e+00 4.608306884765625000e-01 4.491088867187500000e+00 -4.282895624637603760e-01 -8.233178853988647461e-01 -1.960142850875854492e-01 -5.527051687240600586e-01 -3.388616144657135010e-01 3.202121555805206299e-01 -2.067676633596420288e-01 -4.669333994388580322e-01 6.344482302665710449e-01 -1.499829590320587158e-01 -5.000000000000000000e-01 7.663560509681701660e-01 1.000000000000000000e+00
1.132052540779113770e+00 2.248194456100463867e+00 -1.427148938179016113e+00 1.164722964167594910e-01 -6.997070312500000000e-01 -3.179592490196228027e-01 -9.636498689651489258e-01 -1.672459244728088379e+00 -1.293722987174987793e+00 -7.516416907310485840e-01 -9.571098685264587402e-01 -7.049260139465332031e-01 -4.282895624637603760e-01 -8.233178853988647461e-01 -1.960142850875854492e-01 -5.527051687240600586e-01 -3.388616144657135010e-01 3.202121555805206299e-01 -2.067676633596420288e-01 -4.669333994388580322e-01 6.344482302665710449e-01 -1.499829590320587158e-01 -5.000000000000000000e-01 7.663560509681701660e-01 1.000000000000000000e+00
1.132052540779113770e+00 -7.386675477027893066e-01 1.344014048576354980e+00 -6.980192661285400391e-01 1.833169102668762207e+00 1.338078498840332031e+00 4.493264853954315186e-01 1.046986699104309082e+00 1.564280629158020020e+00 1.886931896209716797e+00 4.608306884765625000e-01 -7.049260139465332031e-01 -4.282895624637603760e-01 -8.233178853988647461e-01 -1.960142850875854492e-01 -5.527051687240600586e-01 -3.388616144657135010e-01 3.202121555805206299e-01 -2.067676633596420288e-01 2.141633033752441406e+00 -1.576172709465026855e+00 -1.499829590320587158e-01 2.000000000000000000e+00 -1.304876565933227539e+00 1.000000000000000000e+00
-4.590262472629547119e-01 -2.408572286367416382e-01 1.344014048576354980e+00 1.108027219772338867e+00 -6.997070312500000000e-01 1.338078498840332031e+00 4.493264853954315186e-01 -1.672459244728088379e+00 1.564280629158020020e+00 4.796926975250244141e-01 4.608306884765625000e-01 -7.049260139465332031e-01 -4.282895624637603760e-01 1.214597702026367188e+00 -1.960142850875854492e-01 -5.527051687240600586e-01 -3.388616144657135010e-01 3.202121555805206299e-01 -2.067676633596420288e-01 -4.669333994388580322e-01 6.344482302665710449e-01 -1.499829590320587158e-01 -5.000000000000000000e-01 7.663560509681701660e-01 1.000000000000000000e+00
1.132052540779113770e+00 2.248194456100463867e+00 1.344014048576354980e+00 1.532979369163513184e+00 1.833169102668762207e+00 1.338078498840332031e+00 -2.376626253128051758e+00 -7.659772634506225586e-01 6.116127967834472656e-01 9.194549322128295898e-01 -2.375050544738769531e+00 1.027078866958618164e+00 2.334868907928466797e+00 -8.233178853988647461e-01 -1.960142850875854492e-01 -5.527051687240600586e-01 -3.388616144657135010e-01 3.202121555805206299e-01 -2.067676633596420288e-01 -4.669333994388580322e-01 6.344482302665710449e-01 -1.499829590320587158e-01 -5.000000000000000000e-01 -1.304876565933227539e+00 1.000000000000000000e+00
-4.590262472629547119e-01 8.047933690249919891e-03 4.202930629253387451e-01 -3.084798157215118408e-01 -6.997070312500000000e-01 -3.179592490196228027e-01 -2.376626253128051758e+00 1.046986699104309082e+00 -3.410550951957702637e-01 1.007407426834106445e+00 4.608306884765625000e-01 1.027078866958618164e+00 -4.282895624637603760e-01 -8.233178853988647461e-01 -1.960142850875854492e-01 1.809282779693603516e+00 -3.388616144657135010e-01 3.202121555805206299e-01 -2.067676633596420288e-01 -4.669333994388580322e-01 6.344482302665710449e-01 -1.499829590320587158e-01 -5.000000000000000000e-01 7.663560509681701660e-01 1.000000000000000000e+00
-1.254565596580505371e+00 -2.408572286367416382e-01 -5.034279823303222656e-01 -4.501305520534515381e-01 -6.997070312500000000e-01 -3.179592490196228027e-01 -9.636498689651489258e-01 1.046986699104309082e+00 -1.293722987174987793e+00 -1.367308855056762695e+00 -2.375050544738769531e+00 -7.049260139465332031e-01 -4.282895624637603760e-01 -8.233178853988647461e-01 -1.960142850875854492e-01 -5.527051687240600586e-01 -3.388616144657135010e-01 3.202121555805206299e-01 -2.067676633596420288e-01 2.141633033752441406e+00 -1.576172709465026855e+00 -1.499829590320587158e-01 -5.000000000000000000e-01 7.663560509681701660e-01 1.000000000000000000e+00
1.132052540779113770e+00 2.569530904293060303e-01 1.344014048576354980e+00 6.830751299858093262e-01 -6.997070312500000000e-01 1.338078498840332031e+00 4.493264853954315186e-01 1.046986699104309082e+00 6.116127967834472656e-01 -2.239269465208053589e-01 4.608306884765625000e-01 -7.049260139465332031e-01 -4.282895624637603760e-01 1.214597702026367188e+00 -1.960142850875854492e-01 -5.527051687240600586e-01 -3.388616144657135010e-01 3.202121555805206299e-01 -2.067676633596420288e-01 -4.669333994388580322e-01 6.344482302665710449e-01 -1.499829590320587158e-01 -5.000000000000000000e-01 7.663560509681701660e-01 1.000000000000000000e+00
1.132052540779113770e+00 7.547634243965148926e-01 1.344014048576354980e+00 1.214265227317810059e+00 1.833169102668762207e+00 5.100595951080322266e-01 4.493264853954315186e-01 1.405047029256820679e-01 -3.410550951957702637e-01 3.993041440844535828e-02 4.608306884765625000e-01 1.027078866958618164e+00 -4.282895624637603760e-01 -8.233178853988647461e-01 -1.960142850875854492e-01 -5.527051687240600586e-01 -3.388616144657135010e-01 3.202121555805206299e-01 -2.067676633596420288e-01 -4.669333994388580322e-01 6.344482302665710449e-01 -1.499829590320587158e-01 -5.000000000000000000e-01 7.663560509681701660e-01 1.000000000000000000e+00
-1.254565596580505371e+00 2.569530904293060303e-01 -5.034279823303222656e-01 -8.396700024604797363e-01 1.833169102668762207e+00 1.338078498840332031e+00 -9.636498689651489258e-01 -7.659772634506225586e-01 6.116127967834472656e-01 -5.757367610931396484e-01 -2.375050544738769531e+00 -7.049260139465332031e-01 -4.282895624637603760e-01 -8.233178853988647461e-01 -1.960142850875854492e-01 1.809282779693603516e+00 -3.388616144657135010e-01 3.202121555805206299e-01 -2.067676633596420288e-01 -4.669333994388580322e-01 6.344482302665710449e-01 -1.499829590320587158e-01 -5.000000000000000000e-01 7.663560509681701660e-01 1.000000000000000000e+00
-1.254565596580505371e+00 2.569530904293060303e-01 -5.034279823303222656e-01 -7.334319353103637695e-01 -6.997070312500000000e-01 -1.145978093147277832e+00 -9.636498689651489258e-01 1.046986699104309082e+00 -3.410550951957702637e-01 -1.015498995780944824e+00 4.608306884765625000e-01 -7.049260139465332031e-01 -4.282895624637603760e-01 -8.233178853988647461e-01 -1.960142850875854492e-01 1.809282779693603516e+00 -3.388616144657135010e-01 3.202121555805206299e-01 -2.067676633596420288e-01 2.141633033752441406e+00 -1.576172709465026855e+00 -1.499829590320587158e-01 -5.000000000000000000e-01 7.663560509681701660e-01 1.000000000000000000e+00
-1.254565596580505371e+00 -7.386675477027893066e-01 -5.034279823303222656e-01 -7.334319353103637695e-01 -6.997070312500000000e-01 -3.179592490196228027e-01 1.862302780151367188e+00 1.405047029256820679e-01 -1.293722987174987793e+00 -7.516416907310485840e-01 4.608306884765625000e-01 -7.049260139465332031e-01 -4.282895624637603760e-01 -8.233178853988647461e-01 -1.960142850875854492e-01 1.809282779693603516e+00 -3.388616144657135010e-01 3.202121555805206299e-01 -2.067676633596420288e-01 -4.669333994388580322e-01 6.344482302665710449e-01 -1.499829590320587158e-01 2.000000000000000000e+00 -1.304876565933227539e+00 1.000000000000000000e+00
-1.254565596580505371e+00 3.243814945220947266e+00 -5.034279823303222656e-01 1.426741361618041992e+00 -6.997070312500000000e-01 1.338078498840332031e+00 4.493264853954315186e-01 1.046986699104309082e+00 1.564280629158020020e+00 3.993041440844535828e-02 4.608306884765625000e-01 -7.049260139465332031e-01 -4.282895624637603760e-01 -8.233178853988647461e-01 -1.960142850875854492e-01 -5.527051687240600586e-01 -3.388616144657135010e-01 -3.122929334640502930e+00 4.836346149444580078e+00 2.141633033752441406e+00 -1.576172709465026855e+00 -1.499829590320587158e-01 -5.000000000000000000e-01 7.663560509681701660e-01 1.000000000000000000e+00
-1.254565596580505371e+00 2.569530904293060303e-01 -1.427148938179016113e+00 -2.517841383814811707e-02 -6.997070312500000000e-01 -3.179592490196228027e-01 4.493264853954315186e-01 -7.659772634506225586e-01 -3.410550951957702637e-01 -3.998318612575531006e-01 4.608306884765625000e-01 -7.049260139465332031e-01 -4.282895624637603760e-01 1.214597702026367188e+00 -1.960142850875854492e-01 -5.527051687240600586e-01 -3.388616144657135010e-01 3.202121555805206299e-01 -2.067676633596420288e-01 2.141633033752441406e+00 -1.576172709465026855e+00 -1.499829590320587158e-01 -5.000000000000000000e-01 7.663560509681701660e-01 1.000000000000000000e+00
1.132052540779113770e+00 2.569530904293060303e-01 1.344014048576354980e+00 -3.084798157215118408e-01 1.833169102668762207e+00 1.338078498840332031e+00 4.493264853954315186e-01 1.046986699104309082e+00 -3.410550951957702637e-01 1.535122156143188477e+00 4.608306884765625000e-01 1.027078866958618164e+00 -4.282895624637603760e-01 -8.233178853988647461e-01 -1.960142850875854492e-01 -5.527051687240600586e-01 -3.388616144657135010e-01 3.202121555805206299e-01 -2.067676633596420288e-01 -4.669333994388580322e-01 6.344482302665710449e-01 -1.499829590320587158e-01 -5.000000000000000000e-01 7.663560509681701660e-01 1.000000000000000000e+00
1.132052540779113770e+00 2.569530904293060303e-01 -5.034279823303222656e-01 7.893131375312805176e-01 -6.648799777030944824e-02 -3.179592490196228027e-01 4.493264853954315186e-01 -1.672459244728088379e+00 6.116127967834472656e-01 -9.275465607643127441e-01 -9.571098685264587402e-01 -7.049260139465332031e-01 -4.282895624637603760e-01 -8.233178853988647461e-01 -1.960142850875854492e-01 -5.527051687240600586e-01 -3.388616144657135010e-01 3.202121555805206299e-01 -2.067676633596420288e-01 -4.669333994388580322e-01 6.344482302665710449e-01 -1.499829590320587158e-01 -5.000000000000000000e-01 7.663560509681701660e-01 1.000000000000000000e+00
1.132052540779113770e+00 2.569530904293060303e-01 -5.034279823303222656e-01 2.134994983673095703e+00 1.833169102668762207e+00 -3.179592490196228027e-01 -2.376626253128051758e+00 1.046986699104309082e+00 1.564280629158020020e+00 1.095359802246093750e+00 4.608306884765625000e-01 -7.049260139465332031e-01 -4.282895624637603760e-01 1.214597702026367188e+00 -1.960142850875854492e-01 -5.527051687240600586e-01 2.951056957244873047e+00 3.202121555805206299e-01 -2.067676633596420288e-01 -4.669333994388580322e-01 -1.576172709465026855e+00 -1.499829590320587158e-01 -5.000000000000000000e-01 7.663560509681701660e-01 1.000000000000000000e+00
-4.590262472629547119e-01 -7.386675477027893066e-01 -5.034279823303222656e-01 -8.750826716423034668e-01 1.833169102668762207e+00 1.338078498840332031e+00 4.493264853954315186e-01 1.046986699104309082e+00 -3.410550951957702637e-01 2.158353179693222046e-01 4.608306884765625000e-01 1.027078866958618164e+00 -4.282895624637603760e-01 -8.233178853988647461e-01 -1.960142850875854492e-01 -5.527051687240600586e-01 -3.388616144657135010e-01 3.202121555805206299e-01 -2.067676633596420288e-01 -4.669333994388580322e-01 6.344482302665710449e-01 -1.499829590320587158e-01 -5.000000000000000000e-01 7.663560509681701660e-01 1.000000000000000000e+00
-1.254565596580505371e+00 -2.408572286367416382e-01 -5.034279823303222656e-01 8.105961978435516357e-02 -6.997070312500000000e-01 5.100595951080322266e-01 -9.636498689651489258e-01 -1.672459244728088379e+00 -1.293722987174987793e+00 -9.275465607643127441e-01 4.608306884765625000e-01 -7.049260139465332031e-01 -4.282895624637603760e-01 -8.233178853988647461e-01 -1.960142850875854492e-01 -5.527051687240600586e-01 -3.388616144657135010e-01 -3.122929334640502930e+00 -2.067676633596420288e-01 -4.669333994388580322e-01 6.344482302665710449e-01 -1.499829590320587158e-01 -5.000000000000000000e-01 7.663560509681701660e-01 1.000000000000000000e+00
1.132052540779113770e+00 7.547634243965148926e-01 -5.034279823303222656e-01 -3.438925147056579590e-01 5.667310357093811035e-01 1.338078498840332031e+00 4.493264853954315186e-01 -7.659772634506225586e-01 6.116127967834472656e-01 -4.877842962741851807e-01 -2.375050544738769531e+00 -7.049260139465332031e-01 -4.282895624637603760e-01 -8.233178853988647461e-01 -1.960142850875854492e-01 -5.527051687240600586e-01 -3.388616144657135010e-01 3.202121555805206299e-01 -2.067676633596420288e-01 -4.669333994388580322e-01 6.344482302665710449e-01 -1.499829590320587158e-01 -5.000000000000000000e-01 -1.304876565933227539e+00 1.000000000000000000e+00
1.132052540779113770e+00 -9.875727295875549316e-01 -5.034279823303222656e-01 1.164722964167594910e-01 -6.648799777030944824e-02 -3.179592490196228027e-01 4.493264853954315186e-01 -7.659772634506225586e-01 -1.293722987174987793e+00 -8.395941257476806641e-01 4.608306884765625000e-01 -7.049260139465332031e-01 2.334868907928466797e+00 -8.233178853988647461e-01 5.101668834686279297e+00 1.809282779693603516e+00 -3.388616144657135010e-01 -3.122929334640502930e+00 -2.067676633596420288e-01 2.141633033752441406e+00 -1.576172709465026855e+00 -1.499829590320587158e-01 -5.000000000000000000e-01 7.663560509681701660e-01 1.000000000000000000e+00
1.132052540779113770e+00 2.569530904293060303e-01 -5.034279823303222656e-01 4.564693942666053772e-02 5.667310357093811035e-01 1.338078498840332031e+00 4.493264853954315186e-01 -7.659772634506225586e-01 6.116127967834472656e-01 -3.998318612575531006e-01 4.608306884765625000e-01 -7.049260139465332031e-01 2.334868907928466797e+00 1.214597702026367188e+00 -1.960142850875854492e-01 -5.527051687240600586e-01 -3.388616144657135010e-01 3.202121555805206299e-01 -2.067676633596420288e-01 -4.669333994388580322e-01 6.344482302665710449e-01 -1.499829590320587158e-01 -5.000000000000000000e-01 7.663560509681701660e-01 1.000000000000000000e+00
3.365131616592407227e-01 -7.386675477027893066e-01 -5.034279823303222656e-01 -6.980192661285400391e-01 -6.997070312500000000e-01 -3.179592490196228027e-01 1.862302780151367188e+00 1.046986699104309082e+00 -1.293722987174987793e+00 -1.103451490402221680e+00 4.608306884765625000e-01 -7.049260139465332031e-01 -4.282895624637603760e-01 -8.233178853988647461e-01 -1.960142850875854492e-01 -5.527051687240600586e-01 -3.388616144657135010e-01 3.202121555805206299e-01 -2.067676633596420288e-01 2.141633033752441406e+00 -1.576172709465026855e+00 -1.499829590320587158e-01 -5.000000000000000000e-01 7.663560509681701660e-01 1.000000000000000000e+00
3.365131616592407227e-01 1.750384092330932617e+00 1.344014048576354980e+00 5.414243936538696289e-01 -6.997070312500000000e-01 1.338078498840332031e+00 4.493264853954315186e-01 1.046986699104309082e+00 1.564280629158020020e+00 1.798979520797729492e+00 4.608306884765625000e-01 -7.049260139465332031e-01 -4.282895624637603760e-01 -8.233178853988647461e-01 -1.960142850875854492e-01 -5.527051687240600586e-01 2.951056957244873047e+00 3.202121555805206299e-01 -2.067676633596420288e-01 -4.669333994388580322e-01 -1.576172709465026855e+00 -1.499829590320587158e-01 -5.000000000000000000e-01 7.663560509681701660e-01 1.000000000000000000e+00
1.132052540779113770e+00 -1.236477851867675781e+00 -5.034279823303222656e-01 -9.104953408241271973e-01 -6.997070312500000000e-01 -1.973996996879577637e+00 -9.636498689651489258e-01 1.046986699104309082e+00 -1.293722987174987793e+00 1.623074531555175781e+00 4.608306884765625000e-01 -7.049260139465332031e-01 -4.282895624637603760e-01 1.214597702026367188e+00 -1.960142850875854492e-01 1.809282779693603516e+00 -3.388616144657135010e-01 3.202121555805206299e-01 -2.067676633596420288e-01 -4.669333994388580322e-01 6.344482302665710449e-01 6.667424201965332031e+00 -5.000000000000000000e-01 -1.304876565933227539e+00 1.000000000000000000e+00
1.132052540779113770e+00 -7.386675477027893066e-01 1.344014048576354980e+00 -6.271939277648925781e-01 -6.997070312500000000e-01 1.338078498840332031e+00 4.493264853954315186e-01 -1.672459244728088379e+00 -1.293722987174987793e+00 2.158353179693222046e-01 4.608306884765625000e-01 1.027078866958618164e+00 2.334868907928466797e+00 -8.233178853988647461e-01 -1.960142850875854492e-01 1.809282779693603516e+00 -3.388616144657135010e-01 3.202121555805206299e-01 -2.067676633596420288e-01 -4.669333994388580322e-01 6.344482302665710449e-01 -1.499829590320587158e-01 2.000000000000000000e+00 -1.304876565933227539e+00 1.000000000000000000e+00
-1.254565596580505371e+00 7.547634243965148926e-01 -5.034279823303222656e-01 1.164722964167594910e-01 1.199950098991394043e+00 1.338078498840332031e+00 -9.636498689651489258e-01 1.046986699104309082e+00 -3.410550951957702637e-01 1.886931896209716797e+00 4.608306884765625000e-01 1.027078866958618164e+00 -4.282895624637603760e-01 1.214597702026367188e+00 -1.960142850875854492e-01 -5.527051687240600586e-01 -3.388616144657135010e-01 3.202121555805206299e-01 -2.067676633596420288e-01 2.141633033752441406e+00 -1.576172709465026855e+00 -1.499829590320587158e-01 -5.000000000000000000e-01 7.663560509681701660e-01 1.000000000000000000e+00
-4.590262472629547119e-01 2.248194456100463867e+00 -2.350869894027709961e+00 1.872976422309875488e-01 -6.648799777030944824e-02 5.100595951080322266e-01 4.493264853954315186e-01 1.046986699104309082e+00 1.564280629158020020e+00 -1.359744966030120850e-01 4.608306884765625000e-01 -7.049260139465332031e-01 2.334868907928466797e+00 -8.233178853988647461e-01 -1.960142850875854492e-01 -5.527051687240600586e-01 -3.388616144657135010e-01 3.202121555805206299e-01 -2.067676633596420288e-01 -4.669333994388580322e-01 -1.576172709465026855e+00 -1.499829590320587158e-01 2.000000000000000000e+00 -1.304876565933227539e+00 1.000000000000000000e+00
1.132052540779113770e+00 -1.319446206092834473e+00 -5.034279823303222656e-01 4.564693942666053772e-02 -6.997070312500000000e-01 5.100595951080322266e-01 4.493264853954315186e-01 1.046986699104309082e+00 -1.293722987174987793e+00 3.382123708724975586e+00 4.608306884765625000e-01 -7.049260139465332031e-01 -4.282895624637603760e-01 -8.233178853988647461e-01 -1.960142850875854492e-01 -5.527051687240600586e-01 -3.388616144657135010e-01 3.202121555805206299e-01 -2.067676633596420288e-01 -4.669333994388580322e-01 6.344482302665710449e-01 -1.499829590320587158e-01 2.000000000000000000e+00 -1.304876565933227539e+00 1.000000000000000000e+00
-4.590262472629547119e-01 1.252573728561401367e+00 4.202930629253387451e-01 -1.314164400100708008e-01 -6.648799777030944824e-02 1.338078498840332031e+00 4.493264853954315186e-01 1.405047029256820679e-01 1.564280629158020020e+00 -4.877842962741851807e-01 4.608306884765625000e-01 -7.049260139465332031e-01 -4.282895624637603760e-01 -8.233178853988647461e-01 -1.960142850875854492e-01 1.809282779693603516e+00 -3.388616144657135010e-01 3.202121555805206299e-01 -2.067676633596420288e-01 -4.669333994388580322e-01 -1.576172709465026855e+00 -1.499829590320587158e-01 -5.000000000000000000e-01 7.663560509681701660e-01 1.000000000000000000e+00
-1.254565596580505371e+00 -9.875727295875549316e-01 1.344014048576354980e+00 -1.668291240930557251e-01 -6.997070312500000000e-01 -3.179592490196228027e-01 4.493264853954315186e-01 -7.659772634506225586e-01 -1.293722987174987793e+00 3.993041440844535828e-02 4.608306884765625000e-01 1.027078866958618164e+00 2.334868907928466797e+00 -8.233178853988647461e-01 -1.960142850875854492e-01 1.809282779693603516e+00 -3.388616144657135010e-01 3.202121555805206299e-01 -2.067676633596420288e-01 2.141633033752441406e+00 -1.576172709465026855e+00 -1.499829590320587158e-01 -5.000000000000000000e-01 7.663560509681701660e-01 1.000000000000000000e+00
-4.590262472629547119e-01 -7.386675477027893066e-01 -5.034279823303222656e-01 -8.042573332786560059e-01 -6.648799777030944824e-02 5.100595951080322266e-01 4.493264853954315186e-01 1.046986699104309082e+00 -1.293722987174987793e+00 3.037877678871154785e-01 4.608306884765625000e-01 -7.049260139465332031e-01 -4.282895624637603760e-01 -8.233178853988647461e-01 -1.960142850875854492e-01 -5.527051687240600586e-01 -3.388616144657135010e-01 3.202121555805206299e-01 -2.067676633596420288e-01 -4.669333994388580322e-01 6.344482302665710449e-01 -1.499829590320587158e-01 2.000000000000000000e+00 -1.304876565933227539e+00 1.000000000000000000e+00
1.132052540779113770e+00 -2.408572286367416382e-01 1.344014048576354980e+00 -7.688446044921875000e-01 1.199950098991394043e+00 -3.179592490196228027e-01 4.493264853954315186e-01 1.405047029256820679e-01 -1.293722987174987793e+00 9.194549322128295898e-01 4.608306884765625000e-01 1.027078866958618164e+00 -4.282895624637603760e-01 -8.233178853988647461e-01 -1.960142850875854492e-01 -5.527051687240600586e-01 -3.388616144657135010e-01 3.202121555805206299e-01 -2.067676633596420288e-01 -4.669333994388580322e-01 6.344482302665710449e-01 -1.499829590320587158e-01 -5.000000000000000000e-01 7.663560509681701660e-01 1.000000000000000000e+00
1.132052540779113770e+00 3.243814945220947266e+00 -5.034279823303222656e-01 2.524534225463867188e+00 -6.997070312500000000e-01 1.338078498840332031e+00 4.493264853954315186e-01 1.046986699104309082e+00 -3.410550951957702637e-01 5.676451325416564941e-01 4.608306884765625000e-01 -7.049260139465332031e-01 -4.282895624637603760e-01 1.214597702026367188e+00 -1.960142850875854492e-01 1.809282779693603516e+00 -3.388616144657135010e-01 3.202121555805206299e-01 -2.067676633596420288e-01 -4.669333994388580322e-01 6.344482302665710449e-01 -1.499829590320587158e-01 -5.000000000000000000e-01 -1.304876565933227539e+00 1.000000000000000000e+00
-1.254565596580505371e+00 -7.386675477027893066e-01 -5.034279823303222656e-01 -8.396700024604797363e-01 1.833169102668762207e+00 -3.179592490196228027e-01 1.862302780151367188e+00 -7.659772634506225586e-01 6.116127967834472656e-01 -1.103451490402221680e+00 4.608306884765625000e-01 -7.049260139465332031e-01 -4.282895624637603760e-01 -8.233178853988647461e-01 -1.960142850875854492e-01 1.809282779693603516e+00 -3.388616144657135010e-01 3.202121555805206299e-01 -2.067676633596420288e-01 -4.669333994388580322e-01 6.344482302665710449e-01 -1.499829590320587158e-01 -5.000000000000000000e-01 7.663560509681701660e-01 1.000000000000000000e+00
-4.590262472629547119e-01 2.569530904293060303e-01 1.344014048576354980e+00 5.060117244720458984e-01 -6.997070312500000000e-01 -1.145978093147277832e+00 -9.636498689651489258e-01 1.046986699104309082e+00 6.116127967834472656e-01 -9.275465607643127441e-01 -2.375050544738769531e+00 -7.049260139465332031e-01 -4.282895624637603760e-01 -8.233178853988647461e-01 -1.960142850875854492e-01 -5.527051687240600586e-01 -3.388616144657135010e-01 3.202121555805206299e-01 -2.067676633596420288e-01 -4.669333994388580322e-01 6.344482302665710449e-01 -1.499829590320587158e-01 2.000000000000000000e+00 -1.304876565933227539e+00 1.000000000000000000e+00
-1.254565596580505371e+00 2.248194456100463867e+00 -5.034279823303222656e-01 -6.059109047055244446e-02 -6.997070312500000000e-01 -3.179592490196228027e-01 4.493264853954315186e-01 1.046986699104309082e+00 6.116127967834472656e-01 1.623074531555175781e+00 4.608306884765625000e-01 -7.049260139465332031e-01 -4.282895624637603760e-01 -8.233178853988647461e-01 -1.960142850875854492e-01 -5.527051687240600586e-01 -3.388616144657135010e-01 3.202121555805206299e-01 -2.067676633596420288e-01 -4.669333994388580322e-01 6.344482302665710449e-01 -1.499829590320587158e-01 -5.000000000000000000e-01 7.663560509681701660e-01 1.000000000000000000e+00
-4.590262472629547119e-01 -4.897623956203460693e-01 -5.034279823303222656e-01 -2.376544773578643799e-01 -6.648799777030944824e-02 -3.179592490196228027e-01 -9.636498689651489258e-01 -7.659772634506225586e-01 -1.293722987174987793e+00 -9.275465607643127441e-01 4.608306884765625000e-01 -7.049260139465332031e-01 -4.282895624637603760e-01 -8.233178853988647461e-01 -1.960142850875854492e-01 -5.527051687240600586e-01 -3.388616144657135010e-01 3.202121555805206299e-01 -2.067676633596420288e-01 -4.669333994388580322e-01 6.344482302665710449e-01 -1.499829590320587158e-01 2.000000000000000000e+00 -1.304876565933227539e+00 1.000000000000000000e+00
-4.590262472629547119e-01 -7.386675477027893066e-01 -5.034279823303222656e-01 -5.917812585830688477e-01 -6.997070312500000000e-01 -3.179592490196228027e-01 -9.636498689651489258e-01 -1.672459244728088379e+00 6.116127967834472656e-01 -1.191403985023498535e+00 4.608306884765625000e-01 -7.049260139465332031e-01 -4.282895624637603760e-01 1.214597702026367188e+00 -1.960142850875854492e-01 -5.527051687240600586e-01 -3.388616144657135010e-01 3.202121555805206299e-01 -2.067676633596420288e-01 -4.669333994388580322e-01 6.344482302665710449e-01 -1.499829590320587158e-01 -5.000000000000000000e-01 7.663560509681701660e-01 1.000000000000000000e+00
-1.254565596580505371e+00 -2.408572286367416382e-01 4.202930629253387451e-01 1.851693511009216309e+00 1.833169102668762207e+00 -3.179592490196228027e-01 -9.636498689651489258e-01 -7.659772634506225586e-01 6.116127967834472656e-01 -1.103451490402221680e+00 4.608306884765625000e-01 1.027078866958618164e+00 -4.282895624637603760e-01 1.214597702026367188e+00 -1.960142850875854492e-01 -5.527051687240600586e-01 -3.388616144657135010e-01 3.202121555805206299e-01 -2.067676633596420288e-01 2.141633033752441406e+00 -1.576172709465026855e+00 -1.499829590320587158e-01 -5.000000000000000000e-01 7.663560509681701660e-01 1.000000000000000000e+00
1.132052540779113770e+00 -7.386675477027893066e-01 -5.034279823303222656e-01 -3.084798157215118408e-01 1.833169102668762207e+00 -1.145978093147277832e+00 1.862302780151367188e+00 1.046986699104309082e+00 6.116127967834472656e-01 -8.395941257476806641e-01 4.608306884765625000e-01 -7.049260139465332031e-01 -4.282895624637603760e-01 1.214597702026367188e+00 -1.960142850875854492e-01 -5.527051687240600586e-01 2.951056957244873047e+00 3.202121555805206299e-01 -2.067676633596420288e-01 2.141633033752441406e+00 -1.576172709465026855e+00 -1.499829590320587158e-01 -5.000000000000000000e-01 7.663560509681701660e-01 1.000000000000000000e+00
1.132052540779113770e+00 -7.386675477027893066e-01 -5.034279823303222656e-01 -1.314164400100708008e-01 1.833169102668762207e+00 -1.973996996879577637e+00 4.493264853954315186e-01 1.046986699104309082e+00 1.564280629158020020e+00 2.158353179693222046e-01 4.608306884765625000e-01 -7.049260139465332031e-01 -4.282895624637603760e-01 1.214597702026367188e+00 -1.960142850875854492e-01 1.809282779693603516e+00 -3.388616144657135010e-01 3.202121555805206299e-01 -2.067676633596420288e-01 -4.669333994388580322e-01 6.344482302665710449e-01 -1.499829590320587158e-01 -5.000000000000000000e-01 -1.304876565933227539e+00 1.000000000000000000e+00
3.365131616592407227e-01 1.750384092330932617e+00 -2.350869894027709961e+00 1.072614550590515137e+00 -6.997070312500000000e-01 -1.145978093147277832e+00 -2.376626253128051758e+00 -1.672459244728088379e+00 -3.410550951957702637e-01 -2.239269465208053589e-01 4.608306884765625000e-01 1.027078866958618164e+00 -4.282895624637603760e-01 -8.233178853988647461e-01 -1.960142850875854492e-01 -5.527051687240600586e-01 -3.388616144657135010e-01 3.202121555805206299e-01 -2.067676633596420288e-01 -4.669333994388580322e-01 6.344482302665710449e-01 -1.499829590320587158e-01 -5.000000000000000000e-01 7.663560509681701660e-01 1.000000000000000000e+00
-1.254565596580505371e+00 -2.408572286367416382e-01 -2.350869894027709961e+00 -6.059109047055244446e-02 -6.997070312500000000e-01 5.100595951080322266e-01 4.493264853954315186e-01 -1.672459244728088379e+00 -3.410550951957702637e-01 -3.998318612575531006e-01 -2.375050544738769531e+00 -7.049260139465332031e-01 -4.282895624637603760e-01 1.214597702026367188e+00 -1.960142850875854492e-01 -5.527051687240600586e-01 -3.388616144657135010e-01 3.202121555805206299e-01 -2.067676633596420288e-01 -4.669333994388580322e-01 6.344482302665710449e-01 -1.499829590320587158e-01 -5.000000000000000000e-01 7.663560509681701660e-01 1.000000000000000000e+00
-1.254565596580505371e+00 2.248194456100463867e+00 1.344014048576354980e+00 1.072614550590515137e+00 -6.997070312500000000e-01 1.338078498840332031e+00 4.493264853954315186e-01 1.046986699104309082e+00 1.564280629158020020e+00 9.194549322128295898e-01 4.608306884765625000e-01 1.027078866958618164e+00 -4.282895624637603760e-01 1.214597702026367188e+00 -1.960142850875854492e-01 -5.527051687240600586e-01 2.951056957244873047e+00 3.202121555805206299e-01 -2.067676633596420288e-01 -4.669333994388580322e-01 -1.576172709465026855e+00 -1.499829590320587158e-01 -5.000000000000000000e-01 7.663560509681701660e-01 1.000000000000000000e+00
1.132052540779113770e+00 1.252573728561401367e+00 -5.034279823303222656e-01 1.164722964167594910e-01 -6.997070312500000000e-01 1.338078498840332031e+00 4.493264853954315186e-01 -7.659772634506225586e-01 6.116127967834472656e-01 -6.636891961097717285e-01 4.608306884765625000e-01 -7.049260139465332031e-01 -4.282895624637603760e-01 -8.233178853988647461e-01 -1.960142850875854492e-01 -5.527051687240600586e-01 -3.388616144657135010e-01 3.202121555805206299e-01 -2.067676633596420288e-01 -4.669333994388580322e-01 6.344482302665710449e-01 -1.499829590320587158e-01 -5.000000000000000000e-01 7.663560509681701660e-01 1.000000000000000000e+00
-4.590262472629547119e-01 1.252573728561401367e+00 -5.034279823303222656e-01 -3.438925147056579590e-01 -6.997070312500000000e-01 5.100595951080322266e-01 4.493264853954315186e-01 -1.672459244728088379e+00 6.116127967834472656e-01 -3.118793964385986328e-01 4.608306884765625000e-01 1.027078866958618164e+00 2.334868907928466797e+00 -8.233178853988647461e-01 -1.960142850875854492e-01 -5.527051687240600586e-01 -3.388616144657135010e-01 3.202121555805206299e-01 -2.067676633596420288e-01 -4.669333994388580322e-01 6.344482302665710449e-01 -1.499829590320587158e-01 -5.000000000000000000e-01 7.663560509681701660e-01 1.000000000000000000e+00
1.132052540779113770e+00 2.569530904293060303e-01 4.202930629253387451e-01 -2.730671465396881104e-01 -6.997070312500000000e-01 1.338078498840332031e+00 4.493264853954315186e-01 1.046986699104309082e+00 6.116127967834472656e-01 1.007407426834106445e+00 4.608306884765625000e-01 1.027078866958618164e+00 2.334868907928466797e+00 -8.233178853988647461e-01 -1.960142850875854492e-01 1.809282779693603516e+00 -3.388616144657135010e-01 3.202121555805206299e-01 -2.067676633596420288e-01 -4.669333994388580322e-01 6.344482302665710449e-01 -1.499829590320587158e-01 2.000000000000000000e+00 -1.304876565933227539e+00 1.000000000000000000e+00
-4.590262472629547119e-01 2.569530904293060303e-01 -5.034279823303222656e-01 -2.022417932748794556e-01 -6.997070312500000000e-01 -3.179592490196228027e-01 -9.636498689651489258e-01 1.046986699104309082e+00 -3.410550951957702637e-01 -1.367308855056762695e+00 4.608306884765625000e-01 -7.049260139465332031e-01 -4.282895624637603760e-01 1.214597702026367188e+00 -1.960142850875854492e-01 1.809282779693603516e+00 -3.388616144657135010e-01 3.202121555805206299e-01 -2.067676633596420288e-01 2.141633033752441406e+00 -1.576172709465026855e+00 -1.499829590320587158e-01 2.000000000000000000e+00 -1.304876565933227539e+00 1.000000000000000000e+00
-4.590262472629547119e-01 2.569530904293060303e-01 1.344014048576354980e+00 3.055724382400512695e+00 -6.997070312500000000e-01 -3.179592490196228027e-01 4.493264853954315186e-01 1.405047029256820679e-01 6.116127967834472656e-01 3.037877678871154785e-01 4.608306884765625000e-01 1.027078866958618164e+00 2.334868907928466797e+00 1.214597702026367188e+00 -1.960142850875854492e-01 -5.527051687240600586e-01 -3.388616144657135010e-01 -3.122929334640502930e+00 4.836346149444580078e+00 -4.669333994388580322e-01 6.344482302665710449e-01 -1.499829590320587158e-01 -5.000000000000000000e-01 -1.304876565933227539e+00 1.000000000000000000e+00
1.132052540779113770e+00 3.243814945220947266e+00 -5.034279823303222656e-01 1.143439888954162598e+00 1.833169102668762207e+00 -3.179592490196228027e-01 4.493264853954315186e-01 1.046986699104309082e+00 1.564280629158020020e+00 -1.359744966030120850e-01 4.608306884765625000e-01 -7.049260139465332031e-01 2.334868907928466797e+00 1.214597702026367188e+00 -1.960142850875854492e-01 1.809282779693603516e+00 -3.388616144657135010e-01 3.202121555805206299e-01 -2.067676633596420288e-01 -4.669333994388580322e-01 -1.576172709465026855e+00 -1.499829590320587158e-01 -5.000000000000000000e-01 7.663560509681701660e-01 1.000000000000000000e+00
-1.254565596580505371e+00 -7.386675477027893066e-01 -5.034279823303222656e-01 -9.104953408241271973e-01 -6.648799777030944824e-02 5.100595951080322266e-01 1.862302780151367188e+00 -1.672459244728088379e+00 -3.410550951957702637e-01 -1.367308855056762695e+00 4.608306884765625000e-01 -7.049260139465332031e-01 -4.282895624637603760e-01 -8.233178853988647461e-01 -1.960142850875854492e-01 -5.527051687240600586e-01 -3.388616144657135010e-01 3.202121555805206299e-01 -2.067676633596420288e-01 -4.669333994388580322e-01 6.344482302665710449e-01 -1.499829590320587158e-01 -5.000000000000000000e-01 7.663560509681701660e-01 1.000000000000000000e+00
1.132052540779113770e+00 7.547634243965148926e-01 -1.427148938179016113e+00 1.497566699981689453e+00 1.833169102668762207e+00 -1.973996996879577637e+00 -9.636498689651489258e-01 -1.672459244728088379e+00 -1.293722987174987793e+00 1.535122156143188477e+00 -2.375050544738769531e+00 -7.049260139465332031e-01 -4.282895624637603760e-01 1.214597702026367188e+00 -1.960142850875854492e-01 -5.527051687240600586e-01 2.951056957244873047e+00 3.202121555805206299e-01 -2.067676633596420288e-01 -4.669333994388580322e-01 6.344482302665710449e-01 -1.499829590320587158e-01 -5.000000000000000000e-01 -1.304876565933227539e+00 1.000000000000000000e+00
-1.254565596580505371e+00 -7.386675477027893066e-01 -1.427148938179016113e+00 -9.459080100059509277e-01 -6.997070312500000000e-01 -3.179592490196228027e-01 -9.636498689651489258e-01 1.046986699104309082e+00 -1.293722987174987793e+00 -1.015498995780944824e+00 -2.375050544738769531e+00 -7.049260139465332031e-01 -4.282895624637603760e-01 -8.233178853988647461e-01 -1.960142850875854492e-01 -5.527051687240600586e-01 -3.388616144657135010e-01 3.202121555805206299e-01 -2.067676633596420288e-01 -4.669333994388580322e-01 6.344482302665710449e-01 -1.499829590320587158e-01 2.000000000000000000e+00 -1.304876565933227539e+00 1.000000000000000000e+00
-4.590262472629547119e-01 -2.408572286367416382e-01 -5.034279823303222656e-01 -4.855432212352752686e-01 1.833169102668762207e+00 -1.145978093147277832e+00 -9.636498689651489258e-01 1.405047029256820679e-01 -1.293722987174987793e+00 -7.516416907310485840e-01 4.608306884765625000e-01 -7.049260139465332031e-01 -4.282895624637603760e-01 -8.233178853988647461e-01 -1.960142850875854492e-01 -5.527051687240600586e-01 -3.388616144657135010e-01 3.202121555805206299e-01 -2.067676633596420288e-01 2.141633033752441406e+00 -1.576172709465026855e+00 -1.499829590320587158e-01 -5.000000000000000000e-01 7.663560509681701660e-01 1.000000000000000000e+00
-4.590262472629547119e-01 -9.046043157577514648e-01 -5.034279823303222656e-01 1.426741361618041992e+00 -6.997070312500000000e-01 -1.973996996879577637e+00 4.493264853954315186e-01 1.046986699104309082e+00 1.564280629158020020e+00 3.030313730239868164e+00 -2.375050544738769531e+00 -7.049260139465332031e-01 -4.282895624637603760e-01 1.214597702026367188e+00 -1.960142850875854492e-01 1.809282779693603516e+00 -3.388616144657135010e-01 3.202121555805206299e-01 -2.067676633596420288e-01 -4.669333994388580322e-01 -1.576172709465026855e+00 -1.499829590320587158e-01 -5.000000000000000000e-01 -1.304876565933227539e+00 1.000000000000000000e+00
1.132052540779113770e+00 2.569530904293060303e-01 -5.034279823303222656e-01 1.872976422309875488e-01 -6.997070312500000000e-01 1.338078498840332031e+00 -9.636498689651489258e-01 1.046986699104309082e+00 1.564280629158020020e+00 2.326694250106811523e+00 4.608306884765625000e-01 -7.049260139465332031e-01 -4.282895624637603760e-01 1.214597702026367188e+00 -1.960142850875854492e-01 1.809282779693603516e+00 -3.388616144657135010e-01 -3.122929334640502930e+00 4.836346149444580078e+00 -4.669333994388580322e-01 -1.576172709465026855e+00 -1.499829590320587158e-01 -5.000000000000000000e-01 7.663560509681701660e-01 1.000000000000000000e+00
-4.590262472629547119e-01 1.252573728561401367e+00 4.202930629253387451e-01 1.462154030799865723e+00 -6.997070312500000000e-01 -3.179592490196228027e-01 -9.636498689651489258e-01 -7.659772634506225586e-01 -3.410550951957702637e-01 1.623074531555175781e+00 4.608306884765625000e-01 -7.049260139465332031e-01 -4.282895624637603760e-01 -8.233178853988647461e-01 -1.960142850875854492e-01 1.809282779693603516e+00 -3.388616144657135010e-01 3.202121555805206299e-01 -2.067676633596420288e-01 2.141633033752441406e+00 -1.576172709465026855e+00 -1.499829590320587158e-01 -5.000000000000000000e-01 7.663560509681701660e-01 1.000000000000000000e+00
-1.254565596580505371e+00 2.569530904293060303e-01 -1.427148938179016113e+00 -2.730671465396881104e-01 5.667310357093811035e-01 -3.179592490196228027e-01 4.493264853954315186e-01 1.046986699104309082e+00 -1.293722987174987793e+00 -1.191403985023498535e+00 -9.571098685264587402e-01 -7.049260139465332031e-01 -4.282895624637603760e-01 1.214597702026367188e+00 -1.960142850875854492e-01 -5.527051687240600586e-01 -3.388616144657135010e-01 3.202121555805206299e-01 -2.067676633596420288e-01 -4.669333994388580322e-01 6.344482302665710449e-01 -1.499829590320587158e-01 -5.000000000000000000e-01 7.663560509681701660e-01 1.000000000000000000e+00
1.132052540779113770e+00 -9.046043157577514648e-01 -5.034279823303222656e-01 -5.917812585830688477e-01 5.667310357093811035e-01 -3.179592490196228027e-01 4.493264853954315186e-01 -7.659772634506225586e-01 1.564280629158020020e+00 3.917402327060699463e-01 4.608306884765625000e-01 -7.049260139465332031e-01 2.334868907928466797e+00 -8.233178853988647461e-01 5.101668834686279297e+00 1.809282779693603516e+00 -3.388616144657135010e-01 3.202121555805206299e-01 -2.067676633596420288e-01 2.141633033752441406e+00 -1.576172709465026855e+00 -1.499829590320587158e-01 2.000000000000000000e+00 -1.304876565933227539e+00 1.000000000000000000e+00
1.132052540779113770e+00 -7.386675477027893066e-01 1.344014048576354980e+00 8.955512046813964844e-01 1.833169102668762207e+00 1.338078498840332031e+00 4.493264853954315186e-01 1.046986699104309082e+00 -3.410550951957702637e-01 1.183312296867370605e+00 4.608306884765625000e-01 -7.049260139465332031e-01 -4.282895624637603760e-01 1.214597702026367188e+00 -1.960142850875854492e-01 -5.527051687240600586e-01 -3.388616144657135010e-01 3.202121555805206299e-01 -2.067676633596420288e-01 2.141633033752441406e+00 -1.576172709465026855e+00 -1.499829590320587158e-01 -5.000000000000000000e-01 7.663560509681701660e-01 1.000000000000000000e+00
1.132052540779113770e+00 -7.386675477027893066e-01 -5.034279823303222656e-01 -7.688446044921875000e-01 -6.997070312500000000e-01 -3.179592490196228027e-01 1.862302780151367188e+00 -7.659772634506225586e-01 -1.293722987174987793e+00 -7.516416907310485840e-01 4.608306884765625000e-01 1.027078866958618164e+00 -4.282895624637603760e-01 1.214597702026367188e+00 -1.960142850875854492e-01 1.809282779693603516e+00 -3.388616144657135010e-01 3.202121555805206299e-01 -2.067676633596420288e-01 -4.669333994388580322e-01 6.344482302665710449e-01 -1.499829590320587158e-01 -5.000000000000000000e-01 7.663560509681701660e-01 1.000000000000000000e+00
3.365131616592407227e-01 8.047933690249919891e-03 -5.034279823303222656e-01 -1.314164400100708008e-01 -6.648799777030944824e-02 -3.179592490196228027e-01 -9.636498689651489258e-01 -1.672459244728088379e+00 6.116127967834472656e-01 -6.636891961097717285e-01 -2.375050544738769531e+00 -7.049260139465332031e-01 -4.282895624637603760e-01 1.214597702026367188e+00 -1.960142850875854492e-01 1.809282779693603516e+00 -3.388616144657135010e-01 3.202121555805206299e-01 -2.067676633596420288e-01 -4.669333994388580322e-01 6.344482302665710449e-01 -1.499829590320587158e-01 -5.000000000000000000e-01 -1.304876565933227539e+00 1.000000000000000000e+00
-4.590262472629547119e-01 2.569530904293060303e-01 1.344014048576354980e+00 -1.668291240930557251e-01 1.833169102668762207e+00 5.100595951080322266e-01 4.493264853954315186e-01 1.405047029256820679e-01 1.564280629158020020e+00 -1.359744966030120850e-01 4.608306884765625000e-01 1.027078866958618164e+00 2.334868907928466797e+00 1.214597702026367188e+00 -1.960142850875854492e-01 -5.527051687240600586e-01 -3.388616144657135010e-01 3.202121555805206299e-01 -2.067676633596420288e-01 -4.669333994388580322e-01 6.344482302665710449e-01 -1.499829590320587158e-01 -5.000000000000000000e-01 7.663560509681701660e-01 1.000000000000000000e+00
1.132052540779113770e+00 -7.386675477027893066e-01 -5.034279823303222656e-01 -6.626065969467163086e-01 1.199950098991394043e+00 5.100595951080322266e-01 4.493264853954315186e-01 -7.659772634506225586e-01 -3.410550951957702637e-01 1.711027026176452637e+00 4.608306884765625000e-01 -7.049260139465332031e-01 -4.282895624637603760e-01 -8.233178853988647461e-01 5.101668834686279297e+00 -5.527051687240600586e-01 2.951056957244873047e+00 3.202121555805206299e-01 -2.067676633596420288e-01 -4.669333994388580322e-01 6.344482302665710449e-01 -1.499829590320587158e-01 -5.000000000000000000e-01 7.663560509681701660e-01 1.000000000000000000e+00
-1.254565596580505371e+00 -7.492045313119888306e-02 -5.034279823303222656e-01 -3.793051838874816895e-01 1.833169102668762207e+00 5.100595951080322266e-01 4.493264853954315186e-01 1.046986699104309082e+00 6.116127967834472656e-01 3.037877678871154785e-01 4.608306884765625000e-01 -7.049260139465332031e-01 -4.282895624637603760e-01 1.214597702026367188e+00 -1.960142850875854492e-01 -5.527051687240600586e-01 -3.388616144657135010e-01 3.202121555805206299e-01 -2.067676633596420288e-01 -4.669333994388580322e-01 6.344482302665710449e-01 -1.499829590320587158e-01 -5.000000000000000000e-01 7.663560509681701660e-01 1.000000000000000000e+00
-1.254565596580505371e+00 -7.386675477027893066e-01 -5.034279823303222656e-01 -2.376544773578643799e-01 -6.997070312500000000e-01 -1.145978093147277832e+00 4.493264853954315186e-01 -1.672459244728088379e+00 -1.293722987174987793e+00 -2.239269465208053589e-01 4.608306884765625000e-01 -7.049260139465332031e-01 2.334868907928466797e+00 -8.233178853988647461e-01 -1.960142850875854492e-01 1.809282779693603516e+00 -3.388616144657135010e-01 3.202121555805206299e-01 -2.067676633596420288e-01 -4.669333994388580322e-01 6.344482302665710449e-01 -1.499829590320587158e-01 2.000000000000000000e+00 -1.304876565933227539e+00 1.000000000000000000e+00
-4.590262472629547119e-01 1.750384092330932617e+00 -1.427148938179016113e+00 2.134994983673095703e+00 -6.997070312500000000e-01 -1.973996996879577637e+00 4.493264853954315186e-01 -7.659772634506225586e-01 1.564280629158020020e+00 1.711027026176452637e+00 -2.375050544738769531e+00 -7.049260139465332031e-01 -4.282895624637603760e-01 1.214597702026367188e+00 -1.960142850875854492e-01 -5.527051687240600586e-01 2.951056957244873047e+00 3.202121555805206299e-01 -2.067676633596420288e-01 -4.669333994388580322e-01 -1.576172709465026855e+00 -1.499829590320587158e-01 -5.000000000000000000e-01 -1.304876565933227539e+00 1.000000000000000000e+00
-1.254565596580505371e+00 2.569530904293060303e-01 -2.350869894027709961e+00 2.935356795787811279e-01 -6.997070312500000000e-01 1.338078498840332031e+00 4.493264853954315186e-01 1.046986699104309082e+00 1.564280629158020020e+00 -1.103451490402221680e+00 -2.375050544738769531e+00 1.027078866958618164e+00 2.334868907928466797e+00 -8.233178853988647461e-01 -1.960142850875854492e-01 -5.527051687240600586e-01 -3.388616144657135010e-01 3.202121555805206299e-01 -2.067676633596420288e-01 2.141633033752441406e+00 -1.576172709465026855e+00 -1.499829590320587158e-01 -5.000000000000000000e-01 7.663560509681701660e-01 1.000000000000000000e+00
-1.254565596580505371e+00 -2.408572286367416382e-01 -5.034279823303222656e-01 -2.730671465396881104e-01 -6.997070312500000000e-01 -1.973996996879577637e+00 4.493264853954315186e-01 -1.672459244728088379e+00 6.116127967834472656e-01 -9.275465607643127441e-01 4.608306884765625000e-01 -7.049260139465332031e-01 -4.282895624637603760e-01 -8.233178853988647461e-01 -1.960142850875854492e-01 -5.527051687240600586e-01 -3.388616144657135010e-01 3.202121555805206299e-01 -2.067676633596420288e-01 -4.669333994388580322e-01 6.344482302665710449e-01 6.667424201965332031e+00 -5.000000000000000000e-01 -1.304876565933227539e+00 1.000000000000000000e+00
-1.254565596580505371e+00 -7.386675477027893066e-01 -5.034279823303222656e-01 -7.688446044921875000e-01 -6.997070312500000000e-01 -3.179592490196228027e-01 4.493264853954315186e-01 -7.659772634506225586e-01 -1.293722987174987793e+00 -1.367308855056762695e+00 4.608306884765625000e-01 -7.049260139465332031e-01 2.334868907928466797e+00 1.214597702026367188e+00 -1.960142850875854492e-01 -5.527051687240600586e-01 -3.388616144657135010e-01 3.202121555805206299e-01 -2.067676633596420288e-01 2.141633033752441406e+00 -1.576172709465026855e+00 -1.499829590320587158e-01 -5.000000000000000000e-01 -1.304876565933227539e+00 1.000000000000000000e+00
-1.254565596580505371e+00 2.569530904293060303e-01 -5.034279823303222656e-01 1.518849730491638184e-01 -6.997070312500000000e-01 -3.179592490196228027e-01 -9.636498689651489258e-01 1.046986699104309082e+00 6.116127967834472656e-01 -6.636891961097717285e-01 4.608306884765625000e-01 -7.049260139465332031e-01 -4.282895624637603760e-01 -8.233178853988647461e-01 -1.960142850875854492e-01 -5.527051687240600586e-01 -3.388616144657135010e-01 3.202121555805206299e-01 -2.067676633596420288e-01 -4.669333994388580322e-01 6.344482302665710449e-01 -1.499829590320587158e-01 -5.000000000000000000e-01 7.663560509681701660e-01 1.000000000000000000e+00
1.132052540779113770e+00 -7.386675477027893066e-01 -5.034279823303222656e-01 -4.147178530693054199e-01 -6.648799777030944824e-02 5.100595951080322266e-01 4.493264853954315186e-01 -1.672459244728088379e+00 1.564280629158020020e+00 -4.802203923463821411e-02 4.608306884765625000e-01 -7.049260139465332031e-01 -4.282895624637603760e-01 -8.233178853988647461e-01 -1.960142850875854492e-01 -5.527051687240600586e-01 -3.388616144657135010e-01 3.202121555805206299e-01 -2.067676633596420288e-01 -4.669333994388580322e-01 6.344482302665710449e-01 -1.499829590320587158e-01 -5.000000000000000000e-01 7.663560509681701660e-01 1.000000000000000000e+00
-4.590262472629547119e-01 -1.236477851867675781e+00 1.344014048576354980e+00 -8.396700024604797363e-01 1.833169102668762207e+00 5.100595951080322266e-01 -9.636498689651489258e-01 1.405047029256820679e-01 -3.410550951957702637e-01 3.037877678871154785e-01 4.608306884765625000e-01 1.027078866958618164e+00 -4.282895624637603760e-01 -8.233178853988647461e-01 -1.960142850875854492e-01 -5.527051687240600586e-01 -3.388616144657135010e-01 3.202121555805206299e-01 -2.067676633596420288e-01 -4.669333994388580322e-01 6.344482302665710449e-01 -1.499829590320587158e-01 2.000000000000000000e+00 -1.304876565933227539e+00 1.000000000000000000e+00
1.132052540779113770e+00 1.252573728561401367e+00 4.202930629253387451e-01 4.351863861083984375e-01 -6.997070312500000000e-01 -3.179592490196228027e-01 4.493264853954315186e-01 -7.659772634506225586e-01 6.116127967834472656e-01 -8.395941257476806641e-01 4.608306884765625000e-01 1.027078866958618164e+00 -4.282895624637603760e-01 1.214597702026367188e+00 -1.960142850875854492e-01 -5.527051687240600586e-01 -3.388616144657135010e-01 3.202121555805206299e-01 -2.067676633596420288e-01 -4.669333994388580322e-01 6.344482302665710449e-01 -1.499829590320587158e-01 -5.000000000000000000e-01 -1.304876565933227539e+00 1.000000000000000000e+00
1.132052540779113770e+00 2.569530904293060303e-01 -5.034279823303222656e-01 8.105961978435516357e-02 -6.648799777030944824e-02 5.100595951080322266e-01 -9.636498689651489258e-01 1.046986699104309082e+00 6.116127967834472656e-01 -1.103451490402221680e+00 4.608306884765625000e-01 -7.049260139465332031e-01 -4.282895624637603760e-01 -8.233178853988647461e-01 -1.960142850875854492e-01 -5.527051687240600586e-01 2.951056957244873047e+00 3.202121555805206299e-01 -2.067676633596420288e-01 -4.669333994388580322e-01 6.344482302665710449e-01 -1.499829590320587158e-01 -5.000000000000000000e-01 7.663560509681701660e-01 1.000000000000000000e+00
-1.254565596580505371e+00 -7.386675477027893066e-01 -5.034279823303222656e-01 -4.855432212352752686e-01 -6.997070312500000000e-01 -1.145978093147277832e+00 -9.636498689651489258e-01 -1.672459244728088379e+00 6.116127967834472656e-01 -1.191403985023498535e+00 4.608306884765625000e-01 -7.049260139465332031e-01 -4.282895624637603760e-01 -8.233178853988647461e-01 -1.960142850875854492e-01 -5.527051687240600586e-01 -3.388616144657135010e-01 3.202121555805206299e-01 -2.067676633596420288e-01 2.141633033752441406e+00 -1.576172709465026855e+00 -1.499829590320587158e-01 -5.000000000000000000e-01 7.663560509681701660e-01 1.000000000000000000e+00
1.132052540779113770e+00 -1.236477851867675781e+00 -5.034279823303222656e-01 -7.334319353103637695e-01 1.833169102668762207e+00 -1.973996996879577637e+00 4.493264853954315186e-01 1.046986699104309082e+00 -3.410550951957702637e-01 3.993041440844535828e-02 4.608306884765625000e-01 -7.049260139465332031e-01 2.334868907928466797e+00 1.214597702026367188e+00 -1.960142850875854492e-01 -5.527051687240600586e-01 -3.388616144657135010e-01 3.202121555805206299e-01 -2.067676633596420288e-01 -4.669333994388580322e-01 6.344482302665710449e-01 -1.499829590320587158e-01 -5.000000000000000000e-01 -1.304876565933227539e+00 1.000000000000000000e+00
1.132052540779113770e+00 -7.386675477027893066e-01 1.344014048576354980e+00 -4.855432212352752686e-01 -6.997070312500000000e-01 1.338078498840332031e+00 4.493264853954315186e-01 1.046986699104309082e+00 -1.293722987174987793e+00 6.555975675582885742e-01 4.608306884765625000e-01 2.759083747863769531e+00 -4.282895624637603760e-01 1.214597702026367188e+00 -1.960142850875854492e-01 -5.527051687240600586e-01 -3.388616144657135010e-01 3.202121555805206299e-01 -2.067676633596420288e-01 -4.669333994388580322e-01 6.344482302665710449e-01 -1.499829590320587158e-01 -5.000000000000000000e-01 7.663560509681701660e-01 1.000000000000000000e+00
3.365131616592407227e-01 1.252573728561401367e+00 -5.034279823303222656e-01 8.955512046813964844e-01 -6.997070312500000000e-01 -3.179592490196228027e-01 4.493264853954315186e-01 -1.672459244728088379e+00 6.116127967834472656e-01 -1.015498995780944824e+00 4.608306884765625000e-01 -7.049260139465332031e-01 -4.282895624637603760e-01 -8.233178853988647461e-01 -1.960142850875854492e-01 -5.527051687240600586e-01 -3.388616144657135010e-01 3.202121555805206299e-01 -2.067676633596420288e-01 -4.669333994388580322e-01 6.344482302665710449e-01 -1.499829590320587158e-01 -5.000000000000000000e-01 7.663560509681701660e-01 1.000000000000000000e+00
-1.254565596580505371e+00 1.252573728561401367e+00 -5.034279823303222656e-01 -2.517841383814811707e-02 -6.997070312500000000e-01 5.100595951080322266e-01 4.493264853954315186e-01 1.046986699104309082e+00 1.564280629158020020e+00 3.037877678871154785e-01 -2.375050544738769531e+00 -7.049260139465332031e-01 2.334868907928466797e+00 1.214597702026367188e+00 -1.960142850875854492e-01 1.809282779693603516e+00 -3.388616144657135010e-01 3.202121555805206299e-01 -2.067676633596420288e-01 -4.669333994388580322e-01 -1.576172709465026855e+00 -1.499829590320587158e-01 -5.000000000000000000e-01 -1.304876565933227539e+00 1.000000000000000000e+00
1.132052540779113770e+00 -7.386675477027893066e-01 -5.034279823303222656e-01 8.105961978435516357e-02 1.833169102668762207e+00 -1.145978093147277832e+00 4.493264853954315186e-01 1.405047029256820679e-01 -3.410550951957702637e-01 8.315024971961975098e-01 4.608306884765625000e-01 -7.049260139465332031e-01 2.334868907928466797e+00 1.214597702026367188e+00 -1.960142850875854492e-01 1.809282779693603516e+00 -3.388616144657135010e-01 3.202121555805206299e-01 -2.067676633596420288e-01 -4.669333994388580322e-01 6.344482302665710449e-01 -1.499829590320587158e-01 -5.000000000000000000e-01 -1.304876565933227539e+00 1.000000000000000000e+00
1.132052540779113770e+00 -7.386675477027893066e-01 1.344014048576354980e+00 -5.563685894012451172e-01 -6.997070312500000000e-01 1.338078498840332031e+00 4.493264853954315186e-01 1.046986699104309082e+00 -1.293722987174987793e+00 2.414646625518798828e+00 4.608306884765625000e-01 1.027078866958618164e+00 -4.282895624637603760e-01 1.214597702026367188e+00 -1.960142850875854492e-01 -5.527051687240600586e-01 -3.388616144657135010e-01 3.202121555805206299e-01 -2.067676633596420288e-01 -4.669333994388580322e-01 6.344482302665710449e-01 -1.499829590320587158e-01 2.000000000000000000e+00 -1.304876565933227539e+00 1.000000000000000000e+00
-1.254565596580505371e+00 -2.408572286367416382e-01 -1.427148938179016113e+00 -6.626065969467163086e-01 -6.997070312500000000e-01 5.100595951080322266e-01 4.493264853954315186e-01 1.046986699104309082e+00 1.564280629158020020e+00 -3.118793964385986328e-01 4.608306884765625000e-01 1.027078866958618164e+00 2.334868907928466797e+00 -8.233178853988647461e-01 -1.960142850875854492e-01 1.809282779693603516e+00 -3.388616144657135010e-01 3.202121555805206299e-01 -2.067676633596420288e-01 -4.669333994388580322e-01 -1.576172709465026855e+00 -1.499829590320587158e-01 2.000000000000000000e+00 -1.304876565933227539e+00 1.000000000000000000e+00
-1.254565596580505371e+00 1.252573728561401367e+00 4.202930629253387451e-01 1.285090684890747070e+00 -6.997070312500000000e-01 -3.179592490196228027e-01 4.493264853954315186e-01 1.405047029256820679e-01 -3.410550951957702637e-01 -5.757367610931396484e-01 -9.571098685264587402e-01 -7.049260139465332031e-01 -4.282895624637603760e-01 1.214597702026367188e+00 -1.960142850875854492e-01 -5.527051687240600586e-01 -3.388616144657135010e-01 3.202121555805206299e-01 -2.067676633596420288e-01 -4.669333994388580322e-01 6.344482302665710449e-01 -1.499829590320587158e-01 -5.000000000000000000e-01 7.663560509681701660e-01 1.000000000000000000e+00
1.132052540779113770e+00 -4.897623956203460693e-01 1.344014048576354980e+00 -5.209559202194213867e-01 -6.997070312500000000e-01 1.338078498840332031e+00 4.493264853954315186e-01 1.046986699104309082e+00 6.116127967834472656e-01 9.194549322128295898e-01 4.608306884765625000e-01 1.027078866958618164e+00 -4.282895624637603760e-01 1.214597702026367188e+00 -1.960142850875854492e-01 -5.527051687240600586e-01 -3.388616144657135010e-01 3.202121555805206299e-01 -2.067676633596420288e-01 -4.669333994388580322e-01 6.344482302665710449e-01 -1.499829590320587158e-01 -5.000000000000000000e-01 7.663560509681701660e-01 1.000000000000000000e+00
1.132052540779113770e+00 7.547634243965148926e-01 1.344014048576354980e+00 -6.059109047055244446e-02 1.833169102668762207e+00 1.338078498840332031e+00 4.493264853954315186e-01 -7.659772634506225586e-01 6.116127967834472656e-01 3.917402327060699463e-01 4.608306884765625000e-01 1.027078866958618164e+00 2.334868907928466797e+00 1.214597702026367188e+00 -1.960142850875854492e-01 -5.527051687240600586e-01 -3.388616144657135010e-01 3.202121555805206299e-01 -2.067676633596420288e-01 -4.669333994388580322e-01 6.344482302665710449e-01 -1.499829590320587158e-01 -5.000000000000000000e-01 7.663560509681701660e-01 1.000000000000000000e+00
3.365131616592407227e-01 -7.386675477027893066e-01 -5.034279823303222656e-01 -9.600377082824707031e-02 -6.997070312500000000e-01 -3.179592490196228027e-01 1.862302780151367188e+00 -1.672459244728088379e+00 6.116127967834472656e-01 -1.015498995780944824e+00 4.608306884765625000e-01 -7.049260139465332031e-01 -4.282895624637603760e-01 -8.233178853988647461e-01 -1.960142850875854492e-01 -5.527051687240600586e-01 -3.388616144657135010e-01 3.202121555805206299e-01 -2.067676633596420288e-01 -4.669333994388580322e-01 6.344482302665710449e-01 -1.499829590320587158e-01 -5.000000000000000000e-01 7.663560509681701660e-01 1.000000000000000000e+00
-4.590262472629547119e-01 -1.236477851867675781e+00 4.202930629253387451e-01 -8.042573332786560059e-01 -6.997070312500000000e-01 -1.973996996879577637e+00 4.493264853954315186e-01 -1.672459244728088379e+00 -3.410550951957702637e-01 -4.802203923463821411e-02 -9.571098685264587402e-01 1.027078866958618164e+00 -4.282895624637603760e-01 1.214597702026367188e+00 -1.960142850875854492e-01 -5.527051687240600586e-01 -3.388616144657135010e-01 3.202121555805206299e-01 -2.067676633596420288e-01 -4.669333994388580322e-01 6.344482302665710449e-01 -1.499829590320587158e-01 -5.000000000000000000e-01 -1.304876565933227539e+00 1.000000000000000000e+00
-1.254565596580505371e+00 -1.236477851867675781e+00 -5.034279823303222656e-01 -9.104953408241271973e-01 -6.997070312500000000e-01 -1.145978093147277832e+00 4.493264853954315186e-01 1.046986699104309082e+00 -1.293722987174987793e+00 4.796926975250244141e-01 4.608306884765625000e-01 -7.049260139465332031e-01 2.334868907928466797e+00 1.214597702026367188e+00 -1.960142850875854492e-01 1.809282779693603516e+00 -3.388616144657135010e-01 3.202121555805206299e-01 -2.067676633596420288e-01 -4.669333994388580322e-01 6.344482302665710449e-01 -1.499829590320587158e-01 2.000000000000000000e+00 -1.304876565933227539e+00 1.000000000000000000e+00
3.365131616592407227e-01 -2.408572286367416382e-01 -5.034279823303222656e-01 -9.600377082824707031e-02 -6.997070312500000000e-01 -1.145978093147277832e+00 -9.636498689651489258e-01 -1.672459244728088379e+00 -3.410550951957702637e-01 8.315024971961975098e-01 -9.571098685264587402e-01 -7.049260139465332031e-01 -4.282895624637603760e-01 -8.233178853988647461e-01 -1.960142850875854492e-01 -5.527051687240600586e-01 -3.388616144657135010e-01 3.202121555805206299e-01 -2.067676633596420288e-01 -4.669333994388580322e-01 6.344482302665710449e-01 -1.499829590320587158e-01 2.000000000000000000e+00 -1.304876565933227539e+00 1.000000000000000000e+00
1.132052540779113770e+00 2.569530904293060303e-01 -1.427148938179016113e+00 -5.917812585830688477e-01 -6.997070312500000000e-01 5.100595951080322266e-01 4.493264853954315186e-01 1.046986699104309082e+00 6.116127967834472656e-01 1.271264791488647461e+00 -2.375050544738769531e+00 -7.049260139465332031e-01 -4.282895624637603760e-01 1.214597702026367188e+00 -1.960142850875854492e-01 -5.527051687240600586e-01 -3.388616144657135010e-01 3.202121555805206299e-01 -2.067676633596420288e-01 -4.669333994388580322e-01 6.344482302665710449e-01 -1.499829590320587158e-01 -5.000000000000000000e-01 7.663560509681701660e-01 1.000000000000000000e+00
-4.590262472629547119e-01 -4.897623956203460693e-01 1.344014048576354980e+00 -3.438925147056579590e-01 5.667310357093811035e-01 -3.179592490196228027e-01 4.493264853954315186e-01 1.046986699104309082e+00 6.116127967834472656e-01 -7.516416907310485840e-01 -2.375050544738769531e+00 -7.049260139465332031e-01 -4.282895624637603760e-01 -8.233178853988647461e-01 -1.960142850875854492e-01 -5.527051687240600586e-01 -3.388616144657135010e-01 3.202121555805206299e-01 -2.067676633596420288e-01 -4.669333994388580322e-01 6.344482302665710449e-01 -1.499829590320587158e-01 -5.000000000000000000e-01 7.663560509681701660e-01 1.000000000000000000e+00
1.132052540779113770e+00 2.248194456100463867e+00 1.344014048576354980e+00 2.949486494064331055e+00 -6.648799777030944824e-02 -3.179592490196228027e-01 -9.636498689651489258e-01 1.046986699104309082e+00 6.116127967834472656e-01 -1.015498995780944824e+00 -2.375050544738769531e+00 1.027078866958618164e+00 -4.282895624637603760e-01 -8.233178853988647461e-01 -1.960142850875854492e-01 -5.527051687240600586e-01 2.951056957244873047e+00 3.202121555805206299e-01 -2.067676633596420288e-01 2.141633033752441406e+00 -1.576172709465026855e+00 -1.499829590320587158e-01 2.000000000000000000e+00 -1.304876565933227539e+00 1.000000000000000000e+00
-1.254565596580505371e+00 1.252573728561401367e+00 -5.034279823303222656e-01 2.581230103969573975e-01 -6.997070312500000000e-01 -1.973996996879577637e+00 4.493264853954315186e-01 1.405047029256820679e-01 -3.410550951957702637e-01 -4.877842962741851807e-01 4.608306884765625000e-01 -7.049260139465332031e-01 -4.282895624637603760e-01 1.214597702026367188e+00 -1.960142850875854492e-01 -5.527051687240600586e-01 -3.388616144657135010e-01 3.202121555805206299e-01 -2.067676633596420288e-01 -4.669333994388580322e-01 6.344482302665710449e-01 -1.499829590320587158e-01 -5.000000000000000000e-01 -1.304876565933227539e+00 1.000000000000000000e+00
-4.590262472629547119e-01 2.248194456100463867e+00 -1.427148938179016113e+00 1.164722964167594910e-01 -6.648799777030944824e-02 5.100595951080322266e-01 4.493264853954315186e-01 -7.659772634506225586e-01 6.116127967834472656e-01 -4.877842962741851807e-01 4.608306884765625000e-01 -7.049260139465332031e-01 -4.282895624637603760e-01 -8.233178853988647461e-01 -1.960142850875854492e-01 -5.527051687240600586e-01 -3.388616144657135010e-01 3.202121555805206299e-01 -2.067676633596420288e-01 -4.669333994388580322e-01 6.344482302665710449e-01 -1.499829590320587158e-01 -5.000000000000000000e-01 7.663560509681701660e-01 1.000000000000000000e+00
-1.254565596580505371e+00 -4.897623956203460693e-01 -5.034279823303222656e-01 -6.626065969467163086e-01 -6.997070312500000000e-01 -3.179592490196228027e-01 -9.636498689651489258e-01 1.046986699104309082e+00 6.116127967834472656e-01 -6.636891961097717285e-01 4.608306884765625000e-01 -7.049260139465332031e-01 -4.282895624637603760e-01 -8.233178853988647461e-01 -1.960142850875854492e-01 1.809282779693603516e+00 -3.388616144657135010e-01 3.202121555805206299e-01 -2.067676633596420288e-01 2.141633033752441406e+00 -1.576172709465026855e+00 -1.499829590320587158e-01 -5.000000000000000000e-01 7.663560509681701660e-01 1.000000000000000000e+00
-1.254565596580505371e+00 -1.236477851867675781e+00 1.344014048576354980e+00 -8.396700024604797363e-01 -6.997070312500000000e-01 1.338078498840332031e+00 -9.636498689651489258e-01 1.046986699104309082e+00 1.564280629158020020e+00 3.037877678871154785e-01 4.608306884765625000e-01 1.027078866958618164e+00 -4.282895624637603760e-01 1.214597702026367188e+00 -1.960142850875854492e-01 1.809282779693603516e+00 -3.388616144657135010e-01 3.202121555805206299e-01 -2.067676633596420288e-01 -4.669333994388580322e-01 6.344482302665710449e-01 -1.499829590320587158e-01 -5.000000000000000000e-01 7.663560509681701660e-01 1.000000000000000000e+00
1.132052540779113770e+00 -4.897623956203460693e-01 1.344014048576354980e+00 -6.626065969467163086e-01 -6.997070312500000000e-01 -3.179592490196228027e-01 4.493264853954315186e-01 -7.659772634506225586e-01 -3.410550951957702637e-01 -3.998318612575531006e-01 4.608306884765625000e-01 1.027078866958618164e+00 -4.282895624637603760e-01 -8.233178853988647461e-01 -1.960142850875854492e-01 -5.527051687240600586e-01 -3.388616144657135010e-01 3.202121555805206299e-01 -2.067676633596420288e-01 -4.669333994388580322e-01 6.344482302665710449e-01 -1.499829590320587158e-01 -5.000000000000000000e-01 7.663560509681701660e-01 1.000000000000000000e+00
1.132052540779113770e+00 -1.236477851867675781e+00 1.344014048576354980e+00 -7.334319353103637695e-01 1.833169102668762207e+00 -3.179592490196228027e-01 1.862302780151367188e+00 -7.659772634506225586e-01 -3.410550951957702637e-01 -7.516416907310485840e-01 4.608306884765625000e-01 1.027078866958618164e+00 -4.282895624637603760e-01 -8.233178853988647461e-01 -1.960142850875854492e-01 -5.527051687240600586e-01 -3.388616144657135010e-01 3.202121555805206299e-01 -2.067676633596420288e-01 -4.669333994388580322e-01 6.344482302665710449e-01 -1.499829590320587158e-01 -5.000000000000000000e-01 7.663560509681701660e-01 1.000000000000000000e+00
1.132052540779113770e+00 -4.897623956203460693e-01 -5.034279823303222656e-01 1.164722964167594910e-01 -6.997070312500000000e-01 1.338078498840332031e+00 -9.636498689651489258e-01 -7.659772634506225586e-01 6.116127967834472656e-01 1.623074531555175781e+00 -2.375050544738769531e+00 -7.049260139465332031e-01 -4.282895624637603760e-01 1.214597702026367188e+00 -1.960142850875854492e-01 -5.527051687240600586e-01 -3.388616144657135010e-01 3.202121555805206299e-01 -2.067676633596420288e-01 2.141633033752441406e+00 -1.576172709465026855e+00 -1.499829590320587158e-01 -5.000000000000000000e-01 -1.304876565933227539e+00 1.000000000000000000e+00
3.365131616592407227e-01 -9.875727295875549316e-01 -5.034279823303222656e-01 -9.104953408241271973e-01 -6.997070312500000000e-01 -3.179592490196228027e-01 -9.636498689651489258e-01 -7.659772634506225586e-01 -1.293722987174987793e+00 -6.636891961097717285e-01 4.608306884765625000e-01 -7.049260139465332031e-01 -4.282895624637603760e-01 -8.233178853988647461e-01 -1.960142850875854492e-01 -5.527051687240600586e-01 -3.388616144657135010e-01 3.202121555805206299e-01 -2.067676633596420288e-01 -4.669333994388580322e-01 6.344482302665710449e-01 -1.499829590320587158e-01 2.000000000000000000e+00 -1.304876565933227539e+00 1.000000000000000000e+00
-1.254565596580505371e+00 -7.386675477027893066e-01 -5.034279823303222656e-01 -6.980192661285400391e-01 -6.997070312500000000e-01 -1.145978093147277832e+00 -9.636498689651489258e-01 -1.672459244728088379e+00 -1.293722987174987793e+00 1.278828680515289307e-01 4.608306884765625000e-01 -7.049260139465332031e-01 -4.282895624637603760e-01 -8.233178853988647461e-01 -1.960142850875854492e-01 1.809282779693603516e+00 -3.388616144657135010e-01 3.202121555805206299e-01 -2.067676633596420288e-01 -4.669333994388580322e-01 6.344482302665710449e-01 -1.499829590320587158e-01 2.000000000000000000e+00 -1.304876565933227539e+00 1.000000000000000000e+00
-4.590262472629547119e-01 -1.236477851867675781e+00 -5.034279823303222656e-01 -9.459080100059509277e-01 -6.997070312500000000e-01 -1.145978093147277832e+00 1.862302780151367188e+00 1.405047029256820679e-01 -1.293722987174987793e+00 -8.395941257476806641e-01 4.608306884765625000e-01 -7.049260139465332031e-01 -4.282895624637603760e-01 -8.233178853988647461e-01 5.101668834686279297e+00 -5.527051687240600586e-01 -3.388616144657135010e-01 3.202121555805206299e-01 -2.067676633596420288e-01 -4.669333994388580322e-01 6.344482302665710449e-01 -1.499829590320587158e-01 2.000000000000000000e+00 -1.304876565933227539e+00 1.000000000000000000e+00
-1.254565596580505371e+00 -2.408572286367416382e-01 1.344014048576354980e+00 -4.855432212352752686e-01 -6.997070312500000000e-01 5.100595951080322266e-01 1.862302780151367188e+00 -1.672459244728088379e+00 -3.410550951957702637e-01 -3.118793964385986328e-01 4.608306884765625000e-01 1.027078866958618164e+00 -4.282895624637603760e-01 1.214597702026367188e+00 -1.960142850875854492e-01 -5.527051687240600586e-01 -3.388616144657135010e-01 3.202121555805206299e-01 -2.067676633596420288e-01 -4.669333994388580322e-01 6.344482302665710449e-01 -1.499829590320587158e-01 -5.000000000000000000e-01 -1.304876565933227539e+00 1.000000000000000000e+00
-4.590262472629547119e-01 2.569530904293060303e-01 -5.034279823303222656e-01 -4.501305520534515381e-01 -6.997070312500000000e-01 1.338078498840332031e+00 -9.636498689651489258e-01 1.046986699104309082e+00 6.116127967834472656e-01 -1.367308855056762695e+00 4.608306884765625000e-01 -7.049260139465332031e-01 -4.282895624637603760e-01 1.214597702026367188e+00 -1.960142850875854492e-01 -5.527051687240600586e-01 -3.388616144657135010e-01 3.202121555805206299e-01 -2.067676633596420288e-01 -4.669333994388580322e-01 6.344482302665710449e-01 -1.499829590320587158e-01 -5.000000000000000000e-01 7.663560509681701660e-01 1.000000000000000000e+00
-4.590262472629547119e-01 -9.875727295875549316e-01 -5.034279823303222656e-01 -8.750826716423034668e-01 5.667310357093811035e-01 -3.179592490196228027e-01 -9.636498689651489258e-01 1.405047029256820679e-01 -1.293722987174987793e+00 2.678503990173339844e+00 4.608306884765625000e-01 -7.049260139465332031e-01 -4.282895624637603760e-01 -8.233178853988647461e-01 -1.960142850875854492e-01 -5.527051687240600586e-01 -3.388616144657135010e-01 3.202121555805206299e-01 -2.067676633596420288e-01 -4.669333994388580322e-01 6.344482302665710449e-01 -1.499829590320587158e-01 2.000000000000000000e+00 -1.304876565933227539e+00 1.000000000000000000e+00
1.132052540779113770e+00 -8.216359019279479980e-01 -5.034279823303222656e-01 -4.147178530693054199e-01 1.199950098991394043e+00 1.338078498840332031e+00 -2.376626253128051758e+00 -7.659772634506225586e-01 -1.293722987174987793e+00 -6.636891961097717285e-01 4.608306884765625000e-01 -7.049260139465332031e-01 -4.282895624637603760e-01 1.214597702026367188e+00 -1.960142850875854492e-01 -5.527051687240600586e-01 -3.388616144657135010e-01 3.202121555805206299e-01 -2.067676633596420288e-01 -4.669333994388580322e-01 6.344482302665710449e-01 -1.499829590320587158e-01 -5.000000000000000000e-01 7.663560509681701660e-01 1.000000000000000000e+00
-4.590262472629547119e-01 -7.386675477027893066e-01 1.344014048576354980e+00 1.164722964167594910e-01 -6.997070312500000000e-01 1.338078498840332031e+00 4.493264853954315186e-01 1.046986699104309082e+00 6.116127967834472656e-01 -6.636891961097717285e-01 4.608306884765625000e-01 2.759083747863769531e+00 -4.282895624637603760e-01 1.214597702026367188e+00 -1.960142850875854492e-01 -5.527051687240600586e-01 -3.388616144657135010e-01 3.202121555805206299e-01 -2.067676633596420288e-01 2.141633033752441406e+00 -1.576172709465026855e+00 -1.499829590320587158e-01 -5.000000000000000000e-01 7.663560509681701660e-01 1.000000000000000000e+00
-1.254565596580505371e+00 -1.236477851867675781e+00 -5.034279823303222656e-01 -6.626065969467163086e-01 -6.997070312500000000e-01 -3.179592490196228027e-01 4.493264853954315186e-01 -7.659772634506225586e-01 -1.293722987174987793e+00 3.993041440844535828e-02 -2.375050544738769531e+00 -7.049260139465332031e-01 -4.282895624637603760e-01 1.214597702026367188e+00 -1.960142850875854492e-01 -5.527051687240600586e-01 -3.388616144657135010e-01 3.202121555805206299e-01 -2.067676633596420288e-01 -4.669333994388580322e-01 6.344482302665710449e-01 -1.499829590320587158e-01 2.000000000000000000e+00 -1.304876565933227539e+00 1.000000000000000000e+00
-1.254565596580505371e+00 -1.236477851867675781e+00 1.344014048576354980e+00 -4.855432212352752686e-01 -6.997070312500000000e-01 -1.973996996879577637e+00 4.493264853954315186e-01 1.046986699104309082e+00 1.564280629158020020e+00 3.993041440844535828e-02 4.608306884765625000e-01 2.759083747863769531e+00 -4.282895624637603760e-01 1.214597702026367188e+00 -1.960142850875854492e-01 -5.527051687240600586e-01 -3.388616144657135010e-01 3.202121555805206299e-01 -2.067676633596420288e-01 -4.669333994388580322e-01 -1.576172709465026855e+00 -1.499829590320587158e-01 -5.000000000000000000e-01 -1.304876565933227539e+00 1.000000000000000000e+00
-4.590262472629547119e-01 -2.408572286367416382e-01 1.344014048576354980e+00 1.462154030799865723e+00 -6.997070312500000000e-01 -1.973996996879577637e+00 4.493264853954315186e-01 1.046986699104309082e+00 -3.410550951957702637e-01 3.917402327060699463e-01 -9.571098685264587402e-01 1.027078866958618164e+00 -4.282895624637603760e-01 1.214597702026367188e+00 -1.960142850875854492e-01 -5.527051687240600586e-01 -3.388616144657135010e-01 3.202121555805206299e-01 -2.067676633596420288e-01 -4.669333994388580322e-01 6.344482302665710449e-01 -1.499829590320587158e-01 -5.000000000000000000e-01 -1.304876565933227539e+00 1.000000000000000000e+00
1.132052540779113770e+00 -9.046043157577514648e-01 -5.034279823303222656e-01 -3.793051838874816895e-01 -6.997070312500000000e-01 -3.179592490196228027e-01 4.493264853954315186e-01 -7.659772634506225586e-01 -1.293722987174987793e+00 -9.275465607643127441e-01 -2.375050544738769531e+00 -7.049260139465332031e-01 -4.282895624637603760e-01 -8.233178853988647461e-01 -1.960142850875854492e-01 -5.527051687240600586e-01 -3.388616144657135010e-01 3.202121555805206299e-01 -2.067676633596420288e-01 2.141633033752441406e+00 -1.576172709465026855e+00 -1.499829590320587158e-01 2.000000000000000000e+00 -1.304876565933227539e+00 1.000000000000000000e+00
-4.590262472629547119e-01 -7.386675477027893066e-01 -5.034279823303222656e-01 -7.688446044921875000e-01 -6.997070312500000000e-01 5.100595951080322266e-01 4.493264853954315186e-01 1.405047029256820679e-01 -1.293722987174987793e+00 -5.757367610931396484e-01 4.608306884765625000e-01 1.027078866958618164e+00 -4.282895624637603760e-01 -8.233178853988647461e-01 5.101668834686279297e+00 -5.527051687240600586e-01 -3.388616144657135010e-01 -3.122929334640502930e+00 -2.067676633596420288e-01 -4.669333994388580322e-01 6.344482302665710449e-01 -1.499829590320587158e-01 -5.000000000000000000e-01 7.663560509681701660e-01 1.000000000000000000e+00
-1.254565596580505371e+00 -1.236477851867675781e+00 1.344014048576354980e+00 1.518849730491638184e-01 -6.997070312500000000e-01 -3.179592490196228027e-01 4.493264853954315186e-01 1.405047029256820679e-01 -1.293722987174987793e+00 1.278828680515289307e-01 4.608306884765625000e-01 2.759083747863769531e+00 2.334868907928466797e+00 -8.233178853988647461e-01 -1.960142850875854492e-01 1.809282779693603516e+00 -3.388616144657135010e-01 3.202121555805206299e-01 -2.067676633596420288e-01 2.141633033752441406e+00 -1.576172709465026855e+00 -1.499829590320587158e-01 -5.000000000000000000e-01 7.663560509681701660e-01 1.000000000000000000e+00
-4.590262472629547119e-01 -1.236477851867675781e+00 -5.034279823303222656e-01 4.011866569519042969e+00 1.833169102668762207e+00 -1.973996996879577637e+00 4.493264853954315186e-01 -7.659772634506225586e-01 -3.410550951957702637e-01 -1.103451490402221680e+00 4.608306884765625000e-01 -7.049260139465332031e-01 -4.282895624637603760e-01 1.214597702026367188e+00 -1.960142850875854492e-01 1.809282779693603516e+00 -3.388616144657135010e-01 3.202121555805206299e-01 -2.067676633596420288e-01 -4.669333994388580322e-01 6.344482302665710449e-01 6.667424201965332031e+00 -5.000000000000000000e-01 -1.304876565933227539e+00 1.000000000000000000e+00
-4.590262472629547119e-01 1.252573728561401367e+00 -5.034279823303222656e-01 5.414243936538696289e-01 -6.997070312500000000e-01 -1.145978093147277832e+00 -9.636498689651489258e-01 -1.672459244728088379e+00 1.564280629158020020e+00 -4.877842962741851807e-01 4.608306884765625000e-01 -7.049260139465332031e-01 -4.282895624637603760e-01 1.214597702026367188e+00 -1.960142850875854492e-01 -5.527051687240600586e-01 -3.388616144657135010e-01 3.202121555805206299e-01 -2.067676633596420288e-01 -4.669333994388580322e-01 6.344482302665710449e-01 -1.499829590320587158e-01 -5.000000000000000000e-01 -1.304876565933227539e+00 1.000000000000000000e+00
1.132052540779113770e+00 2.569530904293060303e-01 4.202930629253387451e-01 -9.104953408241271973e-01 1.833169102668762207e+00 1.338078498840332031e+00 1.862302780151367188e+00 1.046986699104309082e+00 6.116127967834472656e-01 1.623074531555175781e+00 4.608306884765625000e-01 1.027078866958618164e+00 -4.282895624637603760e-01 1.214597702026367188e+00 -1.960142850875854492e-01 1.809282779693603516e+00 -3.388616144657135010e-01 3.202121555805206299e-01 -2.067676633596420288e-01 -4.669333994388580322e-01 6.344482302665710449e-01 -1.499829590320587158e-01 -5.000000000000000000e-01 7.663560509681701660e-01 1.000000000000000000e+00
-4.590262472629547119e-01 -4.067940115928649902e-01 1.344014048576354980e+00 -7.334319353103637695e-01 -6.997070312500000000e-01 -1.973996996879577637e+00 4.493264853954315186e-01 1.405047029256820679e-01 6.116127967834472656e-01 2.854408979415893555e+00 4.608306884765625000e-01 2.759083747863769531e+00 -4.282895624637603760e-01 1.214597702026367188e+00 -1.960142850875854492e-01 1.809282779693603516e+00 -3.388616144657135010e-01 3.202121555805206299e-01 -2.067676633596420288e-01 -4.669333994388580322e-01 -1.576172709465026855e+00 6.667424201965332031e+00 -5.000000000000000000e-01 -1.304876565933227539e+00 1.000000000000000000e+00
-1.254565596580505371e+00 -2.408572286367416382e-01 1.344014048576354980e+00 7.184877991676330566e-01 -6.997070312500000000e-01 1.338078498840332031e+00 4.493264853954315186e-01 1.046986699104309082e+00 1.564280629158020020e+00 3.993041440844535828e-02 4.608306884765625000e-01 2.759083747863769531e+00 -4.282895624637603760e-01 1.214597702026367188e+00 -1.960142850875854492e-01 1.809282779693603516e+00 -3.388616144657135010e-01 3.202121555805206299e-01 -2.067676633596420288e-01 -4.669333994388580322e-01 -1.576172709465026855e+00 -1.499829590320587158e-01 -5.000000000000000000e-01 -1.304876565933227539e+00 1.000000000000000000e+00
-1.254565596580505371e+00 -7.386675477027893066e-01 1.344014048576354980e+00 -6.626065969467163086e-01 -6.997070312500000000e-01 1.338078498840332031e+00 4.493264853954315186e-01 1.405047029256820679e-01 -1.293722987174987793e+00 1.623074531555175781e+00 4.608306884765625000e-01 -7.049260139465332031e-01 -4.282895624637603760e-01 -8.233178853988647461e-01 -1.960142850875854492e-01 -5.527051687240600586e-01 2.951056957244873047e+00 3.202121555805206299e-01 -2.067676633596420288e-01 -4.669333994388580322e-01 6.344482302665710449e-01 -1.499829590320587158e-01 -5.000000000000000000e-01 7.663560509681701660e-01 1.000000000000000000e+00
1.132052540779113770e+00 -2.408572286367416382e-01 1.344014048576354980e+00 -5.209559202194213867e-01 -6.997070312500000000e-01 -3.179592490196228027e-01 -9.636498689651489258e-01 -7.659772634506225586e-01 1.564280629158020020e+00 -6.636891961097717285e-01 4.608306884765625000e-01 1.027078866958618164e+00 -4.282895624637603760e-01 -8.233178853988647461e-01 -1.960142850875854492e-01 -5.527051687240600586e-01 -3.388616144657135010e-01 3.202121555805206299e-01 -2.067676633596420288e-01 -4.669333994388580322e-01 6.344482302665710449e-01 -1.499829590320587158e-01 -5.000000000000000000e-01 7.663560509681701660e-01 1.000000000000000000e+00
-4.590262472629547119e-01 -7.386675477027893066e-01 -5.034279823303222656e-01 -8.042573332786560059e-01 1.199950098991394043e+00 -3.179592490196228027e-01 1.862302780151367188e+00 -1.672459244728088379e+00 -1.293722987174987793e+00 -1.191403985023498535e+00 4.608306884765625000e-01 -7.049260139465332031e-01 -4.282895624637603760e-01 -8.233178853988647461e-01 -1.960142850875854492e-01 1.809282779693603516e+00 -3.388616144657135010e-01 3.202121555805206299e-01 -2.067676633596420288e-01 -4.669333994388580322e-01 6.344482302665710449e-01 -1.499829590320587158e-01 -5.000000000000000000e-01 7.663560509681701660e-01 1.000000000000000000e+00
1.132052540779113770e+00 2.569530904293060303e-01 -5.034279823303222656e-01 -7.334319353103637695e-01 -6.997070312500000000e-01 -1.145978093147277832e+00 1.862302780151367188e+00 -7.659772634506225586e-01 -1.293722987174987793e+00 -6.636891961097717285e-01 4.608306884765625000e-01 -7.049260139465332031e-01 -4.282895624637603760e-01 -8.233178853988647461e-01 -1.960142850875854492e-01 1.809282779693603516e+00 -3.388616144657135010e-01 3.202121555805206299e-01 -2.067676633596420288e-01 -4.669333994388580322e-01 6.344482302665710449e-01 -1.499829590320587158e-01 -5.000000000000000000e-01 7.663560509681701660e-01 1.000000000000000000e+00
-4.590262472629547119e-01 3.243814945220947266e+00 4.202930629253387451e-01 1.462154030799865723e+00 1.833169102668762207e+00 -3.179592490196228027e-01 4.493264853954315186e-01 -1.672459244728088379e+00 -1.293722987174987793e+00 -7.516416907310485840e-01 4.608306884765625000e-01 -7.049260139465332031e-01 -4.282895624637603760e-01 -8.233178853988647461e-01 -1.960142850875854492e-01 -5.527051687240600586e-01 -3.388616144657135010e-01 3.202121555805206299e-01 -2.067676633596420288e-01 -4.669333994388580322e-01 6.344482302665710449e-01 -1.499829590320587158e-01 2.000000000000000000e+00 -1.304876565933227539e+00 1.000000000000000000e+00
1.132052540779113770e+00 2.569530904293060303e-01 1.344014048576354980e+00 1.872976422309875488e-01 1.199950098991394043e+00 -3.179592490196228027e-01 4.493264853954315186e-01 1.046986699104309082e+00 -1.293722987174987793e+00 1.271264791488647461e+00 4.608306884765625000e-01 -7.049260139465332031e-01 -4.282895624637603760e-01 1.214597702026367188e+00 -1.960142850875854492e-01 -5.527051687240600586e-01 -3.388616144657135010e-01 3.202121555805206299e-01 -2.067676633596420288e-01 -4.669333994388580322e-01 6.344482302665710449e-01 -1.499829590320587158e-01 -5.000000000000000000e-01 7.663560509681701660e-01 1.000000000000000000e+00
-1.254565596580505371e+00 1.252573728561401367e+00 1.344014048576354980e+00 1.037201881408691406e+00 -6.997070312500000000e-01 -1.145978093147277832e+00 -9.636498689651489258e-01 1.046986699104309082e+00 1.564280629158020020e+00 -1.103451490402221680e+00 4.608306884765625000e-01 1.027078866958618164e+00 -4.282895624637603760e-01 1.214597702026367188e+00 -1.960142850875854492e-01 -5.527051687240600586e-01 -3.388616144657135010e-01 -3.122929334640502930e+00 4.836346149444580078e+00 2.141633033752441406e+00 -1.576172709465026855e+00 -1.499829590320587158e-01 2.000000000000000000e+00 -1.304876565933227539e+00 1.000000000000000000e+00
-4.590262472629547119e-01 -8.216359019279479980e-01 4.202930629253387451e-01 5.414243936538696289e-01 -6.997070312500000000e-01 5.100595951080322266e-01 4.493264853954315186e-01 1.046986699104309082e+00 -3.410550951957702637e-01 1.359217166900634766e+00 4.608306884765625000e-01 -7.049260139465332031e-01 -4.282895624637603760e-01 -8.233178853988647461e-01 -1.960142850875854492e-01 -5.527051687240600586e-01 -3.388616144657135010e-01 3.202121555805206299e-01 -2.067676633596420288e-01 -4.669333994388580322e-01 6.344482302665710449e-01 -1.499829590320587158e-01 -5.000000000000000000e-01 7.663560509681701660e-01 1.000000000000000000e+00
1.132052540779113770e+00 2.569530904293060303e-01 -5.034279823303222656e-01 -2.376544773578643799e-01 1.199950098991394043e+00 -3.179592490196228027e-01 -9.636498689651489258e-01 1.046986699104309082e+00 6.116127967834472656e-01 -6.636891961097717285e-01 4.608306884765625000e-01 -7.049260139465332031e-01 -4.282895624637603760e-01 1.214597702026367188e+00 -1.960142850875854492e-01 -5.527051687240600586e-01 2.951056957244873047e+00 3.202121555805206299e-01 -2.067676633596420288e-01 2.141633033752441406e+00 -1.576172709465026855e+00 -1.499829590320587158e-01 -5.000000000000000000e-01 7.663560509681701660e-01 1.000000000000000000e+00
-4.590262472629547119e-01 2.569530904293060303e-01 4.202930629253387451e-01 -4.147178530693054199e-01 -6.997070312500000000e-01 -1.973996996879577637e+00 -9.636498689651489258e-01 -7.659772634506225586e-01 -3.410550951957702637e-01 -1.359744966030120850e-01 4.608306884765625000e-01 -7.049260139465332031e-01 -4.282895624637603760e-01 1.214597702026367188e+00 -1.960142850875854492e-01 -5.527051687240600586e-01 -3.388616144657135010e-01 3.202121555805206299e-01 -2.067676633596420288e-01 -4.669333994388580322e-01 6.344482302665710449e-01 -1.499829590320587158e-01 -5.000000000000000000e-01 -1.304876565933227539e+00 1.000000000000000000e+00
1.132052540779113770e+00 1.252573728561401367e+00 -5.034279823303222656e-01 -6.059109047055244446e-02 1.833169102668762207e+00 -3.179592490196228027e-01 4.493264853954315186e-01 1.046986699104309082e+00 -1.293722987174987793e+00 3.993041440844535828e-02 4.608306884765625000e-01 -7.049260139465332031e-01 -4.282895624637603760e-01 -8.233178853988647461e-01 -1.960142850875854492e-01 1.809282779693603516e+00 -3.388616144657135010e-01 3.202121555805206299e-01 -2.067676633596420288e-01 -4.669333994388580322e-01 6.344482302665710449e-01 -1.499829590320587158e-01 -5.000000000000000000e-01 7.663560509681701660e-01 1.000000000000000000e+00
-1.254565596580505371e+00 -2.408572286367416382e-01 -5.034279823303222656e-01 -4.855432212352752686e-01 1.833169102668762207e+00 5.100595951080322266e-01 1.862302780151367188e+00 1.046986699104309082e+00 6.116127967834472656e-01 -1.103451490402221680e+00 4.608306884765625000e-01 1.027078866958618164e+00 -4.282895624637603760e-01 -8.233178853988647461e-01 -1.960142850875854492e-01 -5.527051687240600586e-01 -3.388616144657135010e-01 3.202121555805206299e-01 -2.067676633596420288e-01 2.141633033752441406e+00 -1.576172709465026855e+00 -1.499829590320587158e-01 2.000000000000000000e+00 -1.304876565933227539e+00 1.000000000000000000e+00
-1.254565596580505371e+00 -9.875727295875549316e-01 -5.034279823303222656e-01 -9.104953408241271973e-01 -6.997070312500000000e-01 -3.179592490196228027e-01 4.493264853954315186e-01 1.405047029256820679e-01 6.116127967834472656e-01 -6.636891961097717285e-01 4.608306884765625000e-01 -7.049260139465332031e-01 -4.282895624637603760e-01 -8.233178853988647461e-01 -1.960142850875854492e-01 1.809282779693603516e+00 -3.388616144657135010e-01 3.202121555805206299e-01 -2.067676633596420288e-01 -4.669333994388580322e-01 6.344482302665710449e-01 -1.499829590320587158e-01 2.000000000000000000e+00 -1.304876565933227539e+00 1.000000000000000000e+00
1.132052540779113770e+00 -7.386675477027893066e-01 -2.350869894027709961e+00 -1.668291240930557251e-01 -6.997070312500000000e-01 1.338078498840332031e+00 4.493264853954315186e-01 1.046986699104309082e+00 -3.410550951957702637e-01 -1.359744966030120850e-01 4.608306884765625000e-01 1.027078866958618164e+00 -4.282895624637603760e-01 -8.233178853988647461e-01 -1.960142850875854492e-01 -5.527051687240600586e-01 -3.388616144657135010e-01 3.202121555805206299e-01 -2.067676633596420288e-01 -4.669333994388580322e-01 6.344482302665710449e-01 -1.499829590320587158e-01 -5.000000000000000000e-01 7.663560509681701660e-01 1.000000000000000000e+00
-1.254565596580505371e+00 -1.236477851867675781e+00 1.344014048576354980e+00 -1.052146077156066895e+00 5.667310357093811035e-01 1.338078498840332031e+00 4.493264853954315186e-01 1.046986699104309082e+00 6.116127967834472656e-01 1.447169661521911621e+00 4.608306884765625000e-01 1.027078866958618164e+00 -4.282895624637603760e-01 -8.233178853988647461e-01 -1.960142850875854492e-01 -5.527051687240600586e-01 -3.388616144657135010e-01 3.202121555805206299e-01 -2.067676633596420288e-01 -4.669333994388580322e-01 6.344482302665710449e-01 -1.499829590320587158e-01 -5.000000000000000000e-01 7.663560509681701660e-01 1.000000000000000000e+00
1.132052540779113770e+00 8.047933690249919891e-03 4.202930629253387451e-01 -2.376544773578643799e-01 5.667310357093811035e-01 -1.145978093147277832e+00 4.493264853954315186e-01 -7.659772634506225586e-01 -1.293722987174987793e+00 4.796926975250244141e-01 -2.375050544738769531e+00 -7.049260139465332031e-01 2.334868907928466797e+00 -8.233178853988647461e-01 -1.960142850875854492e-01 -5.527051687240600586e-01 -3.388616144657135010e-01 3.202121555805206299e-01 -2.067676633596420288e-01 -4.669333994388580322e-01 6.344482302665710449e-01 -1.499829590320587158e-01 2.000000000000000000e+00 -1.304876565933227539e+00 1.000000000000000000e+00
-1.254565596580505371e+00 -7.386675477027893066e-01 -5.034279823303222656e-01 -6.271939277648925781e-01 -6.997070312500000000e-01 -3.179592490196228027e-01 -9.636498689651489258e-01 -1.672459244728088379e+00 6.116127967834472656e-01 -1.103451490402221680e+00 -2.375050544738769531e+00 -7.049260139465332031e-01 -4.282895624637603760e-01 -8.233178853988647461e-01 -1.960142850875854492e-01 -5.527051687240600586e-01 -3.388616144657135010e-01 3.202121555805206299e-01 -2.067676633596420288e-01 -4.669333994388580322e-01 6.344482302665710449e-01 -1.499829590320587158e-01 -5.000000000000000000e-01 7.663560509681701660e-01 1.000000000000000000e+00
-1.254565596580505371e+00 7.547634243965148926e-01 1.344014048576354980e+00 2.595359802246093750e+00 -6.997070312500000000e-01 1.338078498840332031e+00 4.493264853954315186e-01 1.046986699104309082e+00 1.564280629158020020e+00 2.158353179693222046e-01 4.608306884765625000e-01 2.759083747863769531e+00 2.334868907928466797e+00 1.214597702026367188e+00 -1.960142850875854492e-01 -5.527051687240600586e-01 2.951056957244873047e+00 3.202121555805206299e-01 -2.067676633596420288e-01 -4.669333994388580322e-01 -1.576172709465026855e+00 -1.499829590320587158e-01 -5.000000000000000000e-01 -1.304876565933227539e+00 1.000000000000000000e+00
1.132052540779113770e+00 -7.386675477027893066e-01 -5.034279823303222656e-01 -3.438925147056579590e-01 1.833169102668762207e+00 -3.179592490196228027e-01 4.493264853954315186e-01 1.046986699104309082e+00 1.564280629158020020e+00 1.278828680515289307e-01 4.608306884765625000e-01 -7.049260139465332031e-01 -4.282895624637603760e-01 1.214597702026367188e+00 -1.960142850875854492e-01 -5.527051687240600586e-01 -3.388616144657135010e-01 3.202121555805206299e-01 -2.067676633596420288e-01 -4.669333994388580322e-01 -1.576172709465026855e+00 -1.499829590320587158e-01 -5.000000000000000000e-01 7.663560509681701660e-01 1.000000000000000000e+00
1.132052540779113770e+00 -9.046043157577514648e-01 -5.034279823303222656e-01 -1.314164400100708008e-01 1.833169102668762207e+00 -1.145978093147277832e+00 -9.636498689651489258e-01 1.046986699104309082e+00 -1.293722987174987793e+00 -3.998318612575531006e-01 4.608306884765625000e-01 -7.049260139465332031e-01 -4.282895624637603760e-01 -8.233178853988647461e-01 -1.960142850875854492e-01 -5.527051687240600586e-01 2.951056957244873047e+00 3.202121555805206299e-01 -2.067676633596420288e-01 2.141633033752441406e+00 -1.576172709465026855e+00 -1.499829590320587158e-01 -5.000000000000000000e-01 7.663560509681701660e-01 1.000000000000000000e+00
1.132052540779113770e+00 2.569530904293060303e-01 -5.034279823303222656e-01 -2.022417932748794556e-01 -6.997070312500000000e-01 1.338078498840332031e+00 4.493264853954315186e-01 1.046986699104309082e+00 6.116127967834472656e-01 -4.802203923463821411e-02 4.608306884765625000e-01 -7.049260139465332031e-01 -4.282895624637603760e-01 1.214597702026367188e+00 -1.960142850875854492e-01 -5.527051687240600586e-01 2.951056957244873047e+00 3.202121555805206299e-01 -2.067676633596420288e-01 -4.669333994388580322e-01 6.344482302665710449e-01 -1.499829590320587158e-01 -5.000000000000000000e-01 -1.304876565933227539e+00 1.000000000000000000e+00
-1.254565596580505371e+00 -7.386675477027893066e-01 4.202930629253387451e-01 -6.980192661285400391e-01 -6.997070312500000000e-01 -3.179592490196228027e-01 4.493264853954315186e-01 -7.659772634506225586e-01 -1.293722987174987793e+00 6.555975675582885742e-01 4.608306884765625000e-01 1.027078866958618164e+00 2.334868907928466797e+00 -8.233178853988647461e-01 -1.960142850875854492e-01 1.809282779693603516e+00 -3.388616144657135010e-01 3.202121555805206299e-01 -2.067676633596420288e-01 -4.669333994388580322e-01 6.344482302665710449e-01 -1.499829590320587158e-01 2.000000000000000000e+00 -1.304876565933227539e+00 1.000000000000000000e+00
-4.590262472629547119e-01 8.047933690249919891e-03 1.344014048576354980e+00 1.518849730491638184e-01 -6.997070312500000000e-01 5.100595951080322266e-01 4.493264853954315186e-01 1.405047029256820679e-01 -3.410550951957702637e-01 -7.516416907310485840e-01 4.608306884765625000e-01 1.027078866958618164e+00 -4.282895624637603760e-01 -8.233178853988647461e-01 -1.960142850875854492e-01 -5.527051687240600586e-01 -3.388616144657135010e-01 3.202121555805206299e-01 -2.067676633596420288e-01 -4.669333994388580322e-01 6.344482302665710449e-01 -1.499829590320587158e-01 -5.000000000000000000e-01 7.663560509681701660e-01 1.000000000000000000e+00
-4.590262472629547119e-01 7.547634243965148926e-01 -5.034279823303222656e-01 1.872976422309875488e-01 -6.997070312500000000e-01 -1.145978093147277832e+00 1.862302780151367188e+00 -1.672459244728088379e+00 -3.410550951957702637e-01 -1.191403985023498535e+00 4.608306884765625000e-01 -7.049260139465332031e-01 -4.282895624637603760e-01 -8.233178853988647461e-01 -1.960142850875854492e-01 -5.527051687240600586e-01 -3.388616144657135010e-01 3.202121555805206299e-01 -2.067676633596420288e-01 -4.669333994388580322e-01 6.344482302665710449e-01 -1.499829590320587158e-01 -5.000000000000000000e-01 7.663560509681701660e-01 1.000000000000000000e+00
1.132052540779113770e+00 7.547634243965148926e-01 1.344014048576354980e+00 4.351863861083984375e-01 -6.997070312500000000e-01 5.100595951080322266e-01 -9.636498689651489258e-01 1.046986699104309082e+00 6.116127967834472656e-01 -8.395941257476806641e-01 4.608306884765625000e-01 -7.049260139465332031e-01 -4.282895624637603760e-01 1.214597702026367188e+00 -1.960142850875854492e-01 -5.527051687240600586e-01 -3.388616144657135010e-01 3.202121555805206299e-01 -2.067676633596420288e-01 2.141633033752441406e+00 -1.576172709465026855e+00 -1.499829590320587158e-01 -5.000000000000000000e-01 -1.304876565933227539e+00 1.000000000000000000e+00
-1.254565596580505371e+00 -9.875727295875549316e-01 1.344014048576354980e+00 -7.688446044921875000e-01 -6.997070312500000000e-01 -3.179592490196228027e-01 4.493264853954315186e-01 1.046986699104309082e+00 -1.293722987174987793e+00 -9.275465607643127441e-01 4.608306884765625000e-01 1.027078866958618164e+00 -4.282895624637603760e-01 -8.233178853988647461e-01 -1.960142850875854492e-01 -5.527051687240600586e-01 -3.388616144657135010e-01 3.202121555805206299e-01 -2.067676633596420288e-01 -4.669333994388580322e-01 6.344482302665710449e-01 -1.499829590320587158e-01 2.000000000000000000e+00 -1.304876565933227539e+00 1.000000000000000000e+00
-1.254565596580505371e+00 -7.386675477027893066e-01 -5.034279823303222656e-01 -2.376544773578643799e-01 -6.997070312500000000e-01 -3.179592490196228027e-01 -2.376626253128051758e+00 -1.672459244728088379e+00 6.116127967834472656e-01 5.676451325416564941e-01 4.608306884765625000e-01 -7.049260139465332031e-01 -4.282895624637603760e-01 -8.233178853988647461e-01 -1.960142850875854492e-01 -5.527051687240600586e-01 -3.388616144657135010e-01 3.202121555805206299e-01 -2.067676633596420288e-01 -4.669333994388580322e-01 6.344482302665710449e-01 -1.499829590320587158e-01 -5.000000000000000000e-01 7.663560509681701660e-01 1.000000000000000000e+00
1.132052540779113770e+00 -9.875727295875549316e-01 1.344014048576354980e+00 -6.059109047055244446e-02 1.833169102668762207e+00 -3.179592490196228027e-01 4.493264853954315186e-01 -7.659772634506225586e-01 -1.293722987174987793e+00 -2.239269465208053589e-01 4.608306884765625000e-01 1.027078866958618164e+00 2.334868907928466797e+00 -8.233178853988647461e-01 -1.960142850875854492e-01 -5.527051687240600586e-01 -3.388616144657135010e-01 3.202121555805206299e-01 -2.067676633596420288e-01 -4.669333994388580322e-01 6.344482302665710449e-01 -1.499829590320587158e-01 -5.000000000000000000e-01 7.663560509681701660e-01 1.000000000000000000e+00
-4.590262472629547119e-01 -7.386675477027893066e-01 -5.034279823303222656e-01 1.497566699981689453e+00 1.833169102668762207e+00 -1.973996996879577637e+00 -9.636498689651489258e-01 -7.659772634506225586e-01 -1.293722987174987793e+00 -1.015498995780944824e+00 4.608306884765625000e-01 -7.049260139465332031e-01 -4.282895624637603760e-01 -8.233178853988647461e-01 -1.960142850875854492e-01 1.809282779693603516e+00 -3.388616144657135010e-01 3.202121555805206299e-01 -2.067676633596420288e-01 2.141633033752441406e+00 -1.576172709465026855e+00 6.667424201965332031e+00 -5.000000000000000000e-01 -1.304876565933227539e+00 1.000000000000000000e+00
-1.254565596580505371e+00 -7.386675477027893066e-01 -5.034279823303222656e-01 -5.563685894012451172e-01 5.667310357093811035e-01 1.338078498840332031e+00 1.862302780151367188e+00 -1.672459244728088379e+00 -1.293722987174987793e+00 -4.802203923463821411e-02 4.608306884765625000e-01 -7.049260139465332031e-01 -4.282895624637603760e-01 -8.233178853988647461e-01 -1.960142850875854492e-01 -5.527051687240600586e-01 -3.388616144657135010e-01 3.202121555805206299e-01 -2.067676633596420288e-01 -4.669333994388580322e-01 6.344482302665710449e-01 -1.499829590320587158e-01 -5.000000000000000000e-01 7.663560509681701660e-01 1.000000000000000000e+00
-4.590262472629547119e-01 -1.236477851867675781e+00 4.202930629253387451e-01 -6.626065969467163086e-01 -6.648799777030944824e-02 1.338078498840332031e+00 -2.376626253128051758e+00 -7.659772634506225586e-01 6.116127967834472656e-01 -3.998318612575531006e-01 -2.375050544738769531e+00 1.027078866958618164e+00 2.334868907928466797e+00 -8.233178853988647461e-01 -1.960142850875854492e-01 -5.527051687240600586e-01 -3.388616144657135010e-01 3.202121555805206299e-01 -2.067676633596420288e-01 -4.669333994388580322e-01 6.344482302665710449e-01 -1.499829590320587158e-01 -5.000000000000000000e-01 7.663560509681701660e-01 1.000000000000000000e+00
-1.254565596580505371e+00 -2.408572286367416382e-01 -5.034279823303222656e-01 -3.084798157215118408e-01 -6.997070312500000000e-01 -1.145978093147277832e+00 -9.636498689651489258e-01 -1.672459244728088379e+00 6.116127967834472656e-01 -7.516416907310485840e-01 -9.571098685264587402e-01 -7.049260139465332031e-01 -4.282895624637603760e-01 -8.233178853988647461e-01 -1.960142850875854492e-01 -5.527051687240600586e-01 -3.388616144657135010e-01 3.202121555805206299e-01 -2.067676633596420288e-01 -4.669333994388580322e-01 6.344482302665710449e-01 -1.499829590320587158e-01 -5.000000000000000000e-01 7.663560509681701660e-01 1.000000000000000000e+00
1.132052540779113770e+00 2.569530904293060303e-01 -5.034279823303222656e-01 -3.438925147056579590e-01 1.833169102668762207e+00 -1.145978093147277832e+00 4.493264853954315186e-01 -1.672459244728088379e+00 -3.410550951957702637e-01 1.623074531555175781e+00 4.608306884765625000e-01 -7.049260139465332031e-01 -4.282895624637603760e-01 -8.233178853988647461e-01 -1.960142850875854492e-01 1.809282779693603516e+00 -3.388616144657135010e-01 3.202121555805206299e-01 -2.067676633596420288e-01 -4.669333994388580322e-01 6.344482302665710449e-01 -1.499829590320587158e-01 -5.000000000000000000e-01 7.663560509681701660e-01 1.000000000000000000e+00
-4.590262472629547119e-01 2.569530904293060303e-01 -5.034279823303222656e-01 3.303613185882568359e+00 -6.997070312500000000e-01 1.338078498840332031e+00 -9.636498689651489258e-01 -7.659772634506225586e-01 1.564280629158020020e+00 7.435500621795654297e-01 4.608306884765625000e-01 -7.049260139465332031e-01 -4.282895624637603760e-01 1.214597702026367188e+00 -1.960142850875854492e-01 -5.527051687240600586e-01 2.951056957244873047e+00 3.202121555805206299e-01 -2.067676633596420288e-01 -4.669333994388580322e-01 -1.576172709465026855e+00 -1.499829590320587158e-01 -5.000000000000000000e-01 -1.304876565933227539e+00 1.000000000000000000e+00
-4.590262472629547119e-01 -2.408572286367416382e-01 -5.034279823303222656e-01 -8.042573332786560059e-01 1.833169102668762207e+00 -3.179592490196228027e-01 -9.636498689651489258e-01 -7.659772634506225586e-01 -3.410550951957702637e-01 -2.239269465208053589e-01 4.608306884765625000e-01 -7.049260139465332031e-01 -4.282895624637603760e-01 -8.233178853988647461e-01 -1.960142850875854492e-01 1.809282779693603516e+00 -3.388616144657135010e-01 3.202121555805206299e-01 -2.067676633596420288e-01 -4.669333994388580322e-01 6.344482302665710449e-01 -1.499829590320587158e-01 -5.000000000000000000e-01 7.663560509681701660e-01 1.000000000000000000e+00
1.132052540779113770e+00 2.569530904293060303e-01 1.344014048576354980e+00 -4.501305520534515381e-01 -6.997070312500000000e-01 5.100595951080322266e-01 4.493264853954315186e-01 -7.659772634506225586e-01 -3.410550951957702637e-01 -4.877842962741851807e-01 4.608306884765625000e-01 1.027078866958618164e+00 -4.282895624637603760e-01 -8.233178853988647461e-01 -1.960142850875854492e-01 -5.527051687240600586e-01 -3.388616144657135010e-01 3.202121555805206299e-01 -2.067676633596420288e-01 -4.669333994388580322e-01 6.344482302665710449e-01 -1.499829590320587158e-01 2.000000000000000000e+00 -1.304876565933227539e+00 1.000000000000000000e+00
1.132052540779113770e+00 1.252573728561401367e+00 -5.034279823303222656e-01 2.064169645309448242e+00 1.833169102668762207e+00 -3.179592490196228027e-01 4.493264853954315186e-01 1.046986699104309082e+00 1.564280629158020020e+00 -4.802203923463821411e-02 4.608306884765625000e-01 -7.049260139465332031e-01 2.334868907928466797e+00 1.214597702026367188e+00 -1.960142850875854492e-01 -5.527051687240600586e-01 -3.388616144657135010e-01 3.202121555805206299e-01 -2.067676633596420288e-01 -4.669333994388580322e-01 -1.576172709465026855e+00 -1.499829590320587158e-01 2.000000000000000000e+00 -1.304876565933227539e+00 1.000000000000000000e+00
3.365131616592407227e-01 -9.875727295875549316e-01 -5.034279823303222656e-01 -7.688446044921875000e-01 -6.648799777030944824e-02 1.338078498840332031e+00 -2.376626253128051758e+00 1.046986699104309082e+00 -1.293722987174987793e+00 1.183312296867370605e+00 4.608306884765625000e-01 -7.049260139465332031e-01 -4.282895624637603760e-01 -8.233178853988647461e-01 -1.960142850875854492e-01 -5.527051687240600586e-01 -3.388616144657135010e-01 3.202121555805206299e-01 -2.067676633596420288e-01 -4.669333994388580322e-01 6.344482302665710449e-01 -1.499829590320587158e-01 -5.000000000000000000e-01 7.663560509681701660e-01 1.000000000000000000e+00
-4.590262472629547119e-01 1.252573728561401367e+00 -5.034279823303222656e-01 2.028756856918334961e+00 -6.648799777030944824e-02 -1.145978093147277832e+00 4.493264853954315186e-01 -1.672459244728088379e+00 1.564280629158020020e+00 -5.757367610931396484e-01 4.608306884765625000e-01 -7.049260139465332031e-01 -4.282895624637603760e-01 1.214597702026367188e+00 -1.960142850875854492e-01 -5.527051687240600586e-01 -3.388616144657135010e-01 -3.122929334640502930e+00 4.836346149444580078e+00 2.141633033752441406e+00 -1.576172709465026855e+00 -1.499829590320587158e-01 -5.000000000000000000e-01 -1.304876565933227539e+00 1.000000000000000000e+00
-1.254565596580505371e+00 -1.236477851867675781e+00 -5.034279823303222656e-01 -1.016733407974243164e+00 -6.997070312500000000e-01 -1.145978093147277832e+00 -9.636498689651489258e-01 1.046986699104309082e+00 -3.410550951957702637e-01 -1.103451490402221680e+00 4.608306884765625000e-01 -7.049260139465332031e-01 -4.282895624637603760e-01 -8.233178853988647461e-01 -1.960142850875854492e-01 -5.527051687240600586e-01 -3.388616144657135010e-01 3.202121555805206299e-01 -2.067676633596420288e-01 -4.669333994388580322e-01 6.344482302665710449e-01 -1.499829590320587158e-01 -5.000000000000000000e-01 7.663560509681701660e-01 1.000000000000000000e+00
1.132052540779113770e+00 -4.897623956203460693e-01 -5.034279823303222656e-01 -2.517841383814811707e-02 1.199950098991394043e+00 5.100595951080322266e-01 -9.636498689651489258e-01 1.405047029256820679e-01 6.116127967834472656e-01 -1.367308855056762695e+00 4.608306884765625000e-01 -7.049260139465332031e-01 -4.282895624637603760e-01 -8.233178853988647461e-01 -1.960142850875854492e-01 1.809282779693603516e+00 -3.388616144657135010e-01 3.202121555805206299e-01 -2.067676633596420288e-01 2.141633033752441406e+00 -1.576172709465026855e+00 -1.499829590320587158e-01 -5.000000000000000000e-01 7.663560509681701660e-01 1.000000000000000000e+00
-1.254565596580505371e+00 1.252573728561401367e+00 -5.034279823303222656e-01 2.134994983673095703e+00 -6.997070312500000000e-01 5.100595951080322266e-01 4.493264853954315186e-01 -1.672459244728088379e+00 6.116127967834472656e-01 -1.015498995780944824e+00 4.608306884765625000e-01 -7.049260139465332031e-01 -4.282895624637603760e-01 1.214597702026367188e+00 -1.960142850875854492e-01 1.809282779693603516e+00 -3.388616144657135010e-01 3.202121555805206299e-01 -2.067676633596420288e-01 -4.669333994388580322e-01 6.344482302665710449e-01 -1.499829590320587158e-01 -5.000000000000000000e-01 7.663560509681701660e-01 1.000000000000000000e+00
1.132052540779113770e+00 -7.386675477027893066e-01 -5.034279823303222656e-01 -4.147178530693054199e-01 1.833169102668762207e+00 1.338078498840332031e+00 -9.636498689651489258e-01 1.046986699104309082e+00 1.564280629158020020e+00 1.447169661521911621e+00 4.608306884765625000e-01 -7.049260139465332031e-01 -4.282895624637603760e-01 1.214597702026367188e+00 -1.960142850875854492e-01 1.809282779693603516e+00 -3.388616144657135010e-01 3.202121555805206299e-01 -2.067676633596420288e-01 -4.669333994388580322e-01 -1.576172709465026855e+00 -1.499829590320587158e-01 -5.000000000000000000e-01 -1.304876565933227539e+00 1.000000000000000000e+00
1.132052540779113770e+00 -4.897623956203460693e-01 1.344014048576354980e+00 -6.271939277648925781e-01 -6.997070312500000000e-01 -3.179592490196228027e-01 4.493264853954315186e-01 1.046986699104309082e+00 1.564280629158020020e+00 -4.802203923463821411e-02 4.608306884765625000e-01 1.027078866958618164e+00 -4.282895624637603760e-01 1.214597702026367188e+00 -1.960142850875854492e-01 -5.527051687240600586e-01 -3.388616144657135010e-01 3.202121555805206299e-01 -2.067676633596420288e-01 -4.669333994388580322e-01 -1.576172709465026855e+00 -1.499829590320587158e-01 -5.000000000000000000e-01 7.663560509681701660e-01 1.000000000000000000e+00
1.132052540779113770e+00 -4.897623956203460693e-01 1.344014048576354980e+00 -1.668291240930557251e-01 -6.997070312500000000e-01 5.100595951080322266e-01 -9.636498689651489258e-01 1.405047029256820679e-01 6.116127967834472656e-01 -1.015498995780944824e+00 -2.375050544738769531e+00 1.027078866958618164e+00 -4.282895624637603760e-01 -8.233178853988647461e-01 -1.960142850875854492e-01 -5.527051687240600586e-01 -3.388616144657135010e-01 -3.122929334640502930e+00 4.836346149444580078e+00 -4.669333994388580322e-01 6.344482302665710449e-01 -1.499829590320587158e-01 -5.000000000000000000e-01 7.663560509681701660e-01 1.000000000000000000e+00
-1.254565596580505371e+00 2.569530904293060303e-01 -1.427148938179016113e+00 1.164722964167594910e-01 -6.997070312500000000e-01 5.100595951080322266e-01 4.493264853954315186e-01 1.046986699104309082e+00 6.116127967834472656e-01 -7.516416907310485840e-01 -2.375050544738769531e+00 -7.049260139465332031e-01 -4.282895624637603760e-01 -8.233178853988647461e-01 -1.960142850875854492e-01 -5.527051687240600586e-01 -3.388616144657135010e-01 3.202121555805206299e-01 -2.067676633596420288e-01 -4.669333994388580322e-01 6.344482302665710449e-01 -1.499829590320587158e-01 -5.000000000000000000e-01 7.663560509681701660e-01 1.000000000000000000e+00
1.132052540779113770e+00 -7.492045313119888306e-02 1.344014048576354980e+00 8.105961978435516357e-02 1.833169102668762207e+00 -1.145978093147277832e+00 -2.376626253128051758e+00 1.046986699104309082e+00 -1.293722987174987793e+00 7.435500621795654297e-01 4.608306884765625000e-01 1.027078866958618164e+00 -4.282895624637603760e-01 1.214597702026367188e+00 -1.960142850875854492e-01 1.809282779693603516e+00 -3.388616144657135010e-01 3.202121555805206299e-01 -2.067676633596420288e-01 -4.669333994388580322e-01 6.344482302665710449e-01 -1.499829590320587158e-01 -5.000000000000000000e-01 7.663560509681701660e-01 1.000000000000000000e+00
-4.590262472629547119e-01 -2.408572286367416382e-01 -5.034279823303222656e-01 2.227103263139724731e-01 -6.997070312500000000e-01 -1.973996996879577637e+00 -9.636498689651489258e-01 1.046986699104309082e+00 6.116127967834472656e-01 2.766456604003906250e+00 4.608306884765625000e-01 -7.049260139465332031e-01 -4.282895624637603760e-01 1.214597702026367188e+00 -1.960142850875854492e-01 -5.527051687240600586e-01 -3.388616144657135010e-01 3.202121555805206299e-01 -2.067676633596420288e-01 -4.669333994388580322e-01 6.344482302665710449e-01 -1.499829590320587158e-01 -5.000000000000000000e-01 7.663560509681701660e-01 1.000000000000000000e+00
1.132052540779113770e+00 -1.236477851867675781e+00 -5.034279823303222656e-01 -6.271939277648925781e-01 1.199950098991394043e+00 -3.179592490196228027e-01 -2.376626253128051758e+00 -7.659772634506225586e-01 -1.293722987174987793e+00 -2.239269465208053589e-01 4.608306884765625000e-01 -7.049260139465332031e-01 -4.282895624637603760e-01 -8.233178853988647461e-01 -1.960142850875854492e-01 -5.527051687240600586e-01 -3.388616144657135010e-01 3.202121555805206299e-01 -2.067676633596420288e-01 -4.669333994388580322e-01 6.344482302665710449e-01 -1.499829590320587158e-01 -5.000000000000000000e-01 7.663560509681701660e-01 1.000000000000000000e+00
-4.590262472629547119e-01 -4.897623956203460693e-01 -5.034279823303222656e-01 -8.750826716423034668e-01 -6.997070312500000000e-01 1.338078498840332031e+00 4.493264853954315186e-01 1.405047029256820679e-01 6.116127967834472656e-01 1.278828680515289307e-01 4.608306884765625000e-01 -7.049260139465332031e-01 2.334868907928466797e+00 -8.233178853988647461e-01 -1.960142850875854492e-01 -5.527051687240600586e-01 -3.388616144657135010e-01 3.202121555805206299e-01 -2.067676633596420288e-01 -4.669333994388580322e-01 6.344482302665710449e-01 -1.499829590320587158e-01 -5.000000000000000000e-01 7.663560509681701660e-01 1.000000000000000000e+00
-4.590262472629547119e-01 -2.408572286367416382e-01 -5.034279823303222656e-01 -8.396700024604797363e-01 -6.997070312500000000e-01 -3.179592490196228027e-01 1.862302780151367188e+00 -7.659772634506225586e-01 -1.293722987174987793e+00 -9.275465607643127441e-01 4.608306884765625000e-01 -7.049260139465332031e-01 -4.282895624637603760e-01 -8.233178853988647461e-01 -1.960142850875854492e-01 -5.527051687240600586e-01 -3.388616144657135010e-01 -3.122929334640502930e+00 -2.067676633596420288e-01 -4.669333994388580322e-01 6.344482302665710449e-01 -1.499829590320587158e-01 2.000000000000000000e+00 -1.304876565933227539e+00 1.000000000000000000e+00
1.132052540779113770e+00 -4.897623956203460693e-01 4.202930629253387451e-01 1.164722964167594910e-01 -6.997070312500000000e-01 -1.145978093147277832e+00 -9.636498689651489258e-01 -7.659772634506225586e-01 -3.410550951957702637e-01 9.194549322128295898e-01 4.608306884765625000e-01 1.027078866958618164e+00 -4.282895624637603760e-01 -8.233178853988647461e-01 -1.960142850875854492e-01 -5.527051687240600586e-01 2.951056957244873047e+00 3.202121555805206299e-01 -2.067676633596420288e-01 -4.669333994388580322e-01 6.344482302665710449e-01 -1.499829590320587158e-01 2.000000000000000000e+00 -1.304876565933227539e+00 1.000000000000000000e+00
-4.590262472629547119e-01 -1.236477851867675781e+00 -5.034279823303222656e-01 -9.813206791877746582e-01 -6.997070312500000000e-01 -1.145978093147277832e+00 1.862302780151367188e+00 -1.672459244728088379e+00 -3.410550951957702637e-01 -1.191403985023498535e+00 4.608306884765625000e-01 -7.049260139465332031e-01 -4.282895624637603760e-01 -8.233178853988647461e-01 -1.960142850875854492e-01 -5.527051687240600586e-01 -3.388616144657135010e-01 3.202121555805206299e-01 -2.067676633596420288e-01 -4.669333994388580322e-01 6.344482302665710449e-01 -1.499829590320587158e-01 2.000000000000000000e+00 -1.304876565933227539e+00 1.000000000000000000e+00
3.365131616592407227e-01 -7.386675477027893066e-01 -1.427148938179016113e+00 -1.016733407974243164e+00 1.199950098991394043e+00 -3.179592490196228027e-01 -9.636498689651489258e-01 1.405047029256820679e-01 -1.293722987174987793e+00 5.676451325416564941e-01 4.608306884765625000e-01 1.027078866958618164e+00 -4.282895624637603760e-01 -8.233178853988647461e-01 -1.960142850875854492e-01 -5.527051687240600586e-01 -3.388616144657135010e-01 3.202121555805206299e-01 -2.067676633596420288e-01 2.141633033752441406e+00 -1.576172709465026855e+00 -1.499829590320587158e-01 -5.000000000000000000e-01 7.663560509681701660e-01 1.000000000000000000e+00
3.365131616592407227e-01 -7.386675477027893066e-01 -5.034279823303222656e-01 -6.271939277648925781e-01 -6.997070312500000000e-01 -1.145978093147277832e+00 -9.636498689651489258e-01 -1.672459244728088379e+00 -3.410550951957702637e-01 -2.239269465208053589e-01 -2.375050544738769531e+00 -7.049260139465332031e-01 -4.282895624637603760e-01 1.214597702026367188e+00 -1.960142850875854492e-01 -5.527051687240600586e-01 -3.388616144657135010e-01 3.202121555805206299e-01 -2.067676633596420288e-01 -4.669333994388580322e-01 6.344482302665710449e-01 -1.499829590320587158e-01 -5.000000000000000000e-01 -1.304876565933227539e+00 1.000000000000000000e+00
-4.590262472629547119e-01 -2.408572286367416382e-01 -5.034279823303222656e-01 -7.688446044921875000e-01 -6.997070312500000000e-01 -3.179592490196228027e-01 -9.636498689651489258e-01 1.046986699104309082e+00 -1.293722987174987793e+00 -8.395941257476806641e-01 4.608306884765625000e-01 -7.049260139465332031e-01 2.334868907928466797e+00 -8.233178853988647461e-01 -1.960142850875854492e-01 -5.527051687240600586e-01 -3.388616144657135010e-01 -3.122929334640502930e+00 -2.067676633596420288e-01 -4.669333994388580322e-01 6.344482302665710449e-01 -1.499829590320587158e-01 2.000000000000000000e+00 -1.304876565933227539e+00 1.000000000000000000e+00
-1.254565596580505371e+00 2.569530904293060303e-01 -5.034279823303222656e-01 -3.084798157215118408e-01 -6.648799777030944824e-02 -1.973996996879577637e+00 -2.376626253128051758e+00 -1.672459244728088379e+00 -3.410550951957702637e-01 -2.239269465208053589e-01 4.608306884765625000e-01 -7.049260139465332031e-01 -4.282895624637603760e-01 -8.233178853988647461e-01 -1.960142850875854492e-01 -5.527051687240600586e-01 -3.388616144657135010e-01 3.202121555805206299e-01 -2.067676633596420288e-01 -4.669333994388580322e-01 6.344482302665710449e-01 -1.499829590320587158e-01 -5.000000000000000000e-01 7.663560509681701660e-01 1.000000000000000000e+00
-4.590262472629547119e-01 -7.386675477027893066e-01 -5.034279823303222656e-01 -6.980192661285400391e-01 1.199950098991394043e+00 1.338078498840332031e+00 4.493264853954315186e-01 1.046986699104309082e+00 -1.293722987174987793e+00 1.623074531555175781e+00 4.608306884765625000e-01 -7.049260139465332031e-01 -4.282895624637603760e-01 1.214597702026367188e+00 -1.960142850875854492e-01 1.809282779693603516e+00 -3.388616144657135010e-01 3.202121555805206299e-01 -2.067676633596420288e-01 -4.669333994388580322e-01 6.344482302665710449e-01 -1.499829590320587158e-01 -5.000000000000000000e-01 7.663560509681701660e-01 1.000000000000000000e+00
1.132052540779113770e+00 -7.386675477027893066e-01 -5.034279823303222656e-01 -6.271939277648925781e-01 -6.997070312500000000e-01 5.100595951080322266e-01 4.493264853954315186e-01 1.046986699104309082e+00 6.116127967834472656e-01 3.993041440844535828e-02 4.608306884765625000e-01 -7.049260139465332031e-01 -4.282895624637603760e-01 1.214597702026367188e+00 -1.960142850875854492e-01 -5.527051687240600586e-01 -3.388616144657135010e-01 3.202121555805206299e-01 -2.067676633596420288e-01 -4.669333994388580322e-01 6.344482302665710449e-01 -1.499829590320587158e-01 -5.000000000000000000e-01 7.663560509681701660e-01 1.000000000000000000e+00
1.132052540779113770e+00 -1.236477851867675781e+00 -2.350869894027709961e+00 -1.016733407974243164e+00 -6.997070312500000000e-01 1.338078498840332031e+00 1.862302780151367188e+00 1.046986699104309082e+00 6.116127967834472656e-01 3.037877678871154785e-01 4.608306884765625000e-01 -7.049260139465332031e-01 -4.282895624637603760e-01 -8.233178853988647461e-01 -1.960142850875854492e-01 -5.527051687240600586e-01 -3.388616144657135010e-01 3.202121555805206299e-01 -2.067676633596420288e-01 -4.669333994388580322e-01 6.344482302665710449e-01 -1.499829590320587158e-01 2.000000000000000000e+00 -1.304876565933227539e+00 1.000000000000000000e+00
-1.254565596580505371e+00 -4.897623956203460693e-01 1.344014048576354980e+00 -8.042573332786560059e-01 -6.997070312500000000e-01 -3.179592490196228027e-01 -2.376626253128051758e+00 1.405047029256820679e-01 -3.410550951957702637e-01 -9.275465607643127441e-01 4.608306884765625000e-01 1.027078866958618164e+00 -4.282895624637603760e-01 -8.233178853988647461e-01 -1.960142850875854492e-01 -5.527051687240600586e-01 -3.388616144657135010e-01 3.202121555805206299e-01 -2.067676633596420288e-01 -4.669333994388580322e-01 6.344482302665710449e-01 -1.499829590320587158e-01 -5.000000000000000000e-01 7.663560509681701660e-01 1.000000000000000000e+00
-1.254565596580505371e+00 2.569530904293060303e-01 -5.034279823303222656e-01 -5.209559202194213867e-01 -6.997070312500000000e-01 -1.973996996879577637e+00 4.493264853954315186e-01 -7.659772634506225586e-01 6.116127967834472656e-01 -4.877842962741851807e-01 -9.571098685264587402e-01 -7.049260139465332031e-01 2.334868907928466797e+00 -8.233178853988647461e-01 -1.960142850875854492e-01 -5.527051687240600586e-01 -3.388616144657135010e-01 3.202121555805206299e-01 -2.067676633596420288e-01 -4.669333994388580322e-01 6.344482302665710449e-01 -1.499829590320587158e-01 -5.000000000000000000e-01 -1.304876565933227539e+00 1.000000000000000000e+00
1.132052540779113770e+00 2.569530904293060303e-01 1.344014048576354980e+00 -5.917812585830688477e-01 -6.997070312500000000e-01 1.338078498840332031e+00 4.493264853954315186e-01 1.046986699104309082e+00 1.564280629158020020e+00 1.623074531555175781e+00 4.608306884765625000e-01 1.027078866958618164e+00 2.334868907928466797e+00 -8.233178853988647461e-01 -1.960142850875854492e-01 -5.527051687240600586e-01 -3.388616144657135010e-01 3.202121555805206299e-01 -2.067676633596420288e-01 -4.669333994388580322e-01 -1.576172709465026855e+00 -1.499829590320587158e-01 -5.000000000000000000e-01 7.663560509681701660e-01 1.000000000000000000e+00
-4.590262472629547119e-01 2.248194456100463867e+00 -2.350869894027709961e+00 5.357548713684082031e+00 -6.997070312500000000e-01 -3.179592490196228027e-01 -9.636498689651489258e-01 -7.659772634506225586e-01 -3.410550951957702637e-01 -3.118793964385986328e-01 -2.375050544738769531e+00 -7.049260139465332031e-01 -4.282895624637603760e-01 1.214597702026367188e+00 5.101668834686279297e+00 -5.527051687240600586e-01 -3.388616144657135010e-01 3.202121555805206299e-01 -2.067676633596420288e-01 -4.669333994388580322e-01 6.344482302665710449e-01 -1.499829590320587158e-01 -5.000000000000000000e-01 -1.304876565933227539e+00 1.000000000000000000e+00
1.132052540779113770e+00 8.047933690249919891e-03 1.344014048576354980e+00 1.023426372557878494e-02 -6.997070312500000000e-01 1.338078498840332031e+00 4.493264853954315186e-01 1.046986699104309082e+00 6.116127967834472656e-01 3.993041440844535828e-02 4.608306884765625000e-01 -7.049260139465332031e-01 -4.282895624637603760e-01 1.214597702026367188e+00 -1.960142850875854492e-01 -5.527051687240600586e-01 2.951056957244873047e+00 3.202121555805206299e-01 -2.067676633596420288e-01 -4.669333994388580322e-01 6.344482302665710449e-01 -1.499829590320587158e-01 -5.000000000000000000e-01 -1.304876565933227539e+00 1.000000000000000000e+00
3.365131616592407227e-01 -1.236477851867675781e+00 1.344014048576354980e+00 -6.980192661285400391e-01 -6.997070312500000000e-01 1.338078498840332031e+00 4.493264853954315186e-01 1.046986699104309082e+00 -1.293722987174987793e+00 9.194549322128295898e-01 4.608306884765625000e-01 1.027078866958618164e+00 2.334868907928466797e+00 -8.233178853988647461e-01 5.101668834686279297e+00 1.809282779693603516e+00 -3.388616144657135010e-01 3.202121555805206299e-01 -2.067676633596420288e-01 -4.669333994388580322e-01 6.344482302665710449e-01 -1.499829590320587158e-01 -5.000000000000000000e-01 7.663560509681701660e-01 1.000000000000000000e+00
-1.254565596580505371e+00 1.750384092330932617e+00 1.344014048576354980e+00 4.564693942666053772e-02 -6.997070312500000000e-01 -1.973996996879577637e+00 4.493264853954315186e-01 1.046986699104309082e+00 6.116127967834472656e-01 2.590551614761352539e+00 4.608306884765625000e-01 1.027078866958618164e+00 -4.282895624637603760e-01 -8.233178853988647461e-01 -1.960142850875854492e-01 -5.527051687240600586e-01 -3.388616144657135010e-01 -3.122929334640502930e+00 4.836346149444580078e+00 -4.669333994388580322e-01 6.344482302665710449e-01 6.667424201965332031e+00 -5.000000000000000000e-01 -1.304876565933227539e+00 1.000000000000000000e+00
1.132052540779113770e+00 -2.408572286367416382e-01 1.344014048576354980e+00 -7.334319353103637695e-01 1.833169102668762207e+00 -3.179592490196228027e-01 4.493264853954315186e-01 1.405047029256820679e-01 -3.410550951957702637e-01 -5.757367610931396484e-01 4.608306884765625000e-01 1.027078866958618164e+00 -4.282895624637603760e-01 1.214597702026367188e+00 -1.960142850875854492e-01 -5.527051687240600586e-01 -3.388616144657135010e-01 3.202121555805206299e-01 -2.067676633596420288e-01 -4.669333994388580322e-01 6.344482302665710449e-01 -1.499829590320587158e-01 -5.000000000000000000e-01 7.663560509681701660e-01 1.000000000000000000e+00
1.132052540779113770e+00 7.547634243965148926e-01 -5.034279823303222656e-01 5.414243936538696289e-01 1.833169102668762207e+00 5.100595951080322266e-01 -9.636498689651489258e-01 1.046986699104309082e+00 -3.410550951957702637e-01 -1.015498995780944824e+00 -9.571098685264587402e-01 -7.049260139465332031e-01 -4.282895624637603760e-01 -8.233178853988647461e-01 -1.960142850875854492e-01 -5.527051687240600586e-01 2.951056957244873047e+00 3.202121555805206299e-01 -2.067676633596420288e-01 2.141633033752441406e+00 -1.576172709465026855e+00 -1.499829590320587158e-01 2.000000000000000000e+00 -1.304876565933227539e+00 1.000000000000000000e+00
1.132052540779113770e+00 2.569530904293060303e-01 -5.034279823303222656e-01 -8.396700024604797363e-01 -6.997070312500000000e-01 -1.145978093147277832e+00 1.862302780151367188e+00 1.405047029256820679e-01 6.116127967834472656e-01 -7.516416907310485840e-01 4.608306884765625000e-01 1.027078866958618164e+00 -4.282895624637603760e-01 -8.233178853988647461e-01 -1.960142850875854492e-01 -5.527051687240600586e-01 -3.388616144657135010e-01 3.202121555805206299e-01 -2.067676633596420288e-01 -4.669333994388580322e-01 6.344482302665710449e-01 -1.499829590320587158e-01 2.000000000000000000e+00 -1.304876565933227539e+00 1.000000000000000000e+00
-1.254565596580505371e+00 -7.386675477027893066e-01 1.344014048576354980e+00 5.414243936538696289e-01 -6.997070312500000000e-01 1.338078498840332031e+00 4.493264853954315186e-01 1.046986699104309082e+00 -3.410550951957702637e-01 6.555975675582885742e-01 4.608306884765625000e-01 1.027078866958618164e+00 -4.282895624637603760e-01 1.214597702026367188e+00 -1.960142850875854492e-01 1.809282779693603516e+00 -3.388616144657135010e-01 -3.122929334640502930e+00 4.836346149444580078e+00 2.141633033752441406e+00 -1.576172709465026855e+00 -1.499829590320587158e-01 -5.000000000000000000e-01 7.663560509681701660e-01 1.000000000000000000e+00
1.132052540779113770e+00 1.750384092330932617e+00 -5.034279823303222656e-01 1.391328692436218262e+00 1.833169102668762207e+00 5.100595951080322266e-01 1.862302780151367188e+00 1.046986699104309082e+00 -3.410550951957702637e-01 -5.757367610931396484e-01 4.608306884765625000e-01 -7.049260139465332031e-01 -4.282895624637603760e-01 1.214597702026367188e+00 -1.960142850875854492e-01 -5.527051687240600586e-01 -3.388616144657135010e-01 3.202121555805206299e-01 -2.067676633596420288e-01 2.141633033752441406e+00 -1.576172709465026855e+00 -1.499829590320587158e-01 -5.000000000000000000e-01 7.663560509681701660e-01 1.000000000000000000e+00
-1.254565596580505371e+00 -8.216359019279479980e-01 1.344014048576354980e+00 2.227103263139724731e-01 -6.997070312500000000e-01 -3.179592490196228027e-01 4.493264853954315186e-01 -7.659772634506225586e-01 -1.293722987174987793e+00 3.993041440844535828e-02 4.608306884765625000e-01 1.027078866958618164e+00 2.334868907928466797e+00 -8.233178853988647461e-01 -1.960142850875854492e-01 1.809282779693603516e+00 -3.388616144657135010e-01 3.202121555805206299e-01 -2.067676633596420288e-01 2.141633033752441406e+00 -1.576172709465026855e+00 -1.499829590320587158e-01 -5.000000000000000000e-01 7.663560509681701660e-01 1.000000000000000000e+00
-4.590262472629547119e-01 2.569530904293060303e-01 -5.034279823303222656e-01 -1.668291240930557251e-01 1.833169102668762207e+00 1.338078498840332031e+00 4.493264853954315186e-01 1.046986699104309082e+00 1.564280629158020020e+00 3.993041440844535828e-02 -2.375050544738769531e+00 -7.049260139465332031e-01 -4.282895624637603760e-01 1.214597702026367188e+00 -1.960142850875854492e-01 -5.527051687240600586e-01 2.951056957244873047e+00 3.202121555805206299e-01 -2.067676633596420288e-01 -4.669333994388580322e-01 -1.576172709465026855e+00 -1.499829590320587158e-01 -5.000000000000000000e-01 7.663560509681701660e-01 1.000000000000000000e+00
-4.590262472629547119e-01 2.569530904293060303e-01 -5.034279823303222656e-01 6.476624608039855957e-01 1.833169102668762207e+00 1.338078498840332031e+00 -9.636498689651489258e-01 1.046986699104309082e+00 6.116127967834472656e-01 5.676451325416564941e-01 4.608306884765625000e-01 -7.049260139465332031e-01 -4.282895624637603760e-01 1.214597702026367188e+00 -1.960142850875854492e-01 -5.527051687240600586e-01 -3.388616144657135010e-01 3.202121555805206299e-01 -2.067676633596420288e-01 -4.669333994388580322e-01 6.344482302665710449e-01 -1.499829590320587158e-01 -5.000000000000000000e-01 7.663560509681701660e-01 1.000000000000000000e+00
-1.254565596580505371e+00 1.252573728561401367e+00 -5.034279823303222656e-01 -2.022417932748794556e-01 -6.997070312500000000e-01 1.338078498840332031e+00 4.493264853954315186e-01 -7.659772634506225586e-01 -3.410550951957702637e-01 4.796926975250244141e-01 -2.375050544738769531e+00 -7.049260139465332031e-01 2.334868907928466797e+00 -8.233178853988647461e-01 -1.960142850875854492e-01 -5.527051687240600586e-01 -3.388616144657135010e-01 3.202121555805206299e-01 -2.067676633596420288e-01 -4.669333994388580322e-01 6.344482302665710449e-01 -1.499829590320587158e-01 -5.000000000000000000e-01 7.663560509681701660e-01 1.000000000000000000e+00
3.365131616592407227e-01 2.569530904293060303e-01 -5.034279823303222656e-01 -6.980192661285400391e-01 5.667310357093811035e-01 -3.179592490196228027e-01 -9.636498689651489258e-01 1.405047029256820679e-01 6.116127967834472656e-01 1.886931896209716797e+00 4.608306884765625000e-01 -7.049260139465332031e-01 -4.282895624637603760e-01 -8.233178853988647461e-01 -1.960142850875854492e-01 -5.527051687240600586e-01 -3.388616144657135010e-01 3.202121555805206299e-01 -2.067676633596420288e-01 -4.669333994388580322e-01 6.344482302665710449e-01 -1.499829590320587158e-01 2.000000000000000000e+00 -1.304876565933227539e+00 1.000000000000000000e+00
1.132052540779113770e+00 2.569530904293060303e-01 1.344014048576354980e+00 -2.022417932748794556e-01 -6.997070312500000000e-01 -3.179592490196228027e-01 4.493264853954315186e-01 -7.659772634506225586e-01 -1.293722987174987793e+00 -4.802203923463821411e-02 4.608306884765625000e-01 1.027078866958618164e+00 -4.282895624637603760e-01 -8.233178853988647461e-01 -1.960142850875854492e-01 -5.527051687240600586e-01 -3.388616144657135010e-01 3.202121555805206299e-01 -2.067676633596420288e-01 -4.669333994388580322e-01 6.344482302665710449e-01 -1.499829590320587158e-01 2.000000000000000000e+00 -1.304876565933227539e+00 1.000000000000000000e+00
1.132052540779113770e+00 -2.408572286367416382e-01 -5.034279823303222656e-01 4.564693942666053772e-02 -6.997070312500000000e-01 1.338078498840332031e+00 4.493264853954315186e-01 1.046986699104309082e+00 -3.410550951957702637e-01 1.007407426834106445e+00 -2.375050544738769531e+00 2.759083747863769531e+00 2.334868907928466797e+00 1.214597702026367188e+00 -1.960142850875854492e-01 -5.527051687240600586e-01 -3.388616144657135010e-01 3.202121555805206299e-01 -2.067676633596420288e-01 -4.669333994388580322e-01 6.344482302665710449e-01 -1.499829590320587158e-01 -5.000000000000000000e-01 7.663560509681701660e-01 1.000000000000000000e+00
-4.590262472629547119e-01 -1.153509497642517090e+00 -5.034279823303222656e-01 -2.376544773578643799e-01 -6.997070312500000000e-01 -3.179592490196228027e-01 4.493264853954315186e-01 -7.659772634506225586e-01 -1.293722987174987793e+00 -4.802203923463821411e-02 4.608306884765625000e-01 -7.049260139465332031e-01 -4.282895624637603760e-01 -8.233178853988647461e-01 -1.960142850875854492e-01 -5.527051687240600586e-01 -3.388616144657135010e-01 -3.122929334640502930e+00 -2.067676633596420288e-01 -4.669333994388580322e-01 6.344482302665710449e-01 -1.499829590320587158e-01 -5.000000000000000000e-01 7.663560509681701660e-01 1.000000000000000000e+00
-4.590262472629547119e-01 3.243814945220947266e+00 4.202930629253387451e-01 2.099582195281982422e+00 1.833169102668762207e+00 -3.179592490196228027e-01 4.493264853954315186e-01 -7.659772634506225586e-01 1.564280629158020020e+00 -7.516416907310485840e-01 4.608306884765625000e-01 -7.049260139465332031e-01 -4.282895624637603760e-01 -8.233178853988647461e-01 -1.960142850875854492e-01 -5.527051687240600586e-01 -3.388616144657135010e-01 3.202121555805206299e-01 -2.067676633596420288e-01 -4.669333994388580322e-01 -1.576172709465026855e+00 -1.499829590320587158e-01 -5.000000000000000000e-01 -1.304876565933227539e+00 1.000000000000000000e+00
-4.590262472629547119e-01 2.248194456100463867e+00 -2.350869894027709961e+00 3.161962509155273438e+00 1.833169102668762207e+00 -3.179592490196228027e-01 4.493264853954315186e-01 -7.659772634506225586e-01 6.116127967834472656e-01 1.095359802246093750e+00 -2.375050544738769531e+00 -7.049260139465332031e-01 -4.282895624637603760e-01 1.214597702026367188e+00 -1.960142850875854492e-01 -5.527051687240600586e-01 -3.388616144657135010e-01 3.202121555805206299e-01 -2.067676633596420288e-01 -4.669333994388580322e-01 6.344482302665710449e-01 -1.499829590320587158e-01 -5.000000000000000000e-01 -1.304876565933227539e+00 1.000000000000000000e+00
1.132052540779113770e+00 -8.216359019279479980e-01 1.344014048576354980e+00 1.391328692436218262e+00 -6.997070312500000000e-01 -3.179592490196228027e-01 4.493264853954315186e-01 1.046986699104309082e+00 -3.410550951957702637e-01 3.037877678871154785e-01 4.608306884765625000e-01 1.027078866958618164e+00 -4.282895624637603760e-01 -8.233178853988647461e-01 -1.960142850875854492e-01 1.809282779693603516e+00 -3.388616144657135010e-01 3.202121555805206299e-01 -2.067676633596420288e-01 -4.669333994388580322e-01 6.344482302665710449e-01 -1.499829590320587158e-01 2.000000000000000000e+00 -1.304876565933227539e+00 1.000000000000000000e+00
-1.254565596580505371e+00 -7.386675477027893066e-01 -2.350869894027709961e+00 -7.688446044921875000e-01 -6.997070312500000000e-01 -3.179592490196228027e-01 4.493264853954315186e-01 1.046986699104309082e+00 6.116127967834472656e-01 1.095359802246093750e+00 -2.375050544738769531e+00 1.027078866958618164e+00 -4.282895624637603760e-01 -8.233178853988647461e-01 -1.960142850875854492e-01 1.809282779693603516e+00 -3.388616144657135010e-01 3.202121555805206299e-01 -2.067676633596420288e-01 -4.669333994388580322e-01 6.344482302665710449e-01 -1.499829590320587158e-01 -5.000000000000000000e-01 7.663560509681701660e-01 1.000000000000000000e+00
-1.254565596580505371e+00 2.248194456100463867e+00 -5.034279823303222656e-01 5.414243936538696289e-01 -6.997070312500000000e-01 5.100595951080322266e-01 4.493264853954315186e-01 1.405047029256820679e-01 -3.410550951957702637e-01 -8.395941257476806641e-01 4.608306884765625000e-01 -7.049260139465332031e-01 2.334868907928466797e+00 -8.233178853988647461e-01 -1.960142850875854492e-01 -5.527051687240600586e-01 2.951056957244873047e+00 3.202121555805206299e-01 -2.067676633596420288e-01 -4.669333994388580322e-01 6.344482302665710449e-01 -1.499829590320587158e-01 -5.000000000000000000e-01 7.663560509681701660e-01 1.000000000000000000e+00
-4.590262472629547119e-01 -7.386675477027893066e-01 -5.034279823303222656e-01 -7.334319353103637695e-01 -6.997070312500000000e-01 1.338078498840332031e+00 -2.376626253128051758e+00 -1.672459244728088379e+00 -1.293722987174987793e+00 9.194549322128295898e-01 4.608306884765625000e-01 1.027078866958618164e+00 -4.282895624637603760e-01 -8.233178853988647461e-01 -1.960142850875854492e-01 1.809282779693603516e+00 -3.388616144657135010e-01 3.202121555805206299e-01 -2.067676633596420288e-01 2.141633033752441406e+00 -1.576172709465026855e+00 -1.499829590320587158e-01 -5.000000000000000000e-01 7.663560509681701660e-01 1.000000000000000000e+00
-1.254565596580505371e+00 -1.236477851867675781e+00 1.344014048576354980e+00 -4.501305520534515381e-01 -6.997070312500000000e-01 5.100595951080322266e-01 -9.636498689651489258e-01 1.046986699104309082e+00 6.116127967834472656e-01 -3.998318612575531006e-01 4.608306884765625000e-01 -7.049260139465332031e-01 -4.282895624637603760e-01 -8.233178853988647461e-01 -1.960142850875854492e-01 -5.527051687240600586e-01 -3.388616144657135010e-01 3.202121555805206299e-01 -2.067676633596420288e-01 -4.669333994388580322e-01 6.344482302665710449e-01 -1.499829590320587158e-01 -5.000000000000000000e-01 7.663560509681701660e-01 1.000000000000000000e+00
1.132052540779113770e+00 -1.402414679527282715e+00 1.344014048576354980e+00 -6.271939277648925781e-01 -6.997070312500000000e-01 5.100595951080322266e-01 4.493264853954315186e-01 -1.672459244728088379e+00 -1.293722987174987793e+00 5.676451325416564941e-01 4.608306884765625000e-01 2.759083747863769531e+00 2.334868907928466797e+00 -8.233178853988647461e-01 -1.960142850875854492e-01 1.809282779693603516e+00 -3.388616144657135010e-01 3.202121555805206299e-01 -2.067676633596420288e-01 -4.669333994388580322e-01 6.344482302665710449e-01 -1.499829590320587158e-01 2.000000000000000000e+00 -1.304876565933227539e+00 1.000000000000000000e+00
-1.254565596580505371e+00 7.547634243965148926e-01 -5.034279823303222656e-01 -2.730671465396881104e-01 -6.997070312500000000e-01 1.338078498840332031e+00 4.493264853954315186e-01 1.405047029256820679e-01 -3.410550951957702637e-01 3.037877678871154785e-01 4.608306884765625000e-01 -7.049260139465332031e-01 2.334868907928466797e+00 -8.233178853988647461e-01 -1.960142850875854492e-01 -5.527051687240600586e-01 -3.388616144657135010e-01 -3.122929334640502930e+00 -2.067676633596420288e-01 -4.669333994388580322e-01 6.344482302665710449e-01 -1.499829590320587158e-01 -5.000000000000000000e-01 7.663560509681701660e-01 1.000000000000000000e+00
-4.590262472629547119e-01 2.569530904293060303e-01 4.202930629253387451e-01 5.060117244720458984e-01 1.833169102668762207e+00 -3.179592490196228027e-01 4.493264853954315186e-01 -7.659772634506225586e-01 -3.410550951957702637e-01 1.278828680515289307e-01 -2.375050544738769531e+00 1.027078866958618164e+00 -4.282895624637603760e-01 1.214597702026367188e+00 -1.960142850875854492e-01 -5.527051687240600586e-01 -3.388616144657135010e-01 3.202121555805206299e-01 -2.067676633596420288e-01 -4.669333994388580322e-01 6.344482302665710449e-01 -1.499829590320587158e-01 -5.000000000000000000e-01 -1.304876565933227539e+00 1.000000000000000000e+00
1.132052540779113770e+00 2.569530904293060303e-01 -5.034279823303222656e-01 -3.084798157215118408e-01 5.667310357093811035e-01 1.338078498840332031e+00 4.493264853954315186e-01 -7.659772634506225586e-01 6.116127967834472656e-01 -4.802203923463821411e-02 -2.375050544738769531e+00 1.027078866958618164e+00 -4.282895624637603760e-01 1.214597702026367188e+00 -1.960142850875854492e-01 -5.527051687240600586e-01 -3.388616144657135010e-01 3.202121555805206299e-01 -2.067676633596420288e-01 -4.669333994388580322e-01 6.344482302665710449e-01 -1.499829590320587158e-01 -5.000000000000000000e-01 7.663560509681701660e-01 1.000000000000000000e+00
1.132052540779113770e+00 -9.046043157577514648e-01 -5.034279823303222656e-01 -6.626065969467163086e-01 -6.648799777030944824e-02 -3.179592490196228027e-01 4.493264853954315186e-01 -7.659772634506225586e-01 -1.293722987174987793e+00 -4.802203923463821411e-02 4.608306884765625000e-01 -7.049260139465332031e-01 -4.282895624637603760e-01 -8.233178853988647461e-01 5.101668834686279297e+00 1.809282779693603516e+00 -3.388616144657135010e-01 3.202121555805206299e-01 -2.067676633596420288e-01 2.141633033752441406e+00 -1.576172709465026855e+00 -1.499829590320587158e-01 2.000000000000000000e+00 -1.304876565933227539e+00 1.000000000000000000e+00
3.365131616592407227e-01 2.569530904293060303e-01 1.344014048576354980e+00 -6.980192661285400391e-01 1.833169102668762207e+00 5.100595951080322266e-01 4.493264853954315186e-01 -7.659772634506225586e-01 -1.293722987174987793e+00 1.278828680515289307e-01 -2.375050544738769531e+00 1.027078866958618164e+00 2.334868907928466797e+00 -8.233178853988647461e-01 -1.960142850875854492e-01 1.809282779693603516e+00 -3.388616144657135010e-01 3.202121555805206299e-01 -2.067676633596420288e-01 -4.669333994388580322e-01 6.344482302665710449e-01 -1.499829590320587158e-01 2.000000000000000000e+00 -1.304876565933227539e+00 1.000000000000000000e+00
-1.254565596580505371e+00 -2.408572286367416382e-01 -5.034279823303222656e-01 -4.855432212352752686e-01 -6.997070312500000000e-01 -3.179592490196228027e-01 -9.636498689651489258e-01 1.046986699104309082e+00 6.116127967834472656e-01 -9.275465607643127441e-01 -2.375050544738769531e+00 1.027078866958618164e+00 -4.282895624637603760e-01 -8.233178853988647461e-01 -1.960142850875854492e-01 -5.527051687240600586e-01 -3.388616144657135010e-01 3.202121555805206299e-01 -2.067676633596420288e-01 2.141633033752441406e+00 -1.576172709465026855e+00 -1.499829590320587158e-01 -5.000000000000000000e-01 7.663560509681701660e-01 1.000000000000000000e+00
-4.590262472629547119e-01 -2.408572286367416382e-01 -5.034279823303222656e-01 -1.668291240930557251e-01 -6.997070312500000000e-01 -3.179592490196228027e-01 1.862302780151367188e+00 1.405047029256820679e-01 6.116127967834472656e-01 -1.279356360435485840e+00 4.608306884765625000e-01 -7.049260139465332031e-01 -4.282895624637603760e-01 1.214597702026367188e+00 -1.960142850875854492e-01 -5.527051687240600586e-01 2.951056957244873047e+00 3.202121555805206299e-01 -2.067676633596420288e-01 2.141633033752441406e+00 -1.576172709465026855e+00 -1.499829590320587158e-01 -5.000000000000000000e-01 7.663560509681701660e-01 1.000000000000000000e+00
-4.590262472629547119e-01 1.252573728561401367e+00 -5.034279823303222656e-01 -3.084798157215118408e-01 -6.997070312500000000e-01 -1.145978093147277832e+00 4.493264853954315186e-01 -1.672459244728088379e+00 1.564280629158020020e+00 -2.239269465208053589e-01 4.608306884765625000e-01 -7.049260139465332031e-01 -4.282895624637603760e-01 -8.233178853988647461e-01 -1.960142850875854492e-01 -5.527051687240600586e-01 -3.388616144657135010e-01 3.202121555805206299e-01 -2.067676633596420288e-01 2.141633033752441406e+00 -1.576172709465026855e+00 -1.499829590320587158e-01 2.000000000000000000e+00 -1.304876565933227539e+00 1.000000000000000000e+00
-4.590262472629547119e-01 -9.875727295875549316e-01 -5.034279823303222656e-01 -4.501305520534515381e-01 1.833169102668762207e+00 5.100595951080322266e-01 4.493264853954315186e-01 -1.672459244728088379e+00 6.116127967834472656e-01 -1.015498995780944824e+00 4.608306884765625000e-01 -7.049260139465332031e-01 -4.282895624637603760e-01 1.214597702026367188e+00 -1.960142850875854492e-01 -5.527051687240600586e-01 -3.388616144657135010e-01 3.202121555805206299e-01 -2.067676633596420288e-01 -4.669333994388580322e-01 6.344482302665710449e-01 -1.499829590320587158e-01 -5.000000000000000000e-01 7.663560509681701660e-01 1.000000000000000000e+00
3.365131616592407227e-01 -2.408572286367416382e-01 -5.034279823303222656e-01 -4.501305520534515381e-01 -6.997070312500000000e-01 1.338078498840332031e+00 -9.636498689651489258e-01 -7.659772634506225586e-01 6.116127967834472656e-01 -1.103451490402221680e+00 4.608306884765625000e-01 -7.049260139465332031e-01 -4.282895624637603760e-01 -8.233178853988647461e-01 -1.960142850875854492e-01 1.809282779693603516e+00 -3.388616144657135010e-01 3.202121555805206299e-01 -2.067676633596420288e-01 -4.669333994388580322e-01 6.344482302665710449e-01 -1.499829590320587158e-01 -5.000000000000000000e-01 -1.304876565933227539e+00 1.000000000000000000e+00
-4.590262472629547119e-01 -7.386675477027893066e-01 -5.034279823303222656e-01 -7.334319353103637695e-01 -6.997070312500000000e-01 1.338078498840332031e+00 1.862302780151367188e+00 1.405047029256820679e-01 -1.293722987174987793e+00 3.917402327060699463e-01 -2.375050544738769531e+00 1.027078866958618164e+00 -4.282895624637603760e-01 -8.233178853988647461e-01 -1.960142850875854492e-01 -5.527051687240600586e-01 -3.388616144657135010e-01 -3.122929334640502930e+00 -2.067676633596420288e-01 -4.669333994388580322e-01 6.344482302665710449e-01 -1.499829590320587158e-01 2.000000000000000000e+00 -1.304876565933227539e+00 1.000000000000000000e+00
-1.254565596580505371e+00 -7.386675477027893066e-01 -5.034279823303222656e-01 -9.104953408241271973e-01 -6.997070312500000000e-01 1.338078498840332031e+00 4.493264853954315186e-01 1.046986699104309082e+00 -1.293722987174987793e+00 1.886931896209716797e+00 -9.571098685264587402e-01 -7.049260139465332031e-01 -4.282895624637603760e-01 -8.233178853988647461e-01 -1.960142850875854492e-01 -5.527051687240600586e-01 -3.388616144657135010e-01 3.202121555805206299e-01 -2.067676633596420288e-01 -4.669333994388580322e-01 6.344482302665710449e-01 -1.499829590320587158e-01 2.000000000000000000e+00 -1.304876565933227539e+00 1.000000000000000000e+00
1.132052540779113770e+00 2.248194456100463867e+00 1.344014048576354980e+00 1.001789212226867676e+00 -6.997070312500000000e-01 -3.179592490196228027e-01 4.493264853954315186e-01 1.405047029256820679e-01 1.564280629158020020e+00 -3.998318612575531006e-01 -2.375050544738769531e+00 -7.049260139465332031e-01 -4.282895624637603760e-01 1.214597702026367188e+00 -1.960142850875854492e-01 -5.527051687240600586e-01 -3.388616144657135010e-01 3.202121555805206299e-01 -2.067676633596420288e-01 -4.669333994388580322e-01 -1.576172709465026855e+00 -1.499829590320587158e-01 -5.000000000000000000e-01 7.663560509681701660e-01 1.000000000000000000e+00
-1.254565596580505371e+00 1.252573728561401367e+00 -5.034279823303222656e-01 4.472231388092041016e+00 -6.997070312500000000e-01 -1.973996996879577637e+00 -2.376626253128051758e+00 1.405047029256820679e-01 6.116127967834472656e-01 6.555975675582885742e-01 4.608306884765625000e-01 -7.049260139465332031e-01 -4.282895624637603760e-01 -8.233178853988647461e-01 -1.960142850875854492e-01 -5.527051687240600586e-01 -3.388616144657135010e-01 -3.122929334640502930e+00 4.836346149444580078e+00 -4.669333994388580322e-01 6.344482302665710449e-01 -1.499829590320587158e-01 -5.000000000000000000e-01 -1.304876565933227539e+00 1.000000000000000000e+00
-4.590262472629547119e-01 2.248194456100463867e+00 -5.034279823303222656e-01 2.581230103969573975e-01 1.833169102668762207e+00 5.100595951080322266e-01 4.493264853954315186e-01 -1.672459244728088379e+00 6.116127967834472656e-01 4.796926975250244141e-01 4.608306884765625000e-01 1.027078866958618164e+00 2.334868907928466797e+00 1.214597702026367188e+00 -1.960142850875854492e-01 -5.527051687240600586e-01 -3.388616144657135010e-01 3.202121555805206299e-01 -2.067676633596420288e-01 -4.669333994388580322e-01 6.344482302665710449e-01 -1.499829590320587158e-01 -5.000000000000000000e-01 7.663560509681701660e-01 1.000000000000000000e+00
1.132052540779113770e+00 2.569530904293060303e-01 1.344014048576354980e+00 6.476624608039855957e-01 -6.997070312500000000e-01 -1.145978093147277832e+00 1.862302780151367188e+00 1.405047029256820679e-01 1.564280629158020020e+00 1.007407426834106445e+00 4.608306884765625000e-01 2.759083747863769531e+00 -4.282895624637603760e-01 1.214597702026367188e+00 -1.960142850875854492e-01 -5.527051687240600586e-01 -3.388616144657135010e-01 3.202121555805206299e-01 -2.067676633596420288e-01 -4.669333994388580322e-01 -1.576172709465026855e+00 -1.499829590320587158e-01 -5.000000000000000000e-01 7.663560509681701660e-01 1.000000000000000000e+00
-1.254565596580505371e+00 -7.386675477027893066e-01 -5.034279823303222656e-01 1.639217376708984375e+00 -6.997070312500000000e-01 1.338078498840332031e+00 4.493264853954315186e-01 1.046986699104309082e+00 1.564280629158020020e+00 1.535122156143188477e+00 4.608306884765625000e-01 -7.049260139465332031e-01 -4.282895624637603760e-01 1.214597702026367188e+00 -1.960142850875854492e-01 -5.527051687240600586e-01 -3.388616144657135010e-01 3.202121555805206299e-01 -2.067676633596420288e-01 -4.669333994388580322e-01 -1.576172709465026855e+00 -1.499829590320587158e-01 -5.000000000000000000e-01 -1.304876565933227539e+00 1.000000000000000000e+00
-4.590262472629547119e-01 7.547634243965148926e-01 -5.034279823303222656e-01 4.564693942666053772e-02 -6.648799777030944824e-02 -3.179592490196228027e-01 -9.636498689651489258e-01 1.046986699104309082e+00 6.116127967834472656e-01 -1.279356360435485840e+00 4.608306884765625000e-01 -7.049260139465332031e-01 -4.282895624637603760e-01 -8.233178853988647461e-01 -1.960142850875854492e-01 -5.527051687240600586e-01 -3.388616144657135010e-01 -3.122929334640502930e+00 4.836346149444580078e+00 2.141633033752441406e+00 -1.576172709465026855e+00 -1.499829590320587158e-01 -5.000000000000000000e-01 7.663560509681701660e-01 1.000000000000000000e+00
3.365131616592407227e-01 -1.236477851867675781e+00 1.344014048576354980e+00 -8.042573332786560059e-01 -6.997070312500000000e-01 -3.179592490196228027e-01 -9.636498689651489258e-01 1.046986699104309082e+00 -3.410550951957702637e-01 1.271264791488647461e+00 4.608306884765625000e-01 -7.049260139465332031e-01 -4.282895624637603760e-01 -8.233178853988647461e-01 -1.960142850875854492e-01 -5.527051687240600586e-01 -3.388616144657135010e-01 3.202121555805206299e-01 -2.067676633596420288e-01 -4.669333994388580322e-01 6.344482302665710449e-01 -1.499829590320587158e-01 2.000000000000000000e+00 -1.304876565933227539e+00 1.000000000000000000e+00
-1.254565596580505371e+00 -7.386675477027893066e-01 -5.034279823303222656e-01 -5.917812585830688477e-01 -6.997070312500000000e-01 -3.179592490196228027e-01 -9.636498689651489258e-01 1.405047029256820679e-01 -3.410550951957702637e-01 -4.877842962741851807e-01 4.608306884765625000e-01 -7.049260139465332031e-01 -4.282895624637603760e-01 -8.233178853988647461e-01 -1.960142850875854492e-01 -5.527051687240600586e-01 -3.388616144657135010e-01 -3.122929334640502930e+00 4.836346149444580078e+00 -4.669333994388580322e-01 6.344482302665710449e-01 -1.499829590320587158e-01 -5.000000000000000000e-01 7.663560509681701660e-01 1.000000000000000000e+00
1.132052540779113770e+00 2.569530904293060303e-01 -5.034279823303222656e-01 -8.396700024604797363e-01 1.833169102668762207e+00 5.100595951080322266e-01 4.493264853954315186e-01 -7.659772634506225586e-01 6.116127967834472656e-01 -3.998318612575531006e-01 -9.571098685264587402e-01 -7.049260139465332031e-01 -4.282895624637603760e-01 1.214597702026367188e+00 -1.960142850875854492e-01 -5.527051687240600586e-01 -3.388616144657135010e-01 3.202121555805206299e-01 -2.067676633596420288e-01 -4.669333994388580322e-01 6.344482302665710449e-01 -1.499829590320587158e-01 -5.000000000000000000e-01 7.663560509681701660e-01 1.000000000000000000e+00
-4.590262472629547119e-01 -7.386675477027893066e-01 -5.034279823303222656e-01 -1.668291240930557251e-01 1.833169102668762207e+00 1.338078498840332031e+00 -9.636498689651489258e-01 -7.659772634506225586e-01 -3.410550951957702637e-01 -9.275465607643127441e-01 -2.375050544738769531e+00 -7.049260139465332031e-01 -4.282895624637603760e-01 1.214597702026367188e+00 -1.960142850875854492e-01 -5.527051687240600586e-01 -3.388616144657135010e-01 3.202121555805206299e-01 -2.067676633596420288e-01 -4.669333994388580322e-01 6.344482302665710449e-01 -1.499829590320587158e-01 -5.000000000000000000e-01 7.663560509681701660e-01 1.000000000000000000e+00
1.132052540779113770e+00 5.058582425117492676e-01 -5.034279823303222656e-01 6.830751299858093262e-01 1.833169102668762207e+00 1.338078498840332031e+00 4.493264853954315186e-01 1.046986699104309082e+00 -3.410550951957702637e-01 1.095359802246093750e+00 4.608306884765625000e-01 4.491088867187500000e+00 2.334868907928466797e+00 1.214597702026367188e+00 -1.960142850875854492e-01 -5.527051687240600586e-01 -3.388616144657135010e-01 3.202121555805206299e-01 -2.067676633596420288e-01 -4.669333994388580322e-01 6.344482302665710449e-01 -1.499829590320587158e-01 -5.000000000000000000e-01 7.663560509681701660e-01 1.000000000000000000e+00
-1.254565596580505371e+00 -9.875727295875549316e-01 -5.034279823303222656e-01 -6.626065969467163086e-01 -6.997070312500000000e-01 5.100595951080322266e-01 4.493264853954315186e-01 1.046986699104309082e+00 -1.293722987174987793e+00 2.062836885452270508e+00 4.608306884765625000e-01 -7.049260139465332031e-01 -4.282895624637603760e-01 -8.233178853988647461e-01 -1.960142850875854492e-01 -5.527051687240600586e-01 -3.388616144657135010e-01 3.202121555805206299e-01 -2.067676633596420288e-01 -4.669333994388580322e-01 6.344482302665710449e-01 -1.499829590320587158e-01 -5.000000000000000000e-01 7.663560509681701660e-01 1.000000000000000000e+00
-4.590262472629547119e-01 2.569530904293060303e-01 4.202930629253387451e-01 1.320503354072570801e+00 -6.648799777030944824e-02 5.100595951080322266e-01 4.493264853954315186e-01 1.046986699104309082e+00 6.116127967834472656e-01 3.993041440844535828e-02 4.608306884765625000e-01 -7.049260139465332031e-01 -4.282895624637603760e-01 1.214597702026367188e+00 -1.960142850875854492e-01 -5.527051687240600586e-01 -3.388616144657135010e-01 3.202121555805206299e-01 -2.067676633596420288e-01 2.141633033752441406e+00 -1.576172709465026855e+00 -1.499829590320587158e-01 -5.000000000000000000e-01 -1.304876565933227539e+00 1.000000000000000000e+00
1.132052540779113770e+00 -4.897623956203460693e-01 -5.034279823303222656e-01 -6.626065969467163086e-01 1.833169102668762207e+00 -3.179592490196228027e-01 1.862302780151367188e+00 -7.659772634506225586e-01 -1.293722987174987793e+00 3.917402327060699463e-01 4.608306884765625000e-01 -7.049260139465332031e-01 -4.282895624637603760e-01 1.214597702026367188e+00 -1.960142850875854492e-01 -5.527051687240600586e-01 -3.388616144657135010e-01 3.202121555805206299e-01 -2.067676633596420288e-01 2.141633033752441406e+00 -1.576172709465026855e+00 -1.499829590320587158e-01 -5.000000000000000000e-01 7.663560509681701660e-01 1.000000000000000000e+00
3.365131616592407227e-01 -7.386675477027893066e-01 -1.427148938179016113e+00 -9.459080100059509277e-01 -6.997070312500000000e-01 -1.145978093147277832e+00 -9.636498689651489258e-01 -1.672459244728088379e+00 -1.293722987174987793e+00 -8.395941257476806641e-01 4.608306884765625000e-01 -7.049260139465332031e-01 -4.282895624637603760e-01 -8.233178853988647461e-01 -1.960142850875854492e-01 -5.527051687240600586e-01 -3.388616144657135010e-01 3.202121555805206299e-01 -2.067676633596420288e-01 -4.669333994388580322e-01 6.344482302665710449e-01 6.667424201965332031e+00 -5.000000000000000000e-01 -1.304876565933227539e+00 1.000000000000000000e+00
-1.254565596580505371e+00 2.569530904293060303e-01 1.344014048576354980e+00 -7.334319353103637695e-01 -6.997070312500000000e-01 1.338078498840332031e+00 4.493264853954315186e-01 1.046986699104309082e+00 6.116127967834472656e-01 2.150789260864257812e+00 4.608306884765625000e-01 1.027078866958618164e+00 -4.282895624637603760e-01 -8.233178853988647461e-01 -1.960142850875854492e-01 1.809282779693603516e+00 -3.388616144657135010e-01 3.202121555805206299e-01 -2.067676633596420288e-01 -4.669333994388580322e-01 6.344482302665710449e-01 -1.499829590320587158e-01 2.000000000000000000e+00 -1.304876565933227539e+00 1.000000000000000000e+00
1.132052540779113770e+00 2.569530904293060303e-01 -5.034279823303222656e-01 -6.626065969467163086e-01 -6.997070312500000000e-01 -3.179592490196228027e-01 1.862302780151367188e+00 -7.659772634506225586e-01 -3.410550951957702637e-01 -6.636891961097717285e-01 4.608306884765625000e-01 -7.049260139465332031e-01 -4.282895624637603760e-01 -8.233178853988647461e-01 -1.960142850875854492e-01 -5.527051687240600586e-01 -3.388616144657135010e-01 3.202121555805206299e-01 -2.067676633596420288e-01 -4.669333994388580322e-01 6.344482302665710449e-01 -1.499829590320587158e-01 -5.000000000000000000e-01 7.663560509681701660e-01 1.000000000000000000e+00
-1.254565596580505371e+00 2.248194456100463867e+00 -2.350869894027709961e+00 1.355916023254394531e+00 -6.997070312500000000e-01 -3.179592490196228027e-01 4.493264853954315186e-01 1.046986699104309082e+00 1.564280629158020020e+00 1.535122156143188477e+00 4.608306884765625000e-01 1.027078866958618164e+00 2.334868907928466797e+00 -8.233178853988647461e-01 -1.960142850875854492e-01 -5.527051687240600586e-01 -3.388616144657135010e-01 3.202121555805206299e-01 -2.067676633596420288e-01 -4.669333994388580322e-01 -1.576172709465026855e+00 -1.499829590320587158e-01 -5.000000000000000000e-01 7.663560509681701660e-01 1.000000000000000000e+00
-1.254565596580505371e+00 -7.386675477027893066e-01 -5.034279823303222656e-01 -5.563685894012451172e-01 -6.997070312500000000e-01 -3.179592490196228027e-01 4.493264853954315186e-01 -7.659772634506225586e-01 -1.293722987174987793e+00 -7.516416907310485840e-01 4.608306884765625000e-01 -7.049260139465332031e-01 -4.282895624637603760e-01 -8.233178853988647461e-01 -1.960142850875854492e-01 -5.527051687240600586e-01 -3.388616144657135010e-01 3.202121555805206299e-01 -2.067676633596420288e-01 -4.669333994388580322e-01 6.344482302665710449e-01 -1.499829590320587158e-01 -5.000000000000000000e-01 7.663560509681701660e-01 1.000000000000000000e+00
1.132052540779113770e+00 2.569530904293060303e-01 -5.034279823303222656e-01 -4.855432212352752686e-01 -6.648799777030944824e-02 -3.179592490196228027e-01 4.493264853954315186e-01 1.046986699104309082e+00 6.116127967834472656e-01 -5.757367610931396484e-01 4.608306884765625000e-01 -7.049260139465332031e-01 -4.282895624637603760e-01 1.214597702026367188e+00 -1.960142850875854492e-01 -5.527051687240600586e-01 -3.388616144657135010e-01 3.202121555805206299e-01 -2.067676633596420288e-01 2.141633033752441406e+00 -1.576172709465026855e+00 -1.499829590320587158e-01 -5.000000000000000000e-01 -1.304876565933227539e+00 1.000000000000000000e+00
-4.590262472629547119e-01 2.248194456100463867e+00 -5.034279823303222656e-01 1.178852558135986328e+00 -6.648799777030944824e-02 5.100595951080322266e-01 4.493264853954315186e-01 -7.659772634506225586e-01 -3.410550951957702637e-01 -1.015498995780944824e+00 4.608306884765625000e-01 -7.049260139465332031e-01 -4.282895624637603760e-01 -8.233178853988647461e-01 -1.960142850875854492e-01 1.809282779693603516e+00 -3.388616144657135010e-01 3.202121555805206299e-01 -2.067676633596420288e-01 -4.669333994388580322e-01 6.344482302665710449e-01 -1.499829590320587158e-01 -5.000000000000000000e-01 7.663560509681701660e-01 1.000000000000000000e+00
-4.590262472629547119e-01 -7.386675477027893066e-01 -5.034279823303222656e-01 -8.750826716423034668e-01 5.667310357093811035e-01 -3.179592490196228027e-01 4.493264853954315186e-01 1.405047029256820679e-01 -1.293722987174987793e+00 2.678503990173339844e+00 4.608306884765625000e-01 -7.049260139465332031e-01 -4.282895624637603760e-01 -8.233178853988647461e-01 -1.960142850875854492e-01 -5.527051687240600586e-01 -3.388616144657135010e-01 3.202121555805206299e-01 -2.067676633596420288e-01 -4.669333994388580322e-01 6.344482302665710449e-01 -1.499829590320587158e-01 2.000000000000000000e+00 -1.304876565933227539e+00 1.000000000000000000e+00
-4.590262472629547119e-01 5.058582425117492676e-01 -2.350869894027709961e+00 1.780868172645568848e+00 -6.997070312500000000e-01 1.338078498840332031e+00 -9.636498689651489258e-01 1.046986699104309082e+00 1.564280629158020020e+00 5.676451325416564941e-01 4.608306884765625000e-01 1.027078866958618164e+00 -4.282895624637603760e-01 1.214597702026367188e+00 -1.960142850875854492e-01 -5.527051687240600586e-01 -3.388616144657135010e-01 3.202121555805206299e-01 -2.067676633596420288e-01 -4.669333994388580322e-01 -1.576172709465026855e+00 -1.499829590320587158e-01 -5.000000000000000000e-01 -1.304876565933227539e+00 1.000000000000000000e+00
-4.590262472629547119e-01 1.999289155006408691e+00 1.344014048576354980e+00 5.060117244720458984e-01 -6.997070312500000000e-01 -1.145978093147277832e+00 4.493264853954315186e-01 -7.659772634506225586e-01 -3.410550951957702637e-01 -9.275465607643127441e-01 4.608306884765625000e-01 1.027078866958618164e+00 -4.282895624637603760e-01 -8.233178853988647461e-01 -1.960142850875854492e-01 -5.527051687240600586e-01 -3.388616144657135010e-01 3.202121555805206299e-01 -2.067676633596420288e-01 -4.669333994388580322e-01 6.344482302665710449e-01 -1.499829590320587158e-01 2.000000000000000000e+00 -1.304876565933227539e+00 1.000000000000000000e+00
-4.590262472629547119e-01 5.058582425117492676e-01 -5.034279823303222656e-01 2.227103263139724731e-01 -6.997070312500000000e-01 -3.179592490196228027e-01 4.493264853954315186e-01 -7.659772634506225586e-01 6.116127967834472656e-01 3.993041440844535828e-02 4.608306884765625000e-01 -7.049260139465332031e-01 2.334868907928466797e+00 1.214597702026367188e+00 -1.960142850875854492e-01 -5.527051687240600586e-01 -3.388616144657135010e-01 3.202121555805206299e-01 -2.067676633596420288e-01 -4.669333994388580322e-01 6.344482302665710449e-01 -1.499829590320587158e-01 -5.000000000000000000e-01 7.663560509681701660e-01 1.000000000000000000e+00
-1.254565596580505371e+00 2.569530904293060303e-01 -5.034279823303222656e-01 -6.980192661285400391e-01 -6.648799777030944824e-02 -3.179592490196228027e-01 -9.636498689651489258e-01 -7.659772634506225586e-01 6.116127967834472656e-01 -3.118793964385986328e-01 4.608306884765625000e-01 -7.049260139465332031e-01 -4.282895624637603760e-01 -8.233178853988647461e-01 -1.960142850875854492e-01 -5.527051687240600586e-01 -3.388616144657135010e-01 3.202121555805206299e-01 -2.067676633596420288e-01 -4.669333994388580322e-01 6.344482302665710449e-01 -1.499829590320587158e-01 2.000000000000000000e+00 -1.304876565933227539e+00 1.000000000000000000e+00
-1.254565596580505371e+00 1.750384092330932617e+00 4.202930629253387451e-01 3.997737169265747070e-01 -6.997070312500000000e-01 5.100595951080322266e-01 4.493264853954315186e-01 -7.659772634506225586e-01 -3.410550951957702637e-01 -8.395941257476806641e-01 -2.375050544738769531e+00 1.027078866958618164e+00 2.334868907928466797e+00 1.214597702026367188e+00 -1.960142850875854492e-01 -5.527051687240600586e-01 -3.388616144657135010e-01 3.202121555805206299e-01 -2.067676633596420288e-01 -4.669333994388580322e-01 6.344482302665710449e-01 -1.499829590320587158e-01 -5.000000000000000000e-01 7.663560509681701660e-01 1.000000000000000000e+00
-4.590262472629547119e-01 1.252573728561401367e+00 -5.034279823303222656e-01 3.905628681182861328e+00 -6.997070312500000000e-01 1.338078498840332031e+00 4.493264853954315186e-01 -7.659772634506225586e-01 1.564280629158020020e+00 1.886931896209716797e+00 4.608306884765625000e-01 -7.049260139465332031e-01 -4.282895624637603760e-01 1.214597702026367188e+00 -1.960142850875854492e-01 1.809282779693603516e+00 -3.388616144657135010e-01 3.202121555805206299e-01 -2.067676633596420288e-01 -4.669333994388580322e-01 -1.576172709465026855e+00 -1.499829590320587158e-01 -5.000000000000000000e-01 -1.304876565933227539e+00 1.000000000000000000e+00
1.132052540779113770e+00 -7.386675477027893066e-01 1.344014048576354980e+00 -3.438925147056579590e-01 -6.997070312500000000e-01 -1.973996996879577637e+00 4.493264853954315186e-01 -7.659772634506225586e-01 6.116127967834472656e-01 5.676451325416564941e-01 -9.571098685264587402e-01 1.027078866958618164e+00 -4.282895624637603760e-01 1.214597702026367188e+00 -1.960142850875854492e-01 -5.527051687240600586e-01 -3.388616144657135010e-01 3.202121555805206299e-01 -2.067676633596420288e-01 -4.669333994388580322e-01 6.344482302665710449e-01 -1.499829590320587158e-01 -5.000000000000000000e-01 -1.304876565933227539e+00 1.000000000000000000e+00
1.132052540779113770e+00 -7.386675477027893066e-01 -5.034279823303222656e-01 -8.750826716423034668e-01 -6.997070312500000000e-01 -3.179592490196228027e-01 1.862302780151367188e+00 -7.659772634506225586e-01 -1.293722987174987793e+00 -6.636891961097717285e-01 4.608306884765625000e-01 -7.049260139465332031e-01 -4.282895624637603760e-01 -8.233178853988647461e-01 -1.960142850875854492e-01 -5.527051687240600586e-01 -3.388616144657135010e-01 3.202121555805206299e-01 -2.067676633596420288e-01 -4.669333994388580322e-01 6.344482302665710449e-01 -1.499829590320587158e-01 -5.000000000000000000e-01 7.663560509681701660e-01 1.000000000000000000e+00
1.132052540779113770e+00 -9.875727295875549316e-01 -5.034279823303222656e-01 -7.334319353103637695e-01 -6.997070312500000000e-01 -1.145978093147277832e+00 -9.636498689651489258e-01 1.046986699104309082e+00 -1.293722987174987793e+00 -1.103451490402221680e+00 4.608306884765625000e-01 -7.049260139465332031e-01 -4.282895624637603760e-01 1.214597702026367188e+00 -1.960142850875854492e-01 -5.527051687240600586e-01 -3.388616144657135010e-01 3.202121555805206299e-01 -2.067676633596420288e-01 2.141633033752441406e+00 -1.576172709465026855e+00 -1.499829590320587158e-01 -5.000000000000000000e-01 7.663560509681701660e-01 1.000000000000000000e+00
-1.254565596580505371e+00 -4.897623956203460693e-01 -5.034279823303222656e-01 -5.563685894012451172e-01 -6.997070312500000000e-01 -1.145978093147277832e+00 4.493264853954315186e-01 1.405047029256820679e-01 -1.293722987174987793e+00 3.993041440844535828e-02 4.608306884765625000e-01 -7.049260139465332031e-01 -4.282895624637603760e-01 -8.233178853988647461e-01 -1.960142850875854492e-01 1.809282779693603516e+00 -3.388616144657135010e-01 3.202121555805206299e-01 -2.067676633596420288e-01 -4.669333994388580322e-01 6.344482302665710449e-01 -1.499829590320587158e-01 -5.000000000000000000e-01 7.663560509681701660e-01 1.000000000000000000e+00
1.132052540779113770e+00 -4.897623956203460693e-01 -5.034279823303222656e-01 -8.396700024604797363e-01 1.833169102668762207e+00 -1.145978093147277832e+00 -9.636498689651489258e-01 -1.672459244728088379e+00 -1.293722987174987793e+00 -1.015498995780944824e+00 4.608306884765625000e-01 -7.049260139465332031e-01 -4.282895624637603760e-01 -8.233178853988647461e-01 -1.960142850875854492e-01 -5.527051687240600586e-01 -3.388616144657135010e-01 3.202121555805206299e-01 -2.067676633596420288e-01 -4.669333994388580322e-01 6.344482302665710449e-01 -1.499829590320587158e-01 -5.000000000000000000e-01 7.663560509681701660e-01 1.000000000000000000e+00
1.132052540779113770e+00 2.569530904293060303e-01 -5.034279823303222656e-01 2.581230103969573975e-01 -6.997070312500000000e-01 5.100595951080322266e-01 -9.636498689651489258e-01 1.046986699104309082e+00 -3.410550951957702637e-01 -9.275465607643127441e-01 4.608306884765625000e-01 -7.049260139465332031e-01 -4.282895624637603760e-01 1.214597702026367188e+00 -1.960142850875854492e-01 -5.527051687240600586e-01 -3.388616144657135010e-01 3.202121555805206299e-01 -2.067676633596420288e-01 2.141633033752441406e+00 -1.576172709465026855e+00 -1.499829590320587158e-01 -5.000000000000000000e-01 7.663560509681701660e-01 1.000000000000000000e+00
-1.254565596580505371e+00 2.569530904293060303e-01 -5.034279823303222656e-01 -3.084798157215118408e-01 -6.997070312500000000e-01 1.338078498840332031e+00 4.493264853954315186e-01 1.046986699104309082e+00 -1.293722987174987793e+00 2.502599239349365234e+00 -2.375050544738769531e+00 -7.049260139465332031e-01 -4.282895624637603760e-01 -8.233178853988647461e-01 -1.960142850875854492e-01 -5.527051687240600586e-01 -3.388616144657135010e-01 3.202121555805206299e-01 -2.067676633596420288e-01 2.141633033752441406e+00 -1.576172709465026855e+00 -1.499829590320587158e-01 2.000000000000000000e+00 -1.304876565933227539e+00 1.000000000000000000e+00
1.132052540779113770e+00 -7.386675477027893066e-01 1.344014048576354980e+00 -4.855432212352752686e-01 -6.997070312500000000e-01 1.338078498840332031e+00 4.493264853954315186e-01 -7.659772634506225586e-01 1.564280629158020020e+00 -8.395941257476806641e-01 4.608306884765625000e-01 1.027078866958618164e+00 -4.282895624637603760e-01 -8.233178853988647461e-01 -1.960142850875854492e-01 -5.527051687240600586e-01 -3.388616144657135010e-01 3.202121555805206299e-01 -2.067676633596420288e-01 -4.669333994388580322e-01 6.344482302665710449e-01 -1.499829590320587158e-01 -5.000000000000000000e-01 7.663560509681701660e-01 1.000000000000000000e+00
1.132052540779113770e+00 1.003668546676635742e+00 4.202930629253387451e-01 -1.668291240930557251e-01 -6.997070312500000000e-01 -3.179592490196228027e-01 -9.636498689651489258e-01 -7.659772634506225586e-01 6.116127967834472656e-01 -8.395941257476806641e-01 4.608306884765625000e-01 1.027078866958618164e+00 -4.282895624637603760e-01 1.214597702026367188e+00 -1.960142850875854492e-01 -5.527051687240600586e-01 -3.388616144657135010e-01 3.202121555805206299e-01 -2.067676633596420288e-01 -4.669333994388580322e-01 6.344482302665710449e-01 -1.499829590320587158e-01 -5.000000000000000000e-01 7.663560509681701660e-01 1.000000000000000000e+00
-1.254565596580505371e+00 2.248194456100463867e+00 -5.034279823303222656e-01 1.320503354072570801e+00 -6.997070312500000000e-01 5.100595951080322266e-01 1.862302780151367188e+00 -1.672459244728088379e+00 -1.293722987174987793e+00 -1.359744966030120850e-01 4.608306884765625000e-01 1.027078866958618164e+00 -4.282895624637603760e-01 1.214597702026367188e+00 -1.960142850875854492e-01 -5.527051687240600586e-01 -3.388616144657135010e-01 -3.122929334640502930e+00 -2.067676633596420288e-01 -4.669333994388580322e-01 6.344482302665710449e-01 -1.499829590320587158e-01 -5.000000000000000000e-01 7.663560509681701660e-01 1.000000000000000000e+00
-4.590262472629547119e-01 1.252573728561401367e+00 -2.350869894027709961e+00 -4.501305520534515381e-01 -6.997070312500000000e-01 1.338078498840332031e+00 4.493264853954315186e-01 1.046986699104309082e+00 1.564280629158020020e+00 2.238741874694824219e+00 4.608306884765625000e-01 -7.049260139465332031e-01 -4.282895624637603760e-01 1.214597702026367188e+00 -1.960142850875854492e-01 -5.527051687240600586e-01 -3.388616144657135010e-01 3.202121555805206299e-01 -2.067676633596420288e-01 -4.669333994388580322e-01 -1.576172709465026855e+00 -1.499829590320587158e-01 -5.000000000000000000e-01 -1.304876565933227539e+00 1.000000000000000000e+00
-4.590262472629547119e-01 -7.386675477027893066e-01 -5.034279823303222656e-01 -4.501305520534515381e-01 1.833169102668762207e+00 -3.179592490196228027e-01 4.493264853954315186e-01 -7.659772634506225586e-01 6.116127967834472656e-01 -4.877842962741851807e-01 4.608306884765625000e-01 -7.049260139465332031e-01 -4.282895624637603760e-01 -8.233178853988647461e-01 -1.960142850875854492e-01 -5.527051687240600586e-01 2.951056957244873047e+00 3.202121555805206299e-01 -2.067676633596420288e-01 -4.669333994388580322e-01 6.344482302665710449e-01 -1.499829590320587158e-01 -5.000000000000000000e-01 7.663560509681701660e-01 1.000000000000000000e+00
3.365131616592407227e-01 -7.386675477027893066e-01 -5.034279823303222656e-01 4.564693942666053772e-02 1.833169102668762207e+00 1.338078498840332031e+00 4.493264853954315186e-01 1.405047029256820679e-01 6.116127967834472656e-01 1.278828680515289307e-01 4.608306884765625000e-01 -7.049260139465332031e-01 -4.282895624637603760e-01 -8.233178853988647461e-01 -1.960142850875854492e-01 -5.527051687240600586e-01 -3.388616144657135010e-01 3.202121555805206299e-01 -2.067676633596420288e-01 -4.669333994388580322e-01 6.344482302665710449e-01 -1.499829590320587158e-01 -5.000000000000000000e-01 -1.304876565933227539e+00 1.000000000000000000e+00
-1.254565596580505371e+00 -7.386675477027893066e-01 -5.034279823303222656e-01 -2.376544773578643799e-01 -6.997070312500000000e-01 -1.973996996879577637e+00 -9.636498689651489258e-01 1.046986699104309082e+00 1.564280629158020020e+00 1.711027026176452637e+00 4.608306884765625000e-01 -7.049260139465332031e-01 -4.282895624637603760e-01 -8.233178853988647461e-01 -1.960142850875854492e-01 -5.527051687240600586e-01 -3.388616144657135010e-01 3.202121555805206299e-01 -2.067676633596420288e-01 -4.669333994388580322e-01 -1.576172709465026855e+00 -1.499829590320587158e-01 -5.000000000000000000e-01 -1.304876565933227539e+00 1.000000000000000000e+00
3.365131616592407227e-01 7.547634243965148926e-01 4.202930629253387451e-01 -4.855432212352752686e-01 -6.997070312500000000e-01 1.338078498840332031e+00 4.493264853954315186e-01 1.046986699104309082e+00 -1.293722987174987793e+00 2.678503990173339844e+00 4.608306884765625000e-01 -7.049260139465332031e-01 -4.282895624637603760e-01 1.214597702026367188e+00 -1.960142850875854492e-01 -5.527051687240600586e-01 -3.388616144657135010e-01 3.202121555805206299e-01 -2.067676633596420288e-01 -4.669333994388580322e-01 6.344482302665710449e-01 -1.499829590320587158e-01 -5.000000000000000000e-01 -1.304876565933227539e+00 1.000000000000000000e+00
-4.590262472629547119e-01 1.252573728561401367e+00 4.202930629253387451e-01 4.351863861083984375e-01 -6.997070312500000000e-01 -3.179592490196228027e-01 -2.376626253128051758e+00 -7.659772634506225586e-01 -1.293722987174987793e+00 -4.877842962741851807e-01 -9.571098685264587402e-01 1.027078866958618164e+00 -4.282895624637603760e-01 1.214597702026367188e+00 -1.960142850875854492e-01 -5.527051687240600586e-01 -3.388616144657135010e-01 3.202121555805206299e-01 -2.067676633596420288e-01 -4.669333994388580322e-01 6.344482302665710449e-01 -1.499829590320587158e-01 -5.000000000000000000e-01 -1.304876565933227539e+00 1.000000000000000000e+00
-4.590262472629547119e-01 -7.492045313119888306e-02 4.202930629253387451e-01 -2.376544773578643799e-01 -6.997070312500000000e-01 -3.179592490196228027e-01 4.493264853954315186e-01 1.405047029256820679e-01 6.116127967834472656e-01 -5.757367610931396484e-01 -2.375050544738769531e+00 1.027078866958618164e+00 -4.282895624637603760e-01 1.214597702026367188e+00 -1.960142850875854492e-01 -5.527051687240600586e-01 -3.388616144657135010e-01 3.202121555805206299e-01 -2.067676633596420288e-01 -4.669333994388580322e-01 6.344482302665710449e-01 -1.499829590320587158e-01 -5.000000000000000000e-01 7.663560509681701660e-01 1.000000000000000000e+00
3.365131616592407227e-01 1.252573728561401367e+00 -5.034279823303222656e-01 4.351863861083984375e-01 -6.997070312500000000e-01 1.338078498840332031e+00 4.493264853954315186e-01 -7.659772634506225586e-01 6.116127967834472656e-01 -3.998318612575531006e-01 4.608306884765625000e-01 -7.049260139465332031e-01 -4.282895624637603760e-01 -8.233178853988647461e-01 -1.960142850875854492e-01 -5.527051687240600586e-01 -3.388616144657135010e-01 3.202121555805206299e-01 -2.067676633596420288e-01 -4.669333994388580322e-01 6.344482302665710449e-01 -1.499829590320587158e-01 -5.000000000000000000e-01 7.663560509681701660e-01 1.000000000000000000e+00
1.132052540779113770e+00 3.243814945220947266e+00 -5.034279823303222656e-01 2.418296337127685547e+00 -6.648799777030944824e-02 5.100595951080322266e-01 -9.636498689651489258e-01 1.046986699104309082e+00 -1.293722987174987793e+00 -1.279356360435485840e+00 4.608306884765625000e-01 -7.049260139465332031e-01 -4.282895624637603760e-01 1.214597702026367188e+00 -1.960142850875854492e-01 -5.527051687240600586e-01 -3.388616144657135010e-01 3.202121555805206299e-01 -2.067676633596420288e-01 -4.669333994388580322e-01 6.344482302665710449e-01 -1.499829590320587158e-01 -5.000000000000000000e-01 7.663560509681701660e-01 1.000000000000000000e+00
-4.590262472629547119e-01 2.569530904293060303e-01 -5.034279823303222656e-01 8.105961978435516357e-02 -6.648799777030944824e-02 5.100595951080322266e-01 4.493264853954315186e-01 1.405047029256820679e-01 6.116127967834472656e-01 2.158353179693222046e-01 -2.375050544738769531e+00 1.027078866958618164e+00 -4.282895624637603760e-01 1.214597702026367188e+00 -1.960142850875854492e-01 1.809282779693603516e+00 -3.388616144657135010e-01 3.202121555805206299e-01 -2.067676633596420288e-01 -4.669333994388580322e-01 6.344482302665710449e-01 -1.499829590320587158e-01 -5.000000000000000000e-01 7.663560509681701660e-01 1.000000000000000000e+00
-1.254565596580505371e+00 -7.386675477027893066e-01 -5.034279823303222656e-01 -6.980192661285400391e-01 1.833169102668762207e+00 1.338078498840332031e+00 -2.376626253128051758e+00 1.046986699104309082e+00 -3.410550951957702637e-01 1.183312296867370605e+00 4.608306884765625000e-01 -7.049260139465332031e-01 -4.282895624637603760e-01 1.214597702026367188e+00 -1.960142850875854492e-01 -5.527051687240600586e-01 -3.388616144657135010e-01 3.202121555805206299e-01 -2.067676633596420288e-01 -4.669333994388580322e-01 6.344482302665710449e-01 -1.499829590320587158e-01 2.000000000000000000e+00 -1.304876565933227539e+00 1.000000000000000000e+00
-1.254565596580505371e+00 -4.897623956203460693e-01 -2.350869894027709961e+00 -8.042573332786560059e-01 -6.997070312500000000e-01 1.338078498840332031e+00 4.493264853954315186e-01 1.405047029256820679e-01 6.116127967834472656e-01 -2.239269465208053589e-01 4.608306884765625000e-01 1.027078866958618164e+00 2.334868907928466797e+00 -8.233178853988647461e-01 -1.960142850875854492e-01 1.809282779693603516e+00 -3.388616144657135010e-01 3.202121555805206299e-01 -2.067676633596420288e-01 2.141633033752441406e+00 -1.576172709465026855e+00 -1.499829590320587158e-01 -5.000000000000000000e-01 7.663560509681701660e-01 1.000000000000000000e+00
1.132052540779113770e+00 2.569530904293060303e-01 1.344014048576354980e+00 1.249678015708923340e+00 1.833169102668762207e+00 -3.179592490196228027e-01 4.493264853954315186e-01 1.046986699104309082e+00 -3.410550951957702637e-01 9.194549322128295898e-01 4.608306884765625000e-01 1.027078866958618164e+00 2.334868907928466797e+00 1.214597702026367188e+00 -1.960142850875854492e-01 -5.527051687240600586e-01 2.951056957244873047e+00 3.202121555805206299e-01 -2.067676633596420288e-01 -4.669333994388580322e-01 6.344482302665710449e-01 -1.499829590320587158e-01 -5.000000000000000000e-01 -1.304876565933227539e+00 1.000000000000000000e+00
3.365131616592407227e-01 2.569530904293060303e-01 -5.034279823303222656e-01 1.518849730491638184e-01 -6.997070312500000000e-01 -1.145978093147277832e+00 -9.636498689651489258e-01 1.046986699104309082e+00 6.116127967834472656e-01 -8.395941257476806641e-01 4.608306884765625000e-01 -7.049260139465332031e-01 -4.282895624637603760e-01 -8.233178853988647461e-01 -1.960142850875854492e-01 -5.527051687240600586e-01 -3.388616144657135010e-01 3.202121555805206299e-01 -2.067676633596420288e-01 -4.669333994388580322e-01 6.344482302665710449e-01 -1.499829590320587158e-01 -5.000000000000000000e-01 7.663560509681701660e-01 1.000000000000000000e+00
-4.590262472629547119e-01 -2.408572286367416382e-01 1.344014048576354980e+00 -4.855432212352752686e-01 -6.997070312500000000e-01 -1.145978093147277832e+00 4.493264853954315186e-01 -7.659772634506225586e-01 -1.293722987174987793e+00 -3.998318612575531006e-01 4.608306884765625000e-01 1.027078866958618164e+00 -4.282895624637603760e-01 -8.233178853988647461e-01 -1.960142850875854492e-01 -5.527051687240600586e-01 -3.388616144657135010e-01 3.202121555805206299e-01 -2.067676633596420288e-01 -4.669333994388580322e-01 6.344482302665710449e-01 -1.499829590320587158e-01 2.000000000000000000e+00 -1.304876565933227539e+00 1.000000000000000000e+00
-4.590262472629547119e-01 1.252573728561401367e+00 -5.034279823303222656e-01 3.303613185882568359e+00 -6.648799777030944824e-02 -3.179592490196228027e-01 4.493264853954315186e-01 1.046986699104309082e+00 1.564280629158020020e+00 1.007407426834106445e+00 4.608306884765625000e-01 -7.049260139465332031e-01 2.334868907928466797e+00 1.214597702026367188e+00 -1.960142850875854492e-01 -5.527051687240600586e-01 -3.388616144657135010e-01 3.202121555805206299e-01 -2.067676633596420288e-01 -4.669333994388580322e-01 -1.576172709465026855e+00 -1.499829590320587158e-01 -5.000000000000000000e-01 7.663560509681701660e-01 1.000000000000000000e+00
-1.254565596580505371e+00 1.252573728561401367e+00 -5.034279823303222656e-01 1.780868172645568848e+00 1.833169102668762207e+00 1.338078498840332031e+00 4.493264853954315186e-01 1.046986699104309082e+00 1.564280629158020020e+00 1.007407426834106445e+00 4.608306884765625000e-01 -7.049260139465332031e-01 -4.282895624637603760e-01 -8.233178853988647461e-01 -1.960142850875854492e-01 -5.527051687240600586e-01 2.951056957244873047e+00 3.202121555805206299e-01 -2.067676633596420288e-01 -4.669333994388580322e-01 -1.576172709465026855e+00 -1.499829590320587158e-01 -5.000000000000000000e-01 7.663560509681701660e-01 1.000000000000000000e+00
1.132052540779113770e+00 2.569530904293060303e-01 4.202930629253387451e-01 2.227103263139724731e-01 -6.997070312500000000e-01 -3.179592490196228027e-01 4.493264853954315186e-01 -7.659772634506225586e-01 1.564280629158020020e+00 -3.118793964385986328e-01 4.608306884765625000e-01 -7.049260139465332031e-01 -4.282895624637603760e-01 -8.233178853988647461e-01 -1.960142850875854492e-01 -5.527051687240600586e-01 -3.388616144657135010e-01 3.202121555805206299e-01 -2.067676633596420288e-01 -4.669333994388580322e-01 -1.576172709465026855e+00 -1.499829590320587158e-01 -5.000000000000000000e-01 7.663560509681701660e-01 1.000000000000000000e+00
1.132052540779113770e+00 -7.386675477027893066e-01 4.202930629253387451e-01 -6.271939277648925781e-01 -6.997070312500000000e-01 -3.179592490196228027e-01 1.862302780151367188e+00 1.046986699104309082e+00 -1.293722987174987793e+00 4.796926975250244141e-01 4.608306884765625000e-01 -7.049260139465332031e-01 -4.282895624637603760e-01 -8.233178853988647461e-01 -1.960142850875854492e-01 -5.527051687240600586e-01 2.951056957244873047e+00 3.202121555805206299e-01 -2.067676633596420288e-01 2.141633033752441406e+00 -1.576172709465026855e+00 -1.499829590320587158e-01 -5.000000000000000000e-01 7.663560509681701660e-01 1.000000000000000000e+00
-4.590262472629547119e-01 -2.408572286367416382e-01 -5.034279823303222656e-01 9.309638738632202148e-01 -6.648799777030944824e-02 -3.179592490196228027e-01 4.493264853954315186e-01 -7.659772634506225586e-01 6.116127967834472656e-01 -4.877842962741851807e-01 4.608306884765625000e-01 1.027078866958618164e+00 -4.282895624637603760e-01 1.214597702026367188e+00 -1.960142850875854492e-01 1.809282779693603516e+00 -3.388616144657135010e-01 3.202121555805206299e-01 -2.067676633596420288e-01 -4.669333994388580322e-01 6.344482302665710449e-01 -1.499829590320587158e-01 -5.000000000000000000e-01 7.663560509681701660e-01 1.000000000000000000e+00
-4.590262472629547119e-01 2.248194456100463867e+00 -1.427148938179016113e+00 1.108027219772338867e+00 -6.997070312500000000e-01 1.338078498840332031e+00 -9.636498689651489258e-01 1.405047029256820679e-01 1.564280629158020020e+00 2.062836885452270508e+00 4.608306884765625000e-01 -7.049260139465332031e-01 -4.282895624637603760e-01 -8.233178853988647461e-01 -1.960142850875854492e-01 -5.527051687240600586e-01 -3.388616144657135010e-01 3.202121555805206299e-01 -2.067676633596420288e-01 2.141633033752441406e+00 -1.576172709465026855e+00 -1.499829590320587158e-01 -5.000000000000000000e-01 7.663560509681701660e-01 1.000000000000000000e+00
-1.254565596580505371e+00 -7.386675477027893066e-01 -5.034279823303222656e-01 -3.793051838874816895e-01 -6.997070312500000000e-01 -3.179592490196228027e-01 4.493264853954315186e-01 1.405047029256820679e-01 -3.410550951957702637e-01 -1.015498995780944824e+00 4.608306884765625000e-01 -7.049260139465332031e-01 -4.282895624637603760e-01 -8.233178853988647461e-01 -1.960142850875854492e-01 -5.527051687240600586e-01 -3.388616144657135010e-01 3.202121555805206299e-01 -2.067676633596420288e-01 -4.669333994388580322e-01 6.344482302665710449e-01 -1.499829590320587158e-01 2.000000000000000000e+00 -1.304876565933227539e+00 1.000000000000000000e+00
1.132052540779113770e+00 1.501478910446166992e+00 -5.034279823303222656e-01 1.887106180191040039e+00 -6.648799777030944824e-02 1.338078498840332031e+00 4.493264853954315186e-01 -7.659772634506225586e-01 6.116127967834472656e-01 8.315024971961975098e-01 4.608306884765625000e-01 -7.049260139465332031e-01 -4.282895624637603760e-01 1.214597702026367188e+00 -1.960142850875854492e-01 -5.527051687240600586e-01 2.951056957244873047e+00 3.202121555805206299e-01 -2.067676633596420288e-01 -4.669333994388580322e-01 6.344482302665710449e-01 -1.499829590320587158e-01 -5.000000000000000000e-01 -1.304876565933227539e+00 1.000000000000000000e+00
-1.254565596580505371e+00 -1.236477851867675781e+00 1.344014048576354980e+00 4.564693942666053772e-02 -6.997070312500000000e-01 -3.179592490196228027e-01 -2.376626253128051758e+00 1.046986699104309082e+00 -1.293722987174987793e+00 7.435500621795654297e-01 4.608306884765625000e-01 -7.049260139465332031e-01 -4.282895624637603760e-01 1.214597702026367188e+00 -1.960142850875854492e-01 -5.527051687240600586e-01 -3.388616144657135010e-01 3.202121555805206299e-01 -2.067676633596420288e-01 2.141633033752441406e+00 -1.576172709465026855e+00 -1.499829590320587158e-01 -5.000000000000000000e-01 -1.304876565933227539e+00 1.000000000000000000e+00
1.132052540779113770e+00 -9.875727295875549316e-01 -5.034279823303222656e-01 -2.730671465396881104e-01 5.667310357093811035e-01 1.338078498840332031e+00 4.493264853954315186e-01 1.046986699104309082e+00 1.564280629158020020e+00 1.359217166900634766e+00 4.608306884765625000e-01 -7.049260139465332031e-01 -4.282895624637603760e-01 -8.233178853988647461e-01 -1.960142850875854492e-01 1.809282779693603516e+00 -3.388616144657135010e-01 3.202121555805206299e-01 -2.067676633596420288e-01 -4.669333994388580322e-01 -1.576172709465026855e+00 -1.499829590320587158e-01 2.000000000000000000e+00 -1.304876565933227539e+00 1.000000000000000000e+00
1.132052540779113770e+00 2.569530904293060303e-01 1.344014048576354980e+00 -1.314164400100708008e-01 -6.648799777030944824e-02 1.338078498840332031e+00 4.493264853954315186e-01 1.046986699104309082e+00 -1.293722987174987793e+00 3.993041440844535828e-02 4.608306884765625000e-01 -7.049260139465332031e-01 2.334868907928466797e+00 1.214597702026367188e+00 -1.960142850875854492e-01 -5.527051687240600586e-01 -3.388616144657135010e-01 3.202121555805206299e-01 -2.067676633596420288e-01 -4.669333994388580322e-01 6.344482302665710449e-01 -1.499829590320587158e-01 -5.000000000000000000e-01 7.663560509681701660e-01 1.000000000000000000e+00
-4.590262472629547119e-01 1.252573728561401367e+00 -2.350869894027709961e+00 1.872976422309875488e-01 -6.997070312500000000e-01 -3.179592490196228027e-01 -9.636498689651489258e-01 -1.672459244728088379e+00 6.116127967834472656e-01 5.676451325416564941e-01 4.608306884765625000e-01 -7.049260139465332031e-01 -4.282895624637603760e-01 1.214597702026367188e+00 -1.960142850875854492e-01 -5.527051687240600586e-01 -3.388616144657135010e-01 3.202121555805206299e-01 -2.067676633596420288e-01 -4.669333994388580322e-01 6.344482302665710449e-01 -1.499829590320587158e-01 -5.000000000000000000e-01 7.663560509681701660e-01 1.000000000000000000e+00
-1.254565596580505371e+00 -1.236477851867675781e+00 -5.034279823303222656e-01 4.118104934692382812e+00 -6.997070312500000000e-01 1.338078498840332031e+00 4.493264853954315186e-01 1.046986699104309082e+00 1.564280629158020020e+00 2.854408979415893555e+00 -2.375050544738769531e+00 -7.049260139465332031e-01 -4.282895624637603760e-01 1.214597702026367188e+00 -1.960142850875854492e-01 1.809282779693603516e+00 -3.388616144657135010e-01 3.202121555805206299e-01 -2.067676633596420288e-01 -4.669333994388580322e-01 6.344482302665710449e-01 -1.499829590320587158e-01 -5.000000000000000000e-01 -1.304876565933227539e+00 1.000000000000000000e+00
1.132052540779113770e+00 -7.386675477027893066e-01 -5.034279823303222656e-01 -4.147178530693054199e-01 -6.648799777030944824e-02 -3.179592490196228027e-01 -9.636498689651489258e-01 -7.659772634506225586e-01 -1.293722987174987793e+00 -6.636891961097717285e-01 4.608306884765625000e-01 -7.049260139465332031e-01 -4.282895624637603760e-01 -8.233178853988647461e-01 -1.960142850875854492e-01 -5.527051687240600586e-01 -3.388616144657135010e-01 -3.122929334640502930e+00 4.836346149444580078e+00 -4.669333994388580322e-01 6.344482302665710449e-01 -1.499829590320587158e-01 -5.000000000000000000e-01 7.663560509681701660e-01 1.000000000000000000e+00
-1.254565596580505371e+00 -7.386675477027893066e-01 -5.034279823303222656e-01 -7.334319353103637695e-01 1.833169102668762207e+00 -3.179592490196228027e-01 -9.636498689651489258e-01 1.046986699104309082e+00 -3.410550951957702637e-01 -1.103451490402221680e+00 -2.375050544738769531e+00 -7.049260139465332031e-01 -4.282895624637603760e-01 1.214597702026367188e+00 -1.960142850875854492e-01 -5.527051687240600586e-01 -3.388616144657135010e-01 3.202121555805206299e-01 -2.067676633596420288e-01 2.141633033752441406e+00 -1.576172709465026855e+00 -1.499829590320587158e-01 -5.000000000000000000e-01 7.663560509681701660e-01 1.000000000000000000e+00
3.365131616592407227e-01 -4.897623956203460693e-01 -5.034279823303222656e-01 -2.022417932748794556e-01 -6.997070312500000000e-01 5.100595951080322266e-01 4.493264853954315186e-01 1.046986699104309082e+00 -3.410550951957702637e-01 -8.395941257476806641e-01 4.608306884765625000e-01 -7.049260139465332031e-01 -4.282895624637603760e-01 1.214597702026367188e+00 -1.960142850875854492e-01 -5.527051687240600586e-01 -3.388616144657135010e-01 3.202121555805206299e-01 -2.067676633596420288e-01 2.141633033752441406e+00 -1.576172709465026855e+00 -1.499829590320587158e-01 -5.000000000000000000e-01 7.663560509681701660e-01 1.000000000000000000e+00
-1.254565596580505371e+00 1.750384092330932617e+00 -5.034279823303222656e-01 2.581230103969573975e-01 -6.997070312500000000e-01 -1.145978093147277832e+00 4.493264853954315186e-01 1.405047029256820679e-01 6.116127967834472656e-01 -1.359744966030120850e-01 4.608306884765625000e-01 -7.049260139465332031e-01 -4.282895624637603760e-01 -8.233178853988647461e-01 -1.960142850875854492e-01 -5.527051687240600586e-01 -3.388616144657135010e-01 3.202121555805206299e-01 -2.067676633596420288e-01 -4.669333994388580322e-01 6.344482302665710449e-01 -1.499829590320587158e-01 -5.000000000000000000e-01 7.663560509681701660e-01 1.000000000000000000e+00
-1.254565596580505371e+00 2.569530904293060303e-01 -5.034279823303222656e-01 2.581230103969573975e-01 -6.997070312500000000e-01 -3.179592490196228027e-01 4.493264853954315186e-01 -7.659772634506225586e-01 6.116127967834472656e-01 -7.516416907310485840e-01 -9.571098685264587402e-01 -7.049260139465332031e-01 -4.282895624637603760e-01 -8.233178853988647461e-01 -1.960142850875854492e-01 -5.527051687240600586e-01 -3.388616144657135010e-01 3.202121555805206299e-01 -2.067676633596420288e-01 -4.669333994388580322e-01 6.344482302665710449e-01 -1.499829590320587158e-01 -5.000000000000000000e-01 7.663560509681701660e-01 1.000000000000000000e+00
-1.254565596580505371e+00 1.252573728561401367e+00 1.344014048576354980e+00 2.241232872009277344e+00 -6.997070312500000000e-01 5.100595951080322266e-01 4.493264853954315186e-01 1.046986699104309082e+00 6.116127967834472656e-01 -1.015498995780944824e+00 4.608306884765625000e-01 1.027078866958618164e+00 -4.282895624637603760e-01 1.214597702026367188e+00 -1.960142850875854492e-01 -5.527051687240600586e-01 2.951056957244873047e+00 3.202121555805206299e-01 -2.067676633596420288e-01 -4.669333994388580322e-01 6.344482302665710449e-01 -1.499829590320587158e-01 -5.000000000000000000e-01 7.663560509681701660e-01 1.000000000000000000e+00
-4.590262472629547119e-01 8.047933690249919891e-03 -5.034279823303222656e-01 2.581230103969573975e-01 1.833169102668762207e+00 5.100595951080322266e-01 4.493264853954315186e-01 1.405047029256820679e-01 6.116127967834472656e-01 -4.802203923463821411e-02 4.608306884765625000e-01 -7.049260139465332031e-01 -4.282895624637603760e-01 1.214597702026367188e+00 -1.960142850875854492e-01 -5.527051687240600586e-01 -3.388616144657135010e-01 3.202121555805206299e-01 -2.067676633596420288e-01 -4.669333994388580322e-01 6.344482302665710449e-01 -1.499829590320587158e-01 -5.000000000000000000e-01 7.663560509681701660e-01 1.000000000000000000e+00
-1.254565596580505371e+00 1.252573728561401367e+00 1.344014048576354980e+00 1.710042715072631836e+00 -6.997070312500000000e-01 -3.179592490196228027e-01 -9.636498689651489258e-01 -7.659772634506225586e-01 1.564280629158020020e+00 -9.275465607643127441e-01 4.608306884765625000e-01 1.027078866958618164e+00 -4.282895624637603760e-01 1.214597702026367188e+00 -1.960142850875854492e-01 -5.527051687240600586e-01 -3.388616144657135010e-01 3.202121555805206299e-01 -2.067676633596420288e-01 -4.669333994388580322e-01 6.344482302665710449e-01 -1.499829590320587158e-01 -5.000000000000000000e-01 -1.304876565933227539e+00 1.000000000000000000e+00
1.132052540779113770e+00 -2.408572286367416382e-01 4.202930629253387451e-01 -5.209559202194213867e-01 -6.997070312500000000e-01 5.100595951080322266e-01 -9.636498689651489258e-01 -1.672459244728088379e+00 -1.293722987174987793e+00 -1.191403985023498535e+00 4.608306884765625000e-01 -7.049260139465332031e-01 -4.282895624637603760e-01 -8.233178853988647461e-01 -1.960142850875854492e-01 -5.527051687240600586e-01 -3.388616144657135010e-01 3.202121555805206299e-01 -2.067676633596420288e-01 -4.669333994388580322e-01 6.344482302665710449e-01 -1.499829590320587158e-01 -5.000000000000000000e-01 7.663560509681701660e-01 1.000000000000000000e+00
-1.254565596580505371e+00 8.047933690249919891e-03 -5.034279823303222656e-01 4.564693942666053772e-02 1.199950098991394043e+00 -1.145978093147277832e+00 -9.636498689651489258e-01 -7.659772634506225586e-01 6.116127967834472656e-01 -5.757367610931396484e-01 -2.375050544738769531e+00 -7.049260139465332031e-01 -4.282895624637603760e-01 -8.233178853988647461e-01 -1.960142850875854492e-01 -5.527051687240600586e-01 -3.388616144657135010e-01 3.202121555805206299e-01 -2.067676633596420288e-01 -4.669333994388580322e-01 6.344482302665710449e-01 -1.499829590320587158e-01 -5.000000000000000000e-01 7.663560509681701660e-01 1.000000000000000000e+00
1.132052540779113770e+00 2.569530904293060303e-01 -5.034279823303222656e-01 -6.980192661285400391e-01 -6.997070312500000000e-01 5.100595951080322266e-01 4.493264853954315186e-01 -1.672459244728088379e+00 -1.293722987174987793e+00 -9.275465607643127441e-01 4.608306884765625000e-01 -7.049260139465332031e-01 -4.282895624637603760e-01 1.214597702026367188e+00 -1.960142850875854492e-01 -5.527051687240600586e-01 -3.388616144657135010e-01 3.202121555805206299e-01 -2.067676633596420288e-01 -4.669333994388580322e-01 6.344482302665710449e-01 -1.499829590320587158e-01 -5.000000000000000000e-01 7.663560509681701660e-01 1.000000000000000000e+00
1.132052540779113770e+00 -7.386675477027893066e-01 1.344014048576354980e+00 -3.438925147056579590e-01 1.833169102668762207e+00 1.338078498840332031e+00 4.493264853954315186e-01 1.046986699104309082e+00 -1.293722987174987793e+00 1.183312296867370605e+00 4.608306884765625000e-01 -7.049260139465332031e-01 -4.282895624637603760e-01 1.214597702026367188e+00 -1.960142850875854492e-01 -5.527051687240600586e-01 -3.388616144657135010e-01 -3.122929334640502930e+00 4.836346149444580078e+00 -4.669333994388580322e-01 6.344482302665710449e-01 -1.499829590320587158e-01 -5.000000000000000000e-01 7.663560509681701660e-01 1.000000000000000000e+00
-4.590262472629547119e-01 1.750384092330932617e+00 1.344014048576354980e+00 9.663765430450439453e-01 -6.997070312500000000e-01 5.100595951080322266e-01 -9.636498689651489258e-01 -1.672459244728088379e+00 -1.293722987174987793e+00 4.796926975250244141e-01 -2.375050544738769531e+00 1.027078866958618164e+00 -4.282895624637603760e-01 -8.233178853988647461e-01 -1.960142850875854492e-01 -5.527051687240600586e-01 -3.388616144657135010e-01 3.202121555805206299e-01 -2.067676633596420288e-01 -4.669333994388580322e-01 6.344482302665710449e-01 -1.499829590320587158e-01 2.000000000000000000e+00 -1.304876565933227539e+00 1.000000000000000000e+00
-1.254565596580505371e+00 -1.236477851867675781e+00 1.344014048576354980e+00 -6.626065969467163086e-01 -6.997070312500000000e-01 -1.145978093147277832e+00 4.493264853954315186e-01 1.046986699104309082e+00 -1.293722987174987793e+00 3.917402327060699463e-01 4.608306884765625000e-01 -7.049260139465332031e-01 2.334868907928466797e+00 -8.233178853988647461e-01 5.101668834686279297e+00 1.809282779693603516e+00 -3.388616144657135010e-01 3.202121555805206299e-01 -2.067676633596420288e-01 -4.669333994388580322e-01 6.344482302665710449e-01 -1.499829590320587158e-01 2.000000000000000000e+00 -1.304876565933227539e+00 1.000000000000000000e+00
1.132052540779113770e+00 2.569530904293060303e-01 -5.034279823303222656e-01 7.539004683494567871e-01 1.833169102668762207e+00 -1.973996996879577637e+00 -9.636498689651489258e-01 1.046986699104309082e+00 -3.410550951957702637e-01 -8.395941257476806641e-01 4.608306884765625000e-01 -7.049260139465332031e-01 -4.282895624637603760e-01 1.214597702026367188e+00 -1.960142850875854492e-01 -5.527051687240600586e-01 2.951056957244873047e+00 3.202121555805206299e-01 -2.067676633596420288e-01 2.141633033752441406e+00 -1.576172709465026855e+00 -1.499829590320587158e-01 -5.000000000000000000e-01 -1.304876565933227539e+00 1.000000000000000000e+00
-4.590262472629547119e-01 -1.153509497642517090e+00 -5.034279823303222656e-01 -3.438925147056579590e-01 -6.997070312500000000e-01 -1.145978093147277832e+00 -9.636498689651489258e-01 -1.672459244728088379e+00 -1.293722987174987793e+00 8.315024971961975098e-01 4.608306884765625000e-01 -7.049260139465332031e-01 -4.282895624637603760e-01 -8.233178853988647461e-01 -1.960142850875854492e-01 -5.527051687240600586e-01 -3.388616144657135010e-01 -3.122929334640502930e+00 -2.067676633596420288e-01 -4.669333994388580322e-01 6.344482302665710449e-01 -1.499829590320587158e-01 -5.000000000000000000e-01 7.663560509681701660e-01 1.000000000000000000e+00
-1.254565596580505371e+00 -8.216359019279479980e-01 1.344014048576354980e+00 2.227103263139724731e-01 -6.997070312500000000e-01 -3.179592490196228027e-01 4.493264853954315186e-01 -7.659772634506225586e-01 -1.293722987174987793e+00 3.917402327060699463e-01 4.608306884765625000e-01 1.027078866958618164e+00 2.334868907928466797e+00 -8.233178853988647461e-01 -1.960142850875854492e-01 1.809282779693603516e+00 -3.388616144657135010e-01 3.202121555805206299e-01 -2.067676633596420288e-01 -4.669333994388580322e-01 6.344482302665710449e-01 -1.499829590320587158e-01 2.000000000000000000e+00 -1.304876565933227539e+00 1.000000000000000000e+00
-4.590262472629547119e-01 2.569530904293060303e-01 4.202930629253387451e-01 -5.917812585830688477e-01 -6.648799777030944824e-02 5.100595951080322266e-01 -9.636498689651489258e-01 -7.659772634506225586e-01 -3.410550951957702637e-01 -1.103451490402221680e+00 4.608306884765625000e-01 1.027078866958618164e+00 -4.282895624637603760e-01 1.214597702026367188e+00 -1.960142850875854492e-01 -5.527051687240600586e-01 -3.388616144657135010e-01 3.202121555805206299e-01 -2.067676633596420288e-01 2.141633033752441406e+00 -1.576172709465026855e+00 -1.499829590320587158e-01 -5.000000000000000000e-01 7.663560509681701660e-01 1.000000000000000000e+00
-1.254565596580505371e+00 7.547634243965148926e-01 -5.034279823303222656e-01 -6.059109047055244446e-02 -6.997070312500000000e-01 -1.145978093147277832e+00 -2.376626253128051758e+00 1.046986699104309082e+00 -3.410550951957702637e-01 -3.998318612575531006e-01 4.608306884765625000e-01 -7.049260139465332031e-01 -4.282895624637603760e-01 -8.233178853988647461e-01 -1.960142850875854492e-01 -5.527051687240600586e-01 -3.388616144657135010e-01 3.202121555805206299e-01 -2.067676633596420288e-01 -4.669333994388580322e-01 6.344482302665710449e-01 -1.499829590320587158e-01 2.000000000000000000e+00 -1.304876565933227539e+00 1.000000000000000000e+00
1.132052540779113770e+00 -9.046043157577514648e-01 1.344014048576354980e+00 -4.147178530693054199e-01 -6.997070312500000000e-01 -1.145978093147277832e+00 -9.636498689651489258e-01 1.405047029256820679e-01 -1.293722987174987793e+00 -1.103451490402221680e+00 4.608306884765625000e-01 1.027078866958618164e+00 -4.282895624637603760e-01 -8.233178853988647461e-01 -1.960142850875854492e-01 -5.527051687240600586e-01 -3.388616144657135010e-01 3.202121555805206299e-01 -2.067676633596420288e-01 2.141633033752441406e+00 -1.576172709465026855e+00 -1.499829590320587158e-01 -5.000000000000000000e-01 7.663560509681701660e-01 1.000000000000000000e+00
-1.254565596580505371e+00 -1.236477851867675781e+00 1.344014048576354980e+00 5.060117244720458984e-01 1.833169102668762207e+00 -1.145978093147277832e+00 4.493264853954315186e-01 1.405047029256820679e-01 -1.293722987174987793e+00 7.435500621795654297e-01 4.608306884765625000e-01 1.027078866958618164e+00 2.334868907928466797e+00 -8.233178853988647461e-01 -1.960142850875854492e-01 1.809282779693603516e+00 -3.388616144657135010e-01 3.202121555805206299e-01 -2.067676633596420288e-01 -4.669333994388580322e-01 6.344482302665710449e-01 -1.499829590320587158e-01 2.000000000000000000e+00 -1.304876565933227539e+00 1.000000000000000000e+00
-4.590262472629547119e-01 -1.070541143417358398e+00 -5.034279823303222656e-01 -6.626065969467163086e-01 -6.997070312500000000e-01 -3.179592490196228027e-01 4.493264853954315186e-01 -7.659772634506225586e-01 -1.293722987174987793e+00 -2.239269465208053589e-01 4.608306884765625000e-01 -7.049260139465332031e-01 -4.282895624637603760e-01 -8.233178853988647461e-01 5.101668834686279297e+00 -5.527051687240600586e-01 -3.388616144657135010e-01 -3.122929334640502930e+00 -2.067676633596420288e-01 -4.669333994388580322e-01 6.344482302665710449e-01 -1.499829590320587158e-01 -5.000000000000000000e-01 7.663560509681701660e-01 1.000000000000000000e+00
-1.254565596580505371e+00 -1.236477851867675781e+00 1.344014048576354980e+00 -9.459080100059509277e-01 -6.997070312500000000e-01 5.100595951080322266e-01 -9.636498689651489258e-01 1.405047029256820679e-01 -3.410550951957702637e-01 1.278828680515289307e-01 4.608306884765625000e-01 1.027078866958618164e+00 -4.282895624637603760e-01 -8.233178853988647461e-01 5.101668834686279297e+00 1.809282779693603516e+00 -3.388616144657135010e-01 3.202121555805206299e-01 -2.067676633596420288e-01 -4.669333994388580322e-01 6.344482302665710449e-01 -1.499829590320587158e-01 -5.000000000000000000e-01 7.663560509681701660e-01 1.000000000000000000e+00
1.132052540779113770e+00 1.252573728561401367e+00 -5.034279823303222656e-01 1.023426372557878494e-02 -6.997070312500000000e-01 -3.179592490196228027e-01 -9.636498689651489258e-01 -7.659772634506225586e-01 6.116127967834472656e-01 -6.636891961097717285e-01 4.608306884765625000e-01 -7.049260139465332031e-01 -4.282895624637603760e-01 1.214597702026367188e+00 -1.960142850875854492e-01 -5.527051687240600586e-01 -3.388616144657135010e-01 3.202121555805206299e-01 -2.067676633596420288e-01 -4.669333994388580322e-01 6.344482302665710449e-01 -1.499829590320587158e-01 -5.000000000000000000e-01 -1.304876565933227539e+00 1.000000000000000000e+00
1.132052540779113770e+00 -9.875727295875549316e-01 1.344014048576354980e+00 -7.334319353103637695e-01 -6.997070312500000000e-01 -3.179592490196228027e-01 4.493264853954315186e-01 -1.672459244728088379e+00 -1.293722987174987793e+00 -4.877842962741851807e-01 4.608306884765625000e-01 1.027078866958618164e+00 -4.282895624637603760e-01 -8.233178853988647461e-01 -1.960142850875854492e-01 1.809282779693603516e+00 -3.388616144657135010e-01 3.202121555805206299e-01 -2.067676633596420288e-01 -4.669333994388580322e-01 6.344482302665710449e-01 -1.499829590320587158e-01 -5.000000000000000000e-01 7.663560509681701660e-01 1.000000000000000000e+00
-1.254565596580505371e+00 -2.408572286367416382e-01 -5.034279823303222656e-01 -3.793051838874816895e-01 -6.648799777030944824e-02 5.100595951080322266e-01 4.493264853954315186e-01 1.405047029256820679e-01 6.116127967834472656e-01 -4.877842962741851807e-01 4.608306884765625000e-01 -7.049260139465332031e-01 2.334868907928466797e+00 1.214597702026367188e+00 -1.960142850875854492e-01 1.809282779693603516e+00 -3.388616144657135010e-01 3.202121555805206299e-01 -2.067676633596420288e-01 -4.669333994388580322e-01 6.344482302665710449e-01 -1.499829590320587158e-01 -5.000000000000000000e-01 -1.304876565933227539e+00 1.000000000000000000e+00
-1.254565596580505371e+00 1.252573728561401367e+00 -5.034279823303222656e-01 -4.501305520534515381e-01 1.833169102668762207e+00 1.338078498840332031e+00 4.493264853954315186e-01 1.046986699104309082e+00 1.564280629158020020e+00 3.917402327060699463e-01 4.608306884765625000e-01 -7.049260139465332031e-01 -4.282895624637603760e-01 1.214597702026367188e+00 -1.960142850875854492e-01 -5.527051687240600586e-01 -3.388616144657135010e-01 3.202121555805206299e-01 -2.067676633596420288e-01 -4.669333994388580322e-01 6.344482302665710449e-01 -1.499829590320587158e-01 -5.000000000000000000e-01 -1.304876565933227539e+00 1.000000000000000000e+00
1.132052540779113770e+00 -7.386675477027893066e-01 1.344014048576354980e+00 -6.626065969467163086e-01 5.667310357093811035e-01 5.100595951080322266e-01 -9.636498689651489258e-01 1.046986699104309082e+00 6.116127967834472656e-01 1.278828680515289307e-01 4.608306884765625000e-01 -7.049260139465332031e-01 -4.282895624637603760e-01 1.214597702026367188e+00 -1.960142850875854492e-01 -5.527051687240600586e-01 -3.388616144657135010e-01 3.202121555805206299e-01 -2.067676633596420288e-01 2.141633033752441406e+00 -1.576172709465026855e+00 -1.499829590320587158e-01 -5.000000000000000000e-01 7.663560509681701660e-01 1.000000000000000000e+00
-1.254565596580505371e+00 -4.897623956203460693e-01 -5.034279823303222656e-01 -5.209559202194213867e-01 -6.997070312500000000e-01 -1.145978093147277832e+00 -9.636498689651489258e-01 -1.672459244728088379e+00 -3.410550951957702637e-01 9.194549322128295898e-01 4.608306884765625000e-01 -7.049260139465332031e-01 -4.282895624637603760e-01 -8.233178853988647461e-01 -1.960142850875854492e-01 -5.527051687240600586e-01 -3.388616144657135010e-01 -3.122929334640502930e+00 -2.067676633596420288e-01 2.141633033752441406e+00 -1.576172709465026855e+00 -1.499829590320587158e-01 -5.000000000000000000e-01 7.663560509681701660e-01 1.000000000000000000e+00
-4.590262472629547119e-01 -2.408572286367416382e-01 -2.350869894027709961e+00 -3.438925147056579590e-01 -6.648799777030944824e-02 -1.145978093147277832e+00 -9.636498689651489258e-01 1.405047029256820679e-01 6.116127967834472656e-01 -6.636891961097717285e-01 4.608306884765625000e-01 1.027078866958618164e+00 -4.282895624637603760e-01 -8.233178853988647461e-01 -1.960142850875854492e-01 1.809282779693603516e+00 -3.388616144657135010e-01 3.202121555805206299e-01 -2.067676633596420288e-01 -4.669333994388580322e-01 6.344482302665710449e-01 -1.499829590320587158e-01 -5.000000000000000000e-01 7.663560509681701660e-01 1.000000000000000000e+00
-4.590262472629547119e-01 -7.386675477027893066e-01 1.344014048576354980e+00 -4.855432212352752686e-01 -6.997070312500000000e-01 -1.973996996879577637e+00 4.493264853954315186e-01 -7.659772634506225586e-01 6.116127967834472656e-01 -1.359744966030120850e-01 4.608306884765625000e-01 1.027078866958618164e+00 -4.282895624637603760e-01 1.214597702026367188e+00 -1.960142850875854492e-01 -5.527051687240600586e-01 2.951056957244873047e+00 3.202121555805206299e-01 -2.067676633596420288e-01 -4.669333994388580322e-01 6.344482302665710449e-01 -1.499829590320587158e-01 -5.000000000000000000e-01 -1.304876565933227539e+00 1.000000000000000000e+00
-1.254565596580505371e+00 -1.236477851867675781e+00 -5.034279823303222656e-01 -2.376544773578643799e-01 5.667310357093811035e-01 -3.179592490196228027e-01 4.493264853954315186e-01 1.405047029256820679e-01 -1.293722987174987793e+00 7.435500621795654297e-01 4.608306884765625000e-01 -7.049260139465332031e-01 2.334868907928466797e+00 -8.233178853988647461e-01 -1.960142850875854492e-01 -5.527051687240600586e-01 -3.388616144657135010e-01 3.202121555805206299e-01 -2.067676633596420288e-01 2.141633033752441406e+00 -1.576172709465026855e+00 -1.499829590320587158e-01 -5.000000000000000000e-01 7.663560509681701660e-01 1.000000000000000000e+00
1.132052540779113770e+00 -8.216359019279479980e-01 1.344014048576354980e+00 -6.626065969467163086e-01 -6.997070312500000000e-01 -1.145978093147277832e+00 -9.636498689651489258e-01 1.046986699104309082e+00 6.116127967834472656e-01 -4.802203923463821411e-02 4.608306884765625000e-01 1.027078866958618164e+00 -4.282895624637603760e-01 -8.233178853988647461e-01 -1.960142850875854492e-01 1.809282779693603516e+00 -3.388616144657135010e-01 3.202121555805206299e-01 -2.067676633596420288e-01 -4.669333994388580322e-01 6.344482302665710449e-01 -1.499829590320587158e-01 -5.000000000000000000e-01 -1.304876565933227539e+00 1.000000000000000000e+00
-4.590262472629547119e-01 -1.236477851867675781e+00 -5.034279823303222656e-01 -8.750826716423034668e-01 -6.997070312500000000e-01 -3.179592490196228027e-01 -9.636498689651489258e-01 1.405047029256820679e-01 -1.293722987174987793e+00 2.502599239349365234e+00 4.608306884765625000e-01 -7.049260139465332031e-01 -4.282895624637603760e-01 -8.233178853988647461e-01 -1.960142850875854492e-01 -5.527051687240600586e-01 -3.388616144657135010e-01 -3.122929334640502930e+00 -2.067676633596420288e-01 -4.669333994388580322e-01 6.344482302665710449e-01 -1.499829590320587158e-01 -5.000000000000000000e-01 7.663560509681701660e-01 1.000000000000000000e+00
-1.254565596580505371e+00 2.569530904293060303e-01 -5.034279823303222656e-01 1.178852558135986328e+00 -6.997070312500000000e-01 -3.179592490196228027e-01 1.862302780151367188e+00 -7.659772634506225586e-01 6.116127967834472656e-01 -1.279356360435485840e+00 -9.571098685264587402e-01 -7.049260139465332031e-01 -4.282895624637603760e-01 -8.233178853988647461e-01 -1.960142850875854492e-01 -5.527051687240600586e-01 -3.388616144657135010e-01 3.202121555805206299e-01 -2.067676633596420288e-01 -4.669333994388580322e-01 6.344482302665710449e-01 -1.499829590320587158e-01 2.000000000000000000e+00 -1.304876565933227539e+00 1.000000000000000000e+00
1.132052540779113770e+00 -1.236477851867675781e+00 -5.034279823303222656e-01 -6.271939277648925781e-01 -6.997070312500000000e-01 -1.145978093147277832e+00 -9.636498689651489258e-01 -7.659772634506225586e-01 1.564280629158020020e+00 1.798979520797729492e+00 4.608306884765625000e-01 -7.049260139465332031e-01 -4.282895624637603760e-01 -8.233178853988647461e-01 -1.960142850875854492e-01 -5.527051687240600586e-01 -3.388616144657135010e-01 3.202121555805206299e-01 -2.067676633596420288e-01 -4.669333994388580322e-01 6.344482302665710449e-01 -1.499829590320587158e-01 -5.000000000000000000e-01 7.663560509681701660e-01 1.000000000000000000e+00
-1.254565596580505371e+00 5.058582425117492676e-01 -2.350869894027709961e+00 7.184877991676330566e-01 -6.997070312500000000e-01 -1.973996996879577637e+00 4.493264853954315186e-01 1.046986699104309082e+00 -3.410550951957702637e-01 1.271264791488647461e+00 -9.571098685264587402e-01 1.027078866958618164e+00 -4.282895624637603760e-01 1.214597702026367188e+00 -1.960142850875854492e-01 -5.527051687240600586e-01 -3.388616144657135010e-01 3.202121555805206299e-01 -2.067676633596420288e-01 -4.669333994388580322e-01 6.344482302665710449e-01 -1.499829590320587158e-01 -5.000000000000000000e-01 7.663560509681701660e-01 1.000000000000000000e+00
1.132052540779113770e+00 2.746004581451416016e+00 -2.350869894027709961e+00 2.170407533645629883e+00 1.833169102668762207e+00 -3.179592490196228027e-01 4.493264853954315186e-01 -7.659772634506225586e-01 -3.410550951957702637e-01 3.037877678871154785e-01 4.608306884765625000e-01 -7.049260139465332031e-01 2.334868907928466797e+00 -8.233178853988647461e-01 -1.960142850875854492e-01 -5.527051687240600586e-01 2.951056957244873047e+00 3.202121555805206299e-01 -2.067676633596420288e-01 -4.669333994388580322e-01 6.344482302665710449e-01 -1.499829590320587158e-01 2.000000000000000000e+00 -1.304876565933227539e+00 1.000000000000000000e+00
-4.590262472629547119e-01 8.047933690249919891e-03 1.344014048576354980e+00 -2.022417932748794556e-01 1.199950098991394043e+00 5.100595951080322266e-01 4.493264853954315186e-01 -7.659772634506225586e-01 6.116127967834472656e-01 -3.118793964385986328e-01 4.608306884765625000e-01 1.027078866958618164e+00 -4.282895624637603760e-01 1.214597702026367188e+00 -1.960142850875854492e-01 -5.527051687240600586e-01 -3.388616144657135010e-01 3.202121555805206299e-01 -2.067676633596420288e-01 -4.669333994388580322e-01 6.344482302665710449e-01 -1.499829590320587158e-01 -5.000000000000000000e-01 7.663560509681701660e-01 1.000000000000000000e+00
-4.590262472629547119e-01 -2.408572286367416382e-01 -5.034279823303222656e-01 -9.600377082824707031e-02 -6.997070312500000000e-01 5.100595951080322266e-01 -9.636498689651489258e-01 1.046986699104309082e+00 -1.293722987174987793e+00 3.917402327060699463e-01 4.608306884765625000e-01 -7.049260139465332031e-01 -4.282895624637603760e-01 -8.233178853988647461e-01 -1.960142850875854492e-01 -5.527051687240600586e-01 -3.388616144657135010e-01 3.202121555805206299e-01 -2.067676633596420288e-01 2.141633033752441406e+00 -1.576172709465026855e+00 -1.499829590320587158e-01 -5.000000000000000000e-01 7.663560509681701660e-01 1.000000000000000000e+00
1.132052540779113770e+00 -6.556991338729858398e-01 -5.034279823303222656e-01 -6.626065969467163086e-01 -6.648799777030944824e-02 -1.973996996879577637e+00 -9.636498689651489258e-01 1.046986699104309082e+00 -1.293722987174987793e+00 2.502599239349365234e+00 4.608306884765625000e-01 -7.049260139465332031e-01 -4.282895624637603760e-01 -8.233178853988647461e-01 -1.960142850875854492e-01 -5.527051687240600586e-01 -3.388616144657135010e-01 3.202121555805206299e-01 -2.067676633596420288e-01 -4.669333994388580322e-01 6.344482302665710449e-01 -1.499829590320587158e-01 -5.000000000000000000e-01 7.663560509681701660e-01 1.000000000000000000e+00
-4.590262472629547119e-01 -4.897623956203460693e-01 1.344014048576354980e+00 -2.022417932748794556e-01 1.833169102668762207e+00 5.100595951080322266e-01 4.493264853954315186e-01 -7.659772634506225586e-01 -1.293722987174987793e+00 -4.802203923463821411e-02 -2.375050544738769531e+00 2.759083747863769531e+00 -4.282895624637603760e-01 1.214597702026367188e+00 -1.960142850875854492e-01 -5.527051687240600586e-01 -3.388616144657135010e-01 -3.122929334640502930e+00 -2.067676633596420288e-01 -4.669333994388580322e-01 6.344482302665710449e-01 -1.499829590320587158e-01 -5.000000000000000000e-01 7.663560509681701660e-01 1.000000000000000000e+00
-1.254565596580505371e+00 -4.897623956203460693e-01 -5.034279823303222656e-01 -8.750826716423034668e-01 -6.997070312500000000e-01 -3.179592490196228027e-01 -9.636498689651489258e-01 1.046986699104309082e+00 -3.410550951957702637e-01 -1.191403985023498535e+00 4.608306884765625000e-01 -7.049260139465332031e-01 -4.282895624637603760e-01 -8.233178853988647461e-01 -1.960142850875854492e-01 -5.527051687240600586e-01 -3.388616144657135010e-01 3.202121555805206299e-01 -2.067676633596420288e-01 -4.669333994388580322e-01 6.344482302665710449e-01 -1.499829590320587158e-01 2.000000000000000000e+00 -1.304876565933227539e+00 1.000000000000000000e+00
-4.590262472629547119e-01 2.569530904293060303e-01 1.344014048576354980e+00 1.603804707527160645e+00 1.199950098991394043e+00 1.338078498840332031e+00 -9.636498689651489258e-01 1.046986699104309082e+00 1.564280629158020020e+00 -5.757367610931396484e-01 4.608306884765625000e-01 -7.049260139465332031e-01 -4.282895624637603760e-01 -8.233178853988647461e-01 -1.960142850875854492e-01 -5.527051687240600586e-01 2.951056957244873047e+00 3.202121555805206299e-01 -2.067676633596420288e-01 2.141633033752441406e+00 -1.576172709465026855e+00 -1.499829590320587158e-01 -5.000000000000000000e-01 7.663560509681701660e-01 1.000000000000000000e+00
1.132052540779113770e+00 -9.875727295875549316e-01 -5.034279823303222656e-01 -6.980192661285400391e-01 -6.997070312500000000e-01 1.338078498840332031e+00 4.493264853954315186e-01 1.046986699104309082e+00 6.116127967834472656e-01 -1.367308855056762695e+00 4.608306884765625000e-01 -7.049260139465332031e-01 -4.282895624637603760e-01 -8.233178853988647461e-01 -1.960142850875854492e-01 -5.527051687240600586e-01 -3.388616144657135010e-01 3.202121555805206299e-01 -2.067676633596420288e-01 -4.669333994388580322e-01 6.344482302665710449e-01 -1.499829590320587158e-01 -5.000000000000000000e-01 7.663560509681701660e-01 1.000000000000000000e+00
1.132052540779113770e+00 -9.875727295875549316e-01 -5.034279823303222656e-01 1.872976422309875488e-01 1.833169102668762207e+00 1.338078498840332031e+00 4.493264853954315186e-01 1.046986699104309082e+00 -1.293722987174987793e+00 2.502599239349365234e+00 4.608306884765625000e-01 -7.049260139465332031e-01 -4.282895624637603760e-01 -8.233178853988647461e-01 -1.960142850875854492e-01 -5.527051687240600586e-01 -3.388616144657135010e-01 3.202121555805206299e-01 -2.067676633596420288e-01 -4.669333994388580322e-01 6.344482302665710449e-01 -1.499829590320587158e-01 2.000000000000000000e+00 -1.304876565933227539e+00 1.000000000000000000e+00
1.132052540779113770e+00 -4.897623956203460693e-01 4.202930629253387451e-01 -6.271939277648925781e-01 -6.997070312500000000e-01 -3.179592490196228027e-01 1.862302780151367188e+00 1.405047029256820679e-01 -1.293722987174987793e+00 -2.239269465208053589e-01 -2.375050544738769531e+00 1.027078866958618164e+00 -4.282895624637603760e-01 -8.233178853988647461e-01 -1.960142850875854492e-01 -5.527051687240600586e-01 -3.388616144657135010e-01 3.202121555805206299e-01 -2.067676633596420288e-01 -4.669333994388580322e-01 6.344482302665710449e-01 -1.499829590320587158e-01 -5.000000000000000000e-01 7.663560509681701660e-01 1.000000000000000000e+00
-1.254565596580505371e+00 1.252573728561401367e+00 -5.034279823303222656e-01 1.164722964167594910e-01 -6.997070312500000000e-01 -3.179592490196228027e-01 4.493264853954315186e-01 -7.659772634506225586e-01 -3.410550951957702637e-01 1.278828680515289307e-01 4.608306884765625000e-01 -7.049260139465332031e-01 2.334868907928466797e+00 -8.233178853988647461e-01 -1.960142850875854492e-01 -5.527051687240600586e-01 -3.388616144657135010e-01 -3.122929334640502930e+00 -2.067676633596420288e-01 -4.669333994388580322e-01 6.344482302665710449e-01 -1.499829590320587158e-01 -5.000000000000000000e-01 7.663560509681701660e-01 1.000000000000000000e+00
-4.590262472629547119e-01 3.243814945220947266e+00 -5.034279823303222656e-01 3.799390792846679688e+00 -6.997070312500000000e-01 5.100595951080322266e-01 4.493264853954315186e-01 -7.659772634506225586e-01 1.564280629158020020e+00 -7.516416907310485840e-01 4.608306884765625000e-01 -7.049260139465332031e-01 -4.282895624637603760e-01 1.214597702026367188e+00 -1.960142850875854492e-01 1.809282779693603516e+00 -3.388616144657135010e-01 3.202121555805206299e-01 -2.067676633596420288e-01 -4.669333994388580322e-01 6.344482302665710449e-01 -1.499829590320587158e-01 -5.000000000000000000e-01 -1.304876565933227539e+00 1.000000000000000000e+00
-1.254565596580505371e+00 -7.386675477027893066e-01 1.344014048576354980e+00 -4.147178530693054199e-01 -6.997070312500000000e-01 -3.179592490196228027e-01 4.493264853954315186e-01 -7.659772634506225586e-01 -1.293722987174987793e+00 3.037877678871154785e-01 4.608306884765625000e-01 1.027078866958618164e+00 2.334868907928466797e+00 -8.233178853988647461e-01 5.101668834686279297e+00 1.809282779693603516e+00 -3.388616144657135010e-01 3.202121555805206299e-01 -2.067676633596420288e-01 2.141633033752441406e+00 -1.576172709465026855e+00 -1.499829590320587158e-01 2.000000000000000000e+00 -1.304876565933227539e+00 1.000000000000000000e+00
-4.590262472629547119e-01 2.569530904293060303e-01 -5.034279823303222656e-01 2.949486494064331055e+00 -6.997070312500000000e-01 -3.179592490196228027e-01 -9.636498689651489258e-01 1.046986699104309082e+00 6.116127967834472656e-01 -1.103451490402221680e+00 4.608306884765625000e-01 1.027078866958618164e+00 -4.282895624637603760e-01 -8.233178853988647461e-01 -1.960142850875854492e-01 -5.527051687240600586e-01 2.951056957244873047e+00 3.202121555805206299e-01 -2.067676633596420288e-01 2.141633033752441406e+00 -1.576172709465026855e+00 -1.499829590320587158e-01 -5.000000000000000000e-01 -1.304876565933227539e+00 1.000000000000000000e+00
-1.254565596580505371e+00 -2.408572286367416382e-01 -5.034279823303222656e-01 3.289483487606048584e-01 -6.997070312500000000e-01 -3.179592490196228027e-01 4.493264853954315186e-01 1.405047029256820679e-01 6.116127967834472656e-01 5.676451325416564941e-01 4.608306884765625000e-01 -7.049260139465332031e-01 -4.282895624637603760e-01 -8.233178853988647461e-01 -1.960142850875854492e-01 -5.527051687240600586e-01 -3.388616144657135010e-01 -3.122929334640502930e+00 4.836346149444580078e+00 -4.669333994388580322e-01 6.344482302665710449e-01 -1.499829590320587158e-01 -5.000000000000000000e-01 7.663560509681701660e-01 1.000000000000000000e+00
-4.590262472629547119e-01 7.547634243965148926e-01 1.344014048576354980e+00 -3.793051838874816895e-01 1.833169102668762207e+00 1.338078498840332031e+00 4.493264853954315186e-01 1.046986699104309082e+00 -1.293722987174987793e+00 3.993041440844535828e-02 4.608306884765625000e-01 1.027078866958618164e+00 -4.282895624637603760e-01 -8.233178853988647461e-01 -1.960142850875854492e-01 1.809282779693603516e+00 -3.388616144657135010e-01 3.202121555805206299e-01 -2.067676633596420288e-01 -4.669333994388580322e-01 6.344482302665710449e-01 -1.499829590320587158e-01 -5.000000000000000000e-01 7.663560509681701660e-01 1.000000000000000000e+00
-1.254565596580505371e+00 -1.236477851867675781e+00 1.344014048576354980e+00 -9.104953408241271973e-01 1.199950098991394043e+00 5.100595951080322266e-01 -9.636498689651489258e-01 1.046986699104309082e+00 -1.293722987174987793e+00 3.037877678871154785e-01 4.608306884765625000e-01 1.027078866958618164e+00 -4.282895624637603760e-01 1.214597702026367188e+00 -1.960142850875854492e-01 1.809282779693603516e+00 -3.388616144657135010e-01 3.202121555805206299e-01 -2.067676633596420288e-01 -4.669333994388580322e-01 6.344482302665710449e-01 -1.499829590320587158e-01 2.000000000000000000e+00 -1.304876565933227539e+00 1.000000000000000000e+00
-1.254565596580505371e+00 2.569530904293060303e-01 -5.034279823303222656e-01 -9.600377082824707031e-02 1.833169102668762207e+00 1.338078498840332031e+00 4.493264853954315186e-01 1.046986699104309082e+00 1.564280629158020020e+00 1.183312296867370605e+00 -2.375050544738769531e+00 -7.049260139465332031e-01 2.334868907928466797e+00 1.214597702026367188e+00 -1.960142850875854492e-01 -5.527051687240600586e-01 2.951056957244873047e+00 3.202121555805206299e-01 -2.067676633596420288e-01 -4.669333994388580322e-01 -1.576172709465026855e+00 -1.499829590320587158e-01 -5.000000000000000000e-01 7.663560509681701660e-01 1.000000000000000000e+00
1.132052540779113770e+00 -9.875727295875549316e-01 1.344014048576354980e+00 -7.334319353103637695e-01 1.833169102668762207e+00 1.338078498840332031e+00 -9.636498689651489258e-01 1.046986699104309082e+00 -3.410550951957702637e-01 4.796926975250244141e-01 4.608306884765625000e-01 1.027078866958618164e+00 -4.282895624637603760e-01 -8.233178853988647461e-01 -1.960142850875854492e-01 -5.527051687240600586e-01 -3.388616144657135010e-01 3.202121555805206299e-01 -2.067676633596420288e-01 2.141633033752441406e+00 -1.576172709465026855e+00 -1.499829590320587158e-01 2.000000000000000000e+00 -1.304876565933227539e+00 1.000000000000000000e+00
1.132052540779113770e+00 -2.408572286367416382e-01 1.344014048576354980e+00 -9.459080100059509277e-01 5.667310357093811035e-01 1.338078498840332031e+00 4.493264853954315186e-01 1.405047029256820679e-01 -3.410550951957702637e-01 -3.118793964385986328e-01 -2.375050544738769531e+00 1.027078866958618164e+00 -4.282895624637603760e-01 1.214597702026367188e+00 -1.960142850875854492e-01 -5.527051687240600586e-01 -3.388616144657135010e-01 3.202121555805206299e-01 -2.067676633596420288e-01 -4.669333994388580322e-01 6.344482302665710449e-01 -1.499829590320587158e-01 -5.000000000000000000e-01 -1.304876565933227539e+00 1.000000000000000000e+00
-1.254565596580505371e+00 -2.408572286367416382e-01 -2.350869894027709961e+00 -6.059109047055244446e-02 -6.997070312500000000e-01 -1.145978093147277832e+00 -9.636498689651489258e-01 1.046986699104309082e+00 -3.410550951957702637e-01 -8.395941257476806641e-01 4.608306884765625000e-01 -7.049260139465332031e-01 -4.282895624637603760e-01 -8.233178853988647461e-01 -1.960142850875854492e-01 -5.527051687240600586e-01 -3.388616144657135010e-01 3.202121555805206299e-01 -2.067676633596420288e-01 2.141633033752441406e+00 -1.576172709465026855e+00 -1.499829590320587158e-01 -5.000000000000000000e-01 7.663560509681701660e-01 1.000000000000000000e+00
-1.254565596580505371e+00 2.569530904293060303e-01 4.202930629253387451e-01 5.768371224403381348e-01 -6.997070312500000000e-01 -3.179592490196228027e-01 4.493264853954315186e-01 1.046986699104309082e+00 1.564280629158020020e+00 1.535122156143188477e+00 4.608306884765625000e-01 1.027078866958618164e+00 2.334868907928466797e+00 -8.233178853988647461e-01 -1.960142850875854492e-01 1.809282779693603516e+00 -3.388616144657135010e-01 3.202121555805206299e-01 -2.067676633596420288e-01 -4.669333994388580322e-01 -1.576172709465026855e+00 -1.499829590320587158e-01 -5.000000000000000000e-01 7.663560509681701660e-01 1.000000000000000000e+00
1.132052540779113770e+00 -1.236477851867675781e+00 -5.034279823303222656e-01 -9.104953408241271973e-01 5.667310357093811035e-01 5.100595951080322266e-01 1.862302780151367188e+00 1.046986699104309082e+00 -1.293722987174987793e+00 -1.103451490402221680e+00 4.608306884765625000e-01 -7.049260139465332031e-01 -4.282895624637603760e-01 -8.233178853988647461e-01 -1.960142850875854492e-01 -5.527051687240600586e-01 -3.388616144657135010e-01 3.202121555805206299e-01 -2.067676633596420288e-01 2.141633033752441406e+00 -1.576172709465026855e+00 -1.499829590320587158e-01 2.000000000000000000e+00 -1.304876565933227539e+00 1.000000000000000000e+00
3.365131616592407227e-01 -2.408572286367416382e-01 -5.034279823303222656e-01 -1.314164400100708008e-01 -6.997070312500000000e-01 -3.179592490196228027e-01 4.493264853954315186e-01 -1.672459244728088379e+00 -1.293722987174987793e+00 -1.359744966030120850e-01 4.608306884765625000e-01 -7.049260139465332031e-01 2.334868907928466797e+00 -8.233178853988647461e-01 -1.960142850875854492e-01 -5.527051687240600586e-01 -3.388616144657135010e-01 3.202121555805206299e-01 -2.067676633596420288e-01 -4.669333994388580322e-01 6.344482302665710449e-01 -1.499829590320587158e-01 2.000000000000000000e+00 -1.304876565933227539e+00 1.000000000000000000e+00
1.132052540779113770e+00 -2.408572286367416382e-01 -5.034279823303222656e-01 -6.271939277648925781e-01 -6.997070312500000000e-01 -3.179592490196228027e-01 4.493264853954315186e-01 -7.659772634506225586e-01 1.564280629158020020e+00 -3.118793964385986328e-01 4.608306884765625000e-01 -7.049260139465332031e-01 -4.282895624637603760e-01 1.214597702026367188e+00 -1.960142850875854492e-01 -5.527051687240600586e-01 -3.388616144657135010e-01 3.202121555805206299e-01 -2.067676633596420288e-01 -4.669333994388580322e-01 -1.576172709465026855e+00 -1.499829590320587158e-01 -5.000000000000000000e-01 -1.304876565933227539e+00 1.000000000000000000e+00
-1.254565596580505371e+00 2.569530904293060303e-01 -5.034279823303222656e-01 -5.563685894012451172e-01 -6.997070312500000000e-01 -1.145978093147277832e+00 4.493264853954315186e-01 -1.672459244728088379e+00 -3.410550951957702637e-01 -1.015498995780944824e+00 4.608306884765625000e-01 -7.049260139465332031e-01 -4.282895624637603760e-01 -8.233178853988647461e-01 5.101668834686279297e+00 -5.527051687240600586e-01 -3.388616144657135010e-01 -3.122929334640502930e+00 4.836346149444580078e+00 -4.669333994388580322e-01 6.344482302665710449e-01 -1.499829590320587158e-01 2.000000000000000000e+00 -1.304876565933227539e+00 1.000000000000000000e+00
1.132052540779113770e+00 -1.236477851867675781e+00 -5.034279823303222656e-01 4.705990552902221680e-01 -6.997070312500000000e-01 -1.145978093147277832e+00 -9.636498689651489258e-01 1.046986699104309082e+00 -3.410550951957702637e-01 -3.118793964385986328e-01 4.608306884765625000e-01 -7.049260139465332031e-01 -4.282895624637603760e-01 -8.233178853988647461e-01 -1.960142850875854492e-01 -5.527051687240600586e-01 -3.388616144657135010e-01 3.202121555805206299e-01 -2.067676633596420288e-01 -4.669333994388580322e-01 6.344482302665710449e-01 -1.499829590320587158e-01 -5.000000000000000000e-01 7.663560509681701660e-01 1.000000000000000000e+00
-4.590262472629547119e-01 -7.386675477027893066e-01 -5.034279823303222656e-01 -4.855432212352752686e-01 -6.997070312500000000e-01 -3.179592490196228027e-01 4.493264853954315186e-01 -7.659772634506225586e-01 -3.410550951957702637e-01 1.278828680515289307e-01 4.608306884765625000e-01 -7.049260139465332031e-01 -4.282895624637603760e-01 -8.233178853988647461e-01 -1.960142850875854492e-01 -5.527051687240600586e-01 -3.388616144657135010e-01 3.202121555805206299e-01 -2.067676633596420288e-01 -4.669333994388580322e-01 6.344482302665710449e-01 -1.499829590320587158e-01 2.000000000000000000e+00 -1.304876565933227539e+00 1.000000000000000000e+00
-4.590262472629547119e-01 -4.897623956203460693e-01 -2.350869894027709961e+00 -5.209559202194213867e-01 -6.997070312500000000e-01 -1.145978093147277832e+00 -9.636498689651489258e-01 -1.672459244728088379e+00 -1.293722987174987793e+00 -8.395941257476806641e-01 4.608306884765625000e-01 1.027078866958618164e+00 -4.282895624637603760e-01 -8.233178853988647461e-01 -1.960142850875854492e-01 1.809282779693603516e+00 -3.388616144657135010e-01 3.202121555805206299e-01 -2.067676633596420288e-01 2.141633033752441406e+00 -1.576172709465026855e+00 6.667424201965332031e+00 -5.000000000000000000e-01 -1.304876565933227539e+00 1.000000000000000000e+00
-1.254565596580505371e+00 2.569530904293060303e-01 -5.034279823303222656e-01 -4.501305520534515381e-01 -6.997070312500000000e-01 -3.179592490196228027e-01 4.493264853954315186e-01 1.046986699104309082e+00 -1.293722987174987793e+00 -1.279356360435485840e+00 4.608306884765625000e-01 -7.049260139465332031e-01 2.334868907928466797e+00 -8.233178853988647461e-01 -1.960142850875854492e-01 -5.527051687240600586e-01 -3.388616144657135010e-01 3.202121555805206299e-01 -2.067676633596420288e-01 2.141633033752441406e+00 -1.576172709465026855e+00 -1.499829590320587158e-01 2.000000000000000000e+00 -1.304876565933227539e+00 1.000000000000000000e+00
-1.254565596580505371e+00 2.569530904293060303e-01 -1.427148938179016113e+00 -6.626065969467163086e-01 1.833169102668762207e+00 1.338078498840332031e+00 4.493264853954315186e-01 1.405047029256820679e-01 6.116127967834472656e-01 3.917402327060699463e-01 -9.571098685264587402e-01 -7.049260139465332031e-01 -4.282895624637603760e-01 1.214597702026367188e+00 -1.960142850875854492e-01 -5.527051687240600586e-01 -3.388616144657135010e-01 3.202121555805206299e-01 -2.067676633596420288e-01 -4.669333994388580322e-01 6.344482302665710449e-01 -1.499829590320587158e-01 -5.000000000000000000e-01 -1.304876565933227539e+00 1.000000000000000000e+00
1.132052540779113770e+00 -9.046043157577514648e-01 -5.034279823303222656e-01 -6.980192661285400391e-01 1.833169102668762207e+00 1.338078498840332031e+00 4.493264853954315186e-01 -7.659772634506225586e-01 -3.410550951957702637e-01 8.315024971961975098e-01 4.608306884765625000e-01 -7.049260139465332031e-01 -4.282895624637603760e-01 -8.233178853988647461e-01 5.101668834686279297e+00 1.809282779693603516e+00 -3.388616144657135010e-01 -3.122929334640502930e+00 4.836346149444580078e+00 -4.669333994388580322e-01 6.344482302665710449e-01 -1.499829590320587158e-01 2.000000000000000000e+00 -1.304876565933227539e+00 1.000000000000000000e+00
-4.590262472629547119e-01 -8.216359019279479980e-01 -5.034279823303222656e-01 -5.917812585830688477e-01 1.199950098991394043e+00 -1.145978093147277832e+00 -9.636498689651489258e-01 -1.672459244728088379e+00 -1.293722987174987793e+00 -1.367308855056762695e+00 4.608306884765625000e-01 -7.049260139465332031e-01 -4.282895624637603760e-01 -8.233178853988647461e-01 -1.960142850875854492e-01 -5.527051687240600586e-01 -3.388616144657135010e-01 3.202121555805206299e-01 -2.067676633596420288e-01 -4.669333994388580322e-01 6.344482302665710449e-01 -1.499829590320587158e-01 -5.000000000000000000e-01 7.663560509681701660e-01 1.000000000000000000e+00
1.132052540779113770e+00 -2.408572286367416382e-01 4.202930629253387451e-01 -3.793051838874816895e-01 -6.997070312500000000e-01 -3.179592490196228027e-01 1.862302780151367188e+00 -7.659772634506225586e-01 6.116127967834472656e-01 -6.636891961097717285e-01 4.608306884765625000e-01 -7.049260139465332031e-01 -4.282895624637603760e-01 1.214597702026367188e+00 -1.960142850875854492e-01 -5.527051687240600586e-01 -3.388616144657135010e-01 3.202121555805206299e-01 -2.067676633596420288e-01 -4.669333994388580322e-01 6.344482302665710449e-01 -1.499829590320587158e-01 -5.000000000000000000e-01 7.663560509681701660e-01 1.000000000000000000e+00
-1.254565596580505371e+00 3.243814945220947266e+00 4.202930629253387451e-01 1.249678015708923340e+00 -6.997070312500000000e-01 1.338078498840332031e+00 4.493264853954315186e-01 1.046986699104309082e+00 1.564280629158020020e+00 2.414646625518798828e+00 4.608306884765625000e-01 1.027078866958618164e+00 -4.282895624637603760e-01 1.214597702026367188e+00 -1.960142850875854492e-01 -5.527051687240600586e-01 -3.388616144657135010e-01 3.202121555805206299e-01 -2.067676633596420288e-01 -4.669333994388580322e-01 6.344482302665710449e-01 -1.499829590320587158e-01 -5.000000000000000000e-01 7.663560509681701660e-01 1.000000000000000000e+00
-4.590262472629547119e-01 -9.875727295875549316e-01 -5.034279823303222656e-01 -4.147178530693054199e-01 -6.997070312500000000e-01 -3.179592490196228027e-01 4.493264853954315186e-01 -7.659772634506225586e-01 -1.293722987174987793e+00 1.278828680515289307e-01 4.608306884765625000e-01 -7.049260139465332031e-01 2.334868907928466797e+00 -8.233178853988647461e-01 -1.960142850875854492e-01 -5.527051687240600586e-01 -3.388616144657135010e-01 3.202121555805206299e-01 -2.067676633596420288e-01 -4.669333994388580322e-01 6.344482302665710449e-01 -1.499829590320587158e-01 2.000000000000000000e+00 -1.304876565933227539e+00 1.000000000000000000e+00
3.365131616592407227e-01 -1.236477851867675781e+00 -5.034279823303222656e-01 -4.147178530693054199e-01 -6.997070312500000000e-01 -3.179592490196228027e-01 4.493264853954315186e-01 -7.659772634506225586e-01 -1.293722987174987793e+00 4.796926975250244141e-01 4.608306884765625000e-01 -7.049260139465332031e-01 -4.282895624637603760e-01 1.214597702026367188e+00 -1.960142850875854492e-01 -5.527051687240600586e-01 -3.388616144657135010e-01 3.202121555805206299e-01 -2.067676633596420288e-01 -4.669333994388580322e-01 6.344482302665710449e-01 -1.499829590320587158e-01 -5.000000000000000000e-01 7.663560509681701660e-01 1.000000000000000000e+00
-4.590262472629547119e-01 -9.875727295875549316e-01 -5.034279823303222656e-01 -7.334319353103637695e-01 -6.997070312500000000e-01 5.100595951080322266e-01 -9.636498689651489258e-01 1.046986699104309082e+00 -3.410550951957702637e-01 2.766456604003906250e+00 4.608306884765625000e-01 1.027078866958618164e+00 -4.282895624637603760e-01 1.214597702026367188e+00 -1.960142850875854492e-01 -5.527051687240600586e-01 -3.388616144657135010e-01 3.202121555805206299e-01 -2.067676633596420288e-01 -4.669333994388580322e-01 6.344482302665710449e-01 -1.499829590320587158e-01 -5.000000000000000000e-01 -1.304876565933227539e+00 1.000000000000000000e+00
-1.254565596580505371e+00 -9.046043157577514648e-01 -5.034279823303222656e-01 -3.438925147056579590e-01 -6.997070312500000000e-01 1.338078498840332031e+00 4.493264853954315186e-01 1.046986699104309082e+00 -1.293722987174987793e+00 1.447169661521911621e+00 4.608306884765625000e-01 -7.049260139465332031e-01 -4.282895624637603760e-01 -8.233178853988647461e-01 -1.960142850875854492e-01 -5.527051687240600586e-01 -3.388616144657135010e-01 3.202121555805206299e-01 -2.067676633596420288e-01 -4.669333994388580322e-01 6.344482302665710449e-01 -1.499829590320587158e-01 2.000000000000000000e+00 -1.304876565933227539e+00 1.000000000000000000e+00
-1.254565596580505371e+00 8.047933690249919891e-03 -5.034279823303222656e-01 -5.209559202194213867e-01 -6.997070312500000000e-01 -3.179592490196228027e-01 -9.636498689651489258e-01 -7.659772634506225586e-01 -1.293722987174987793e+00 -9.275465607643127441e-01 4.608306884765625000e-01 1.027078866958618164e+00 -4.282895624637603760e-01 1.214597702026367188e+00 -1.960142850875854492e-01 -5.527051687240600586e-01 -3.388616144657135010e-01 3.202121555805206299e-01 -2.067676633596420288e-01 -4.669333994388580322e-01 6.344482302665710449e-01 -1.499829590320587158e-01 -5.000000000000000000e-01 7.663560509681701660e-01 1.000000000000000000e+00
1.132052540779113770e+00 1.252573728561401367e+00 4.202930629253387451e-01 1.568392038345336914e+00 5.667310357093811035e-01 5.100595951080322266e-01 -9.636498689651489258e-01 1.046986699104309082e+00 6.116127967834472656e-01 3.917402327060699463e-01 4.608306884765625000e-01 1.027078866958618164e+00 -4.282895624637603760e-01 1.214597702026367188e+00 -1.960142850875854492e-01 -5.527051687240600586e-01 -3.388616144657135010e-01 3.202121555805206299e-01 -2.067676633596420288e-01 -4.669333994388580322e-01 6.344482302665710449e-01 -1.499829590320587158e-01 -5.000000000000000000e-01 7.663560509681701660e-01 1.000000000000000000e+00
1.132052540779113770e+00 -7.386675477027893066e-01 -5.034279823303222656e-01 -6.271939277648925781e-01 -6.997070312500000000e-01 -1.145978093147277832e+00 -9.636498689651489258e-01 1.405047029256820679e-01 6.116127967834472656e-01 -1.359744966030120850e-01 4.608306884765625000e-01 -7.049260139465332031e-01 2.334868907928466797e+00 -8.233178853988647461e-01 -1.960142850875854492e-01 -5.527051687240600586e-01 -3.388616144657135010e-01 3.202121555805206299e-01 -2.067676633596420288e-01 -4.669333994388580322e-01 6.344482302665710449e-01 -1.499829590320587158e-01 -5.000000000000000000e-01 7.663560509681701660e-01 1.000000000000000000e+00
-4.590262472629547119e-01 -7.386675477027893066e-01 -5.034279823303222656e-01 -9.600377082824707031e-02 -6.997070312500000000e-01 -1.145978093147277832e+00 -9.636498689651489258e-01 -1.672459244728088379e+00 -1.293722987174987793e+00 -1.359744966030120850e-01 4.608306884765625000e-01 -7.049260139465332031e-01 -4.282895624637603760e-01 -8.233178853988647461e-01 -1.960142850875854492e-01 -5.527051687240600586e-01 -3.388616144657135010e-01 3.202121555805206299e-01 -2.067676633596420288e-01 2.141633033752441406e+00 -1.576172709465026855e+00 -1.499829590320587158e-01 -5.000000000000000000e-01 -1.304876565933227539e+00 1.000000000000000000e+00
1.132052540779113770e+00 2.569530904293060303e-01 1.344014048576354980e+00 -2.730671465396881104e-01 -6.648799777030944824e-02 5.100595951080322266e-01 1.862302780151367188e+00 1.405047029256820679e-01 -3.410550951957702637e-01 -7.516416907310485840e-01 4.608306884765625000e-01 1.027078866958618164e+00 -4.282895624637603760e-01 1.214597702026367188e+00 -1.960142850875854492e-01 1.809282779693603516e+00 -3.388616144657135010e-01 3.202121555805206299e-01 -2.067676633596420288e-01 -4.669333994388580322e-01 6.344482302665710449e-01 -1.499829590320587158e-01 -5.000000000000000000e-01 7.663560509681701660e-01 1.000000000000000000e+00
-1.254565596580505371e+00 5.888266563415527344e-01 -5.034279823303222656e-01 2.581230103969573975e-01 -6.997070312500000000e-01 -3.179592490196228027e-01 4.493264853954315186e-01 -7.659772634506225586e-01 6.116127967834472656e-01 8.315024971961975098e-01 4.608306884765625000e-01 -7.049260139465332031e-01 -4.282895624637603760e-01 -8.233178853988647461e-01 -1.960142850875854492e-01 1.809282779693603516e+00 -3.388616144657135010e-01 3.202121555805206299e-01 -2.067676633596420288e-01 -4.669333994388580322e-01 6.344482302665710449e-01 -1.499829590320587158e-01 2.000000000000000000e+00 -1.304876565933227539e+00 1.000000000000000000e+00
1.132052540779113770e+00 -4.897623956203460693e-01 -5.034279823303222656e-01 -6.980192661285400391e-01 5.667310357093811035e-01 5.100595951080322266e-01 4.493264853954315186e-01 1.405047029256820679e-01 -3.410550951957702637e-01 3.993041440844535828e-02 4.608306884765625000e-01 1.027078866958618164e+00 -4.282895624637603760e-01 1.214597702026367188e+00 -1.960142850875854492e-01 -5.527051687240600586e-01 -3.388616144657135010e-01 3.202121555805206299e-01 -2.067676633596420288e-01 -4.669333994388580322e-01 6.344482302665710449e-01 -1.499829590320587158e-01 -5.000000000000000000e-01 7.663560509681701660e-01 1.000000000000000000e+00
-1.254565596580505371e+00 -7.386675477027893066e-01 -1.427148938179016113e+00 -9.104953408241271973e-01 -6.997070312500000000e-01 -1.145978093147277832e+00 4.493264853954315186e-01 -7.659772634506225586e-01 6.116127967834472656e-01 9.194549322128295898e-01 -2.375050544738769531e+00 1.027078866958618164e+00 -4.282895624637603760e-01 1.214597702026367188e+00 -1.960142850875854492e-01 1.809282779693603516e+00 -3.388616144657135010e-01 3.202121555805206299e-01 -2.067676633596420288e-01 -4.669333994388580322e-01 6.344482302665710449e-01 -1.499829590320587158e-01 -5.000000000000000000e-01 7.663560509681701660e-01 1.000000000000000000e+00
1.132052540779113770e+00 -4.897623956203460693e-01 -5.034279823303222656e-01 -9.600377082824707031e-02 -6.997070312500000000e-01 5.100595951080322266e-01 4.493264853954315186e-01 -7.659772634506225586e-01 6.116127967834472656e-01 -2.239269465208053589e-01 4.608306884765625000e-01 -7.049260139465332031e-01 -4.282895624637603760e-01 -8.233178853988647461e-01 -1.960142850875854492e-01 -5.527051687240600586e-01 2.951056957244873047e+00 3.202121555805206299e-01 -2.067676633596420288e-01 -4.669333994388580322e-01 6.344482302665710449e-01 -1.499829590320587158e-01 -5.000000000000000000e-01 7.663560509681701660e-01 1.000000000000000000e+00
1.132052540779113770e+00 -7.386675477027893066e-01 1.344014048576354980e+00 -7.334319353103637695e-01 5.667310357093811035e-01 -3.179592490196228027e-01 4.493264853954315186e-01 1.046986699104309082e+00 -1.293722987174987793e+00 7.435500621795654297e-01 4.608306884765625000e-01 -7.049260139465332031e-01 -4.282895624637603760e-01 1.214597702026367188e+00 -1.960142850875854492e-01 1.809282779693603516e+00 -3.388616144657135010e-01 3.202121555805206299e-01 -2.067676633596420288e-01 -4.669333994388580322e-01 6.344482302665710449e-01 -1.499829590320587158e-01 -5.000000000000000000e-01 7.663560509681701660e-01 1.000000000000000000e+00
1.132052540779113770e+00 -4.897623956203460693e-01 -5.034279823303222656e-01 -6.980192661285400391e-01 1.833169102668762207e+00 1.338078498840332031e+00 4.493264853954315186e-01 1.046986699104309082e+00 1.564280629158020020e+00 8.315024971961975098e-01 -2.375050544738769531e+00 -7.049260139465332031e-01 2.334868907928466797e+00 -8.233178853988647461e-01 -1.960142850875854492e-01 -5.527051687240600586e-01 2.951056957244873047e+00 3.202121555805206299e-01 -2.067676633596420288e-01 -4.669333994388580322e-01 -1.576172709465026855e+00 -1.499829590320587158e-01 -5.000000000000000000e-01 7.663560509681701660e-01 1.000000000000000000e+00
1.132052540779113770e+00 2.569530904293060303e-01 -5.034279823303222656e-01 -6.271939277648925781e-01 -6.997070312500000000e-01 -1.145978093147277832e+00 -9.636498689651489258e-01 1.405047029256820679e-01 6.116127967834472656e-01 2.158353179693222046e-01 -9.571098685264587402e-01 -7.049260139465332031e-01 -4.282895624637603760e-01 1.214597702026367188e+00 -1.960142850875854492e-01 -5.527051687240600586e-01 -3.388616144657135010e-01 3.202121555805206299e-01 -2.067676633596420288e-01 -4.669333994388580322e-01 6.344482302665710449e-01 -1.499829590320587158e-01 -5.000000000000000000e-01 7.663560509681701660e-01 1.000000000000000000e+00
-4.590262472629547119e-01 -7.386675477027893066e-01 -5.034279823303222656e-01 -1.314164400100708008e-01 -6.997070312500000000e-01 5.100595951080322266e-01 -9.636498689651489258e-01 -1.672459244728088379e+00 -1.293722987174987793e+00 -7.516416907310485840e-01 4.608306884765625000e-01 -7.049260139465332031e-01 -4.282895624637603760e-01 -8.233178853988647461e-01 -1.960142850875854492e-01 -5.527051687240600586e-01 -3.388616144657135010e-01 3.202121555805206299e-01 -2.067676633596420288e-01 -4.669333994388580322e-01 6.344482302665710449e-01 -1.499829590320587158e-01 -5.000000000000000000e-01 7.663560509681701660e-01 1.000000000000000000e+00
-1.254565596580505371e+00 -2.408572286367416382e-01 -5.034279823303222656e-01 -2.376544773578643799e-01 -6.997070312500000000e-01 -3.179592490196228027e-01 4.493264853954315186e-01 1.046986699104309082e+00 1.564280629158020020e+00 2.590551614761352539e+00 4.608306884765625000e-01 1.027078866958618164e+00 -4.282895624637603760e-01 -8.233178853988647461e-01 -1.960142850875854492e-01 -5.527051687240600586e-01 -3.388616144657135010e-01 3.202121555805206299e-01 -2.067676633596420288e-01 -4.669333994388580322e-01 -1.576172709465026855e+00 -1.499829590320587158e-01 -5.000000000000000000e-01 7.663560509681701660e-01 1.000000000000000000e+00
-4.590262472629547119e-01 1.252573728561401367e+00 -5.034279823303222656e-01 -3.438925147056579590e-01 -6.997070312500000000e-01 5.100595951080322266e-01 4.493264853954315186e-01 1.046986699104309082e+00 6.116127967834472656e-01 -1.015498995780944824e+00 4.608306884765625000e-01 -7.049260139465332031e-01 -4.282895624637603760e-01 -8.233178853988647461e-01 -1.960142850875854492e-01 -5.527051687240600586e-01 -3.388616144657135010e-01 3.202121555805206299e-01 -2.067676633596420288e-01 2.141633033752441406e+00 -1.576172709465026855e+00 -1.499829590320587158e-01 -5.000000000000000000e-01 7.663560509681701660e-01 1.000000000000000000e+00
1.132052540779113770e+00 -1.153509497642517090e+00 1.344014048576354980e+00 -9.104953408241271973e-01 1.833169102668762207e+00 1.338078498840332031e+00 4.493264853954315186e-01 -7.659772634506225586e-01 -3.410550951957702637e-01 9.194549322128295898e-01 4.608306884765625000e-01 1.027078866958618164e+00 -4.282895624637603760e-01 1.214597702026367188e+00 -1.960142850875854492e-01 -5.527051687240600586e-01 -3.388616144657135010e-01 3.202121555805206299e-01 -2.067676633596420288e-01 2.141633033752441406e+00 -1.576172709465026855e+00 -1.499829590320587158e-01 2.000000000000000000e+00 -1.304876565933227539e+00 1.000000000000000000e+00
1.132052540779113770e+00 -2.408572286367416382e-01 -5.034279823303222656e-01 -5.209559202194213867e-01 -6.997070312500000000e-01 -3.179592490196228027e-01 1.862302780151367188e+00 -7.659772634506225586e-01 -3.410550951957702637e-01 -4.877842962741851807e-01 4.608306884765625000e-01 -7.049260139465332031e-01 -4.282895624637603760e-01 1.214597702026367188e+00 -1.960142850875854492e-01 1.809282779693603516e+00 -3.388616144657135010e-01 3.202121555805206299e-01 -2.067676633596420288e-01 -4.669333994388580322e-01 6.344482302665710449e-01 -1.499829590320587158e-01 -5.000000000000000000e-01 -1.304876565933227539e+00 1.000000000000000000e+00
-1.254565596580505371e+00 1.999289155006408691e+00 -2.350869894027709961e+00 3.020311832427978516e+00 -6.997070312500000000e-01 1.338078498840332031e+00 4.493264853954315186e-01 1.046986699104309082e+00 6.116127967834472656e-01 -5.757367610931396484e-01 4.608306884765625000e-01 1.027078866958618164e+00 -4.282895624637603760e-01 -8.233178853988647461e-01 -1.960142850875854492e-01 -5.527051687240600586e-01 -3.388616144657135010e-01 3.202121555805206299e-01 -2.067676633596420288e-01 2.141633033752441406e+00 -1.576172709465026855e+00 -1.499829590320587158e-01 -5.000000000000000000e-01 7.663560509681701660e-01 1.000000000000000000e+00
1.132052540779113770e+00 -4.897623956203460693e-01 -5.034279823303222656e-01 -3.793051838874816895e-01 1.833169102668762207e+00 5.100595951080322266e-01 -9.636498689651489258e-01 1.046986699104309082e+00 -1.293722987174987793e+00 -2.239269465208053589e-01 -2.375050544738769531e+00 -7.049260139465332031e-01 -4.282895624637603760e-01 -8.233178853988647461e-01 -1.960142850875854492e-01 -5.527051687240600586e-01 -3.388616144657135010e-01 3.202121555805206299e-01 -2.067676633596420288e-01 2.141633033752441406e+00 -1.576172709465026855e+00 -1.499829590320587158e-01 2.000000000000000000e+00 -1.304876565933227539e+00 1.000000000000000000e+00
-1.254565596580505371e+00 8.047933690249919891e-03 -1.427148938179016113e+00 -5.917812585830688477e-01 1.833169102668762207e+00 -3.179592490196228027e-01 4.493264853954315186e-01 -7.659772634506225586e-01 -3.410550951957702637e-01 3.917402327060699463e-01 4.608306884765625000e-01 1.027078866958618164e+00 2.334868907928466797e+00 -8.233178853988647461e-01 -1.960142850875854492e-01 1.809282779693603516e+00 -3.388616144657135010e-01 3.202121555805206299e-01 -2.067676633596420288e-01 -4.669333994388580322e-01 6.344482302665710449e-01 -1.499829590320587158e-01 2.000000000000000000e+00 -1.304876565933227539e+00 1.000000000000000000e+00
-1.254565596580505371e+00 2.569530904293060303e-01 -5.034279823303222656e-01 1.178852558135986328e+00 -6.997070312500000000e-01 -1.973996996879577637e+00 4.493264853954315186e-01 -7.659772634506225586e-01 1.564280629158020020e+00 -5.757367610931396484e-01 4.608306884765625000e-01 -7.049260139465332031e-01 -4.282895624637603760e-01 1.214597702026367188e+00 -1.960142850875854492e-01 -5.527051687240600586e-01 2.951056957244873047e+00 3.202121555805206299e-01 -2.067676633596420288e-01 -4.669333994388580322e-01 -1.576172709465026855e+00 -1.499829590320587158e-01 -5.000000000000000000e-01 -1.304876565933227539e+00 1.000000000000000000e+00
-4.590262472629547119e-01 -7.386675477027893066e-01 -5.034279823303222656e-01 -9.459080100059509277e-01 -6.997070312500000000e-01 -3.179592490196228027e-01 4.493264853954315186e-01 -7.659772634506225586e-01 6.116127967834472656e-01 -4.877842962741851807e-01 4.608306884765625000e-01 -7.049260139465332031e-01 -4.282895624637603760e-01 -8.233178853988647461e-01 -1.960142850875854492e-01 -5.527051687240600586e-01 -3.388616144657135010e-01 3.202121555805206299e-01 -2.067676633596420288e-01 -4.669333994388580322e-01 6.344482302665710449e-01 -1.499829590320587158e-01 -5.000000000000000000e-01 7.663560509681701660e-01 1.000000000000000000e+00
-1.254565596580505371e+00 1.252573728561401367e+00 -5.034279823303222656e-01 -3.438925147056579590e-01 -6.997070312500000000e-01 -3.179592490196228027e-01 -2.376626253128051758e+00 1.046986699104309082e+00 6.116127967834472656e-01 -3.998318612575531006e-01 4.608306884765625000e-01 -7.049260139465332031e-01 -4.282895624637603760e-01 -8.233178853988647461e-01 -1.960142850875854492e-01 -5.527051687240600586e-01 -3.388616144657135010e-01 3.202121555805206299e-01 -2.067676633596420288e-01 2.141633033752441406e+00 -1.576172709465026855e+00 -1.499829590320587158e-01 -5.000000000000000000e-01 7.663560509681701660e-01 1.000000000000000000e+00
-4.590262472629547119e-01 2.569530904293060303e-01 -5.034279823303222656e-01 -1.314164400100708008e-01 -6.648799777030944824e-02 -1.145978093147277832e+00 4.493264853954315186e-01 -1.672459244728088379e+00 6.116127967834472656e-01 -5.757367610931396484e-01 4.608306884765625000e-01 -7.049260139465332031e-01 -4.282895624637603760e-01 -8.233178853988647461e-01 -1.960142850875854492e-01 -5.527051687240600586e-01 -3.388616144657135010e-01 3.202121555805206299e-01 -2.067676633596420288e-01 -4.669333994388580322e-01 6.344482302665710449e-01 -1.499829590320587158e-01 -5.000000000000000000e-01 7.663560509681701660e-01 1.000000000000000000e+00
-1.254565596580505371e+00 5.058582425117492676e-01 -5.034279823303222656e-01 4.564693942666053772e-02 -6.997070312500000000e-01 -3.179592490196228027e-01 4.493264853954315186e-01 -7.659772634506225586e-01 6.116127967834472656e-01 -7.516416907310485840e-01 4.608306884765625000e-01 -7.049260139465332031e-01 -4.282895624637603760e-01 -8.233178853988647461e-01 -1.960142850875854492e-01 -5.527051687240600586e-01 -3.388616144657135010e-01 3.202121555805206299e-01 -2.067676633596420288e-01 -4.669333994388580322e-01 6.344482302665710449e-01 -1.499829590320587158e-01 -5.000000000000000000e-01 -1.304876565933227539e+00 1.000000000000000000e+00
1.132052540779113770e+00 -4.897623956203460693e-01 1.344014048576354980e+00 -6.271939277648925781e-01 -6.997070312500000000e-01 -3.179592490196228027e-01 -9.636498689651489258e-01 -7.659772634506225586e-01 6.116127967834472656e-01 6.555975675582885742e-01 4.608306884765625000e-01 -7.049260139465332031e-01 -4.282895624637603760e-01 -8.233178853988647461e-01 -1.960142850875854492e-01 -5.527051687240600586e-01 -3.388616144657135010e-01 3.202121555805206299e-01 -2.067676633596420288e-01 -4.669333994388580322e-01 6.344482302665710449e-01 -1.499829590320587158e-01 2.000000000000000000e+00 -1.304876565933227539e+00 1.000000000000000000e+00
3.365131616592407227e-01 -9.046043157577514648e-01 1.344014048576354980e+00 -8.750826716423034668e-01 -6.997070312500000000e-01 1.338078498840332031e+00 4.493264853954315186e-01 1.046986699104309082e+00 1.564280629158020020e+00 2.414646625518798828e+00 4.608306884765625000e-01 1.027078866958618164e+00 -4.282895624637603760e-01 1.214597702026367188e+00 -1.960142850875854492e-01 1.809282779693603516e+00 -3.388616144657135010e-01 3.202121555805206299e-01 -2.067676633596420288e-01 -4.669333994388580322e-01 -1.576172709465026855e+00 -1.499829590320587158e-01 -5.000000000000000000e-01 7.663560509681701660e-01 1.000000000000000000e+00
1.132052540779113770e+00 -7.386675477027893066e-01 -5.034279823303222656e-01 5.060117244720458984e-01 1.833169102668762207e+00 -1.145978093147277832e+00 -9.636498689651489258e-01 1.046986699104309082e+00 6.116127967834472656e-01 -1.367308855056762695e+00 4.608306884765625000e-01 -7.049260139465332031e-01 -4.282895624637603760e-01 -8.233178853988647461e-01 -1.960142850875854492e-01 -5.527051687240600586e-01 2.951056957244873047e+00 3.202121555805206299e-01 -2.067676633596420288e-01 2.141633033752441406e+00 -1.576172709465026855e+00 -1.499829590320587158e-01 -5.000000000000000000e-01 7.663560509681701660e-01 1.000000000000000000e+00
1.132052540779113770e+00 1.252573728561401367e+00 -5.034279823303222656e-01 -8.396700024604797363e-01 5.667310357093811035e-01 1.338078498840332031e+00 4.493264853954315186e-01 1.046986699104309082e+00 -3.410550951957702637e-01 3.993041440844535828e-02 4.608306884765625000e-01 -7.049260139465332031e-01 -4.282895624637603760e-01 -8.233178853988647461e-01 -1.960142850875854492e-01 1.809282779693603516e+00 -3.388616144657135010e-01 3.202121555805206299e-01 -2.067676633596420288e-01 -4.669333994388580322e-01 6.344482302665710449e-01 -1.499829590320587158e-01 -5.000000000000000000e-01 7.663560509681701660e-01 1.000000000000000000e+00
-4.590262472629547119e-01 1.999289155006408691e+00 -5.034279823303222656e-01 -9.600377082824707031e-02 -6.648799777030944824e-02 -3.179592490196228027e-01 4.493264853954315186e-01 1.046986699104309082e+00 -3.410550951957702637e-01 -1.279356360435485840e+00 4.608306884765625000e-01 -7.049260139465332031e-01 -4.282895624637603760e-01 -8.233178853988647461e-01 -1.960142850875854492e-01 -5.527051687240600586e-01 -3.388616144657135010e-01 -3.122929334640502930e+00 -2.067676633596420288e-01 2.141633033752441406e+00 -1.576172709465026855e+00 -1.499829590320587158e-01 -5.000000000000000000e-01 7.663560509681701660e-01 1.000000000000000000e+00
1.132052540779113770e+00 2.569530904293060303e-01 -5.034279823303222656e-01 1.072614550590515137e+00 1.833169102668762207e+00 1.338078498840332031e+00 4.493264853954315186e-01 1.046986699104309082e+00 6.116127967834472656e-01 4.796926975250244141e-01 4.608306884765625000e-01 -7.049260139465332031e-01 2.334868907928466797e+00 1.214597702026367188e+00 -1.960142850875854492e-01 -5.527051687240600586e-01 2.951056957244873047e+00 3.202121555805206299e-01 -2.067676633596420288e-01 -4.669333994388580322e-01 6.344482302665710449e-01 -1.499829590320587158e-01 -5.000000000000000000e-01 -1.304876565933227539e+00 1.000000000000000000e+00
1.132052540779113770e+00 -9.046043157577514648e-01 -5.034279823303222656e-01 -1.668291240930557251e-01 -6.648799777030944824e-02 -3.179592490196228027e-01 4.493264853954315186e-01 -7.659772634506225586e-01 -1.293722987174987793e+00 -3.118793964385986328e-01 4.608306884765625000e-01 -7.049260139465332031e-01 2.334868907928466797e+00 -8.233178853988647461e-01 -1.960142850875854492e-01 -5.527051687240600586e-01 2.951056957244873047e+00 -3.122929334640502930e+00 4.836346149444580078e+00 -4.669333994388580322e-01 6.344482302665710449e-01 -1.499829590320587158e-01 -5.000000000000000000e-01 7.663560509681701660e-01 1.000000000000000000e+00
1.132052540779113770e+00 8.047933690249919891e-03 -5.034279823303222656e-01 -2.517841383814811707e-02 1.833169102668762207e+00 1.338078498840332031e+00 4.493264853954315186e-01 1.405047029256820679e-01 -3.410550951957702637e-01 4.796926975250244141e-01 4.608306884765625000e-01 -7.049260139465332031e-01 -4.282895624637603760e-01 1.214597702026367188e+00 -1.960142850875854492e-01 -5.527051687240600586e-01 -3.388616144657135010e-01 3.202121555805206299e-01 -2.067676633596420288e-01 -4.669333994388580322e-01 6.344482302665710449e-01 -1.499829590320587158e-01 -5.000000000000000000e-01 7.663560509681701660e-01 1.000000000000000000e+00
3.365131616592407227e-01 -9.046043157577514648e-01 1.344014048576354980e+00 -6.980192661285400391e-01 1.833169102668762207e+00 5.100595951080322266e-01 4.493264853954315186e-01 -7.659772634506225586e-01 -3.410550951957702637e-01 -7.516416907310485840e-01 4.608306884765625000e-01 1.027078866958618164e+00 -4.282895624637603760e-01 1.214597702026367188e+00 -1.960142850875854492e-01 -5.527051687240600586e-01 -3.388616144657135010e-01 3.202121555805206299e-01 -2.067676633596420288e-01 -4.669333994388580322e-01 6.344482302665710449e-01 -1.499829590320587158e-01 -5.000000000000000000e-01 7.663560509681701660e-01 1.000000000000000000e+00
3.365131616592407227e-01 -1.236477851867675781e+00 4.202930629253387451e-01 -9.104953408241271973e-01 -6.997070312500000000e-01 -1.145978093147277832e+00 -9.636498689651489258e-01 -1.672459244728088379e+00 -3.410550951957702637e-01 -5.757367610931396484e-01 -2.375050544738769531e+00 -7.049260139465332031e-01 -4.282895624637603760e-01 -8.233178853988647461e-01 -1.960142850875854492e-01 -5.527051687240600586e-01 -3.388616144657135010e-01 3.202121555805206299e-01 -2.067676633596420288e-01 -4.669333994388580322e-01 6.344482302665710449e-01 -1.499829590320587158e-01 -5.000000000000000000e-01 7.663560509681701660e-01 1.000000000000000000e+00
-1.254565596580505371e+00 2.569530904293060303e-01 -5.034279823303222656e-01 -6.626065969467163086e-01 1.833169102668762207e+00 -3.179592490196228027e-01 -9.636498689651489258e-01 1.046986699104309082e+00 -1.293722987174987793e+00 -9.275465607643127441e-01 4.608306884765625000e-01 -7.049260139465332031e-01 -4.282895624637603760e-01 -8.233178853988647461e-01 -1.960142850875854492e-01 1.809282779693603516e+00 -3.388616144657135010e-01 3.202121555805206299e-01 -2.067676633596420288e-01 2.141633033752441406e+00 -1.576172709465026855e+00 -1.499829590320587158e-01 -5.000000000000000000e-01 7.663560509681701660e-01 1.000000000000000000e+00
-4.590262472629547119e-01 -7.386675477027893066e-01 -5.034279823303222656e-01 -6.980192661285400391e-01 -6.997070312500000000e-01 -1.145978093147277832e+00 -9.636498689651489258e-01 -1.672459244728088379e+00 6.116127967834472656e-01 -9.275465607643127441e-01 4.608306884765625000e-01 -7.049260139465332031e-01 -4.282895624637603760e-01 -8.233178853988647461e-01 -1.960142850875854492e-01 1.809282779693603516e+00 -3.388616144657135010e-01 3.202121555805206299e-01 -2.067676633596420288e-01 2.141633033752441406e+00 -1.576172709465026855e+00 -1.499829590320587158e-01 -5.000000000000000000e-01 7.663560509681701660e-01 1.000000000000000000e+00
1.132052540779113770e+00 -4.897623956203460693e-01 1.344014048576354980e+00 6.122497916221618652e-01 1.833169102668762207e+00 1.338078498840332031e+00 -9.636498689651489258e-01 1.046986699104309082e+00 6.116127967834472656e-01 2.062836885452270508e+00 4.608306884765625000e-01 -7.049260139465332031e-01 -4.282895624637603760e-01 1.214597702026367188e+00 -1.960142850875854492e-01 1.809282779693603516e+00 -3.388616144657135010e-01 3.202121555805206299e-01 -2.067676633596420288e-01 -4.669333994388580322e-01 6.344482302665710449e-01 -1.499829590320587158e-01 -5.000000000000000000e-01 7.663560509681701660e-01 1.000000000000000000e+00
-4.590262472629547119e-01 1.252573728561401367e+00 1.344014048576354980e+00 -1.668291240930557251e-01 -6.997070312500000000e-01 -1.145978093147277832e+00 -2.376626253128051758e+00 1.046986699104309082e+00 6.116127967834472656e-01 -7.516416907310485840e-01 4.608306884765625000e-01 1.027078866958618164e+00 -4.282895624637603760e-01 -8.233178853988647461e-01 -1.960142850875854492e-01 1.809282779693603516e+00 -3.388616144657135010e-01 3.202121555805206299e-01 -2.067676633596420288e-01 -4.669333994388580322e-01 6.344482302665710449e-01 -1.499829590320587158e-01 -5.000000000000000000e-01 7.663560509681701660e-01 1.000000000000000000e+00
-4.590262472629547119e-01 -4.897623956203460693e-01 -5.034279823303222656e-01 -6.626065969467163086e-01 1.833169102668762207e+00 -1.145978093147277832e+00 4.493264853954315186e-01 -1.672459244728088379e+00 -3.410550951957702637e-01 -1.103451490402221680e+00 4.608306884765625000e-01 -7.049260139465332031e-01 -4.282895624637603760e-01 -8.233178853988647461e-01 -1.960142850875854492e-01 -5.527051687240600586e-01 -3.388616144657135010e-01 3.202121555805206299e-01 -2.067676633596420288e-01 -4.669333994388580322e-01 6.344482302665710449e-01 -1.499829590320587158e-01 -5.000000000000000000e-01 7.663560509681701660e-01 1.000000000000000000e+00
-1.254565596580505371e+00 -2.408572286367416382e-01 -5.034279823303222656e-01 3.997737169265747070e-01 -6.648799777030944824e-02 -3.179592490196228027e-01 4.493264853954315186e-01 1.046986699104309082e+00 6.116127967834472656e-01 -4.802203923463821411e-02 4.608306884765625000e-01 -7.049260139465332031e-01 2.334868907928466797e+00 1.214597702026367188e+00 -1.960142850875854492e-01 1.809282779693603516e+00 -3.388616144657135010e-01 3.202121555805206299e-01 -2.067676633596420288e-01 -4.669333994388580322e-01 6.344482302665710449e-01 -1.499829590320587158e-01 2.000000000000000000e+00 -1.304876565933227539e+00 1.000000000000000000e+00
1.132052540779113770e+00 -2.408572286367416382e-01 -5.034279823303222656e-01 -6.271939277648925781e-01 -6.997070312500000000e-01 -1.145978093147277832e+00 -9.636498689651489258e-01 -1.672459244728088379e+00 -1.293722987174987793e+00 -8.395941257476806641e-01 4.608306884765625000e-01 -7.049260139465332031e-01 -4.282895624637603760e-01 -8.233178853988647461e-01 -1.960142850875854492e-01 -5.527051687240600586e-01 -3.388616144657135010e-01 3.202121555805206299e-01 -2.067676633596420288e-01 -4.669333994388580322e-01 6.344482302665710449e-01 -1.499829590320587158e-01 -5.000000000000000000e-01 7.663560509681701660e-01 1.000000000000000000e+00
1.132052540779113770e+00 2.569530904293060303e-01 1.344014048576354980e+00 -4.855432212352752686e-01 1.199950098991394043e+00 1.338078498840332031e+00 4.493264853954315186e-01 1.046986699104309082e+00 -1.293722987174987793e+00 2.150789260864257812e+00 4.608306884765625000e-01 -7.049260139465332031e-01 -4.282895624637603760e-01 1.214597702026367188e+00 -1.960142850875854492e-01 1.809282779693603516e+00 -3.388616144657135010e-01 3.202121555805206299e-01 -2.067676633596420288e-01 -4.669333994388580322e-01 6.344482302665710449e-01 -1.499829590320587158e-01 -5.000000000000000000e-01 7.663560509681701660e-01 1.000000000000000000e+00
1.132052540779113770e+00 -1.236477851867675781e+00 -5.034279823303222656e-01 8.105961978435516357e-02 -6.997070312500000000e-01 -3.179592490196228027e-01 4.493264853954315186e-01 1.405047029256820679e-01 -3.410550951957702637e-01 -8.395941257476806641e-01 4.608306884765625000e-01 -7.049260139465332031e-01 -4.282895624637603760e-01 -8.233178853988647461e-01 -1.960142850875854492e-01 1.809282779693603516e+00 -3.388616144657135010e-01 -3.122929334640502930e+00 -2.067676633596420288e-01 2.141633033752441406e+00 -1.576172709465026855e+00 -1.499829590320587158e-01 -5.000000000000000000e-01 7.663560509681701660e-01 1.000000000000000000e+00
-4.590262472629547119e-01 -9.875727295875549316e-01 -5.034279823303222656e-01 -7.334319353103637695e-01 -6.997070312500000000e-01 1.338078498840332031e+00 -9.636498689651489258e-01 1.046986699104309082e+00 -1.293722987174987793e+00 -9.275465607643127441e-01 4.608306884765625000e-01 -7.049260139465332031e-01 -4.282895624637603760e-01 -8.233178853988647461e-01 -1.960142850875854492e-01 -5.527051687240600586e-01 -3.388616144657135010e-01 3.202121555805206299e-01 -2.067676633596420288e-01 -4.669333994388580322e-01 6.344482302665710449e-01 -1.499829590320587158e-01 -5.000000000000000000e-01 7.663560509681701660e-01 1.000000000000000000e+00
-4.590262472629547119e-01 2.569530904293060303e-01 -5.034279823303222656e-01 1.872976422309875488e-01 5.667310357093811035e-01 -1.973996996879577637e+00 -9.636498689651489258e-01 1.046986699104309082e+00 1.564280629158020020e+00 -1.103451490402221680e+00 4.608306884765625000e-01 -7.049260139465332031e-01 -4.282895624637603760e-01 -8.233178853988647461e-01 -1.960142850875854492e-01 -5.527051687240600586e-01 -3.388616144657135010e-01 3.202121555805206299e-01 -2.067676633596420288e-01 2.141633033752441406e+00 -1.576172709465026855e+00 6.667424201965332031e+00 -5.000000000000000000e-01 -1.304876565933227539e+00 1.000000000000000000e+00
-4.590262472629547119e-01 2.248194456100463867e+00 -5.034279823303222656e-01 2.737010478973388672e+00 1.199950098991394043e+00 5.100595951080322266e-01 4.493264853954315186e-01 -7.659772634506225586e-01 1.564280629158020020e+00 -7.516416907310485840e-01 -2.375050544738769531e+00 1.027078866958618164e+00 -4.282895624637603760e-01 1.214597702026367188e+00 -1.960142850875854492e-01 -5.527051687240600586e-01 -3.388616144657135010e-01 -3.122929334640502930e+00 4.836346149444580078e+00 -4.669333994388580322e-01 6.344482302665710449e-01 -1.499829590320587158e-01 -5.000000000000000000e-01 7.663560509681701660e-01 1.000000000000000000e+00
1.132052540779113770e+00 -1.236477851867675781e+00 4.202930629253387451e-01 -8.396700024604797363e-01 -6.997070312500000000e-01 -3.179592490196228027e-01 -9.636498689651489258e-01 -7.659772634506225586e-01 -1.293722987174987793e+00 -1.015498995780944824e+00 4.608306884765625000e-01 -7.049260139465332031e-01 -4.282895624637603760e-01 -8.233178853988647461e-01 -1.960142850875854492e-01 -5.527051687240600586e-01 -3.388616144657135010e-01 3.202121555805206299e-01 -2.067676633596420288e-01 -4.669333994388580322e-01 6.344482302665710449e-01 -1.499829590320587158e-01 -5.000000000000000000e-01 7.663560509681701660e-01 1.000000000000000000e+00
1.132052540779113770e+00 2.569530904293060303e-01 4.202930629253387451e-01 5.060117244720458984e-01 -6.997070312500000000e-01 5.100595951080322266e-01 4.493264853954315186e-01 1.405047029256820679e-01 6.116127967834472656e-01 -4.802203923463821411e-02 4.608306884765625000e-01 1.027078866958618164e+00 -4.282895624637603760e-01 1.214597702026367188e+00 -1.960142850875854492e-01 -5.527051687240600586e-01 2.951056957244873047e+00 3.202121555805206299e-01 -2.067676633596420288e-01 -4.669333994388580322e-01 6.344482302665710449e-01 -1.499829590320587158e-01 2.000000000000000000e+00 -1.304876565933227539e+00 1.000000000000000000e+00
1.132052540779113770e+00 -1.236477851867675781e+00 -5.034279823303222656e-01 -5.917812585830688477e-01 -6.997070312500000000e-01 5.100595951080322266e-01 4.493264853954315186e-01 -7.659772634506225586e-01 -3.410550951957702637e-01 1.359217166900634766e+00 4.608306884765625000e-01 -7.049260139465332031e-01 2.334868907928466797e+00 -8.233178853988647461e-01 -1.960142850875854492e-01 -5.527051687240600586e-01 -3.388616144657135010e-01 3.202121555805206299e-01 -2.067676633596420288e-01 -4.669333994388580322e-01 6.344482302665710449e-01 -1.499829590320587158e-01 -5.000000000000000000e-01 7.663560509681701660e-01 1.000000000000000000e+00
1.132052540779113770e+00 -1.236477851867675781e+00 1.344014048576354980e+00 -5.563685894012451172e-01 -6.997070312500000000e-01 1.338078498840332031e+00 1.862302780151367188e+00 -7.659772634506225586e-01 -1.293722987174987793e+00 -4.877842962741851807e-01 4.608306884765625000e-01 1.027078866958618164e+00 -4.282895624637603760e-01 -8.233178853988647461e-01 -1.960142850875854492e-01 -5.527051687240600586e-01 -3.388616144657135010e-01 3.202121555805206299e-01 -2.067676633596420288e-01 2.141633033752441406e+00 -1.576172709465026855e+00 -1.499829590320587158e-01 -5.000000000000000000e-01 7.663560509681701660e-01 1.000000000000000000e+00
1.132052540779113770e+00 -4.897623956203460693e-01 -5.034279823303222656e-01 1.872976422309875488e-01 -6.648799777030944824e-02 -1.145978093147277832e+00 -9.636498689651489258e-01 1.046986699104309082e+00 6.116127967834472656e-01 -1.103451490402221680e+00 4.608306884765625000e-01 -7.049260139465332031e-01 -4.282895624637603760e-01 1.214597702026367188e+00 -1.960142850875854492e-01 -5.527051687240600586e-01 2.951056957244873047e+00 3.202121555805206299e-01 -2.067676633596420288e-01 -4.669333994388580322e-01 6.344482302665710449e-01 -1.499829590320587158e-01 -5.000000000000000000e-01 7.663560509681701660e-01 1.000000000000000000e+00
1.132052540779113770e+00 -1.236477851867675781e+00 -5.034279823303222656e-01 -9.600377082824707031e-02 5.667310357093811035e-01 -3.179592490196228027e-01 4.493264853954315186e-01 -7.659772634506225586e-01 6.116127967834472656e-01 -3.118793964385986328e-01 4.608306884765625000e-01 -7.049260139465332031e-01 -4.282895624637603760e-01 1.214597702026367188e+00 -1.960142850875854492e-01 -5.527051687240600586e-01 -3.388616144657135010e-01 3.202121555805206299e-01 -2.067676633596420288e-01 -4.669333994388580322e-01 6.344482302665710449e-01 -1.499829590320587158e-01 -5.000000000000000000e-01 7.663560509681701660e-01 1.000000000000000000e+00
-4.590262472629547119e-01 3.243814945220947266e+00 -1.427148938179016113e+00 4.082692146301269531e+00 -6.648799777030944824e-02 1.338078498840332031e+00 -9.636498689651489258e-01 1.046986699104309082e+00 1.564280629158020020e+00 2.150789260864257812e+00 -2.375050544738769531e+00 1.027078866958618164e+00 -4.282895624637603760e-01 1.214597702026367188e+00 -1.960142850875854492e-01 -5.527051687240600586e-01 -3.388616144657135010e-01 3.202121555805206299e-01 -2.067676633596420288e-01 -4.669333994388580322e-01 -1.576172709465026855e+00 -1.499829590320587158e-01 -5.000000000000000000e-01 -1.304876565933227539e+00 1.000000000000000000e+00
-1.254565596580505371e+00 8.047933690249919891e-03 1.344014048576354980e+00 -5.917812585830688477e-01 -6.997070312500000000e-01 1.338078498840332031e+00 1.862302780151367188e+00 1.405047029256820679e-01 6.116127967834472656e-01 -4.877842962741851807e-01 4.608306884765625000e-01 1.027078866958618164e+00 -4.282895624637603760e-01 1.214597702026367188e+00 -1.960142850875854492e-01 1.809282779693603516e+00 -3.388616144657135010e-01 3.202121555805206299e-01 -2.067676633596420288e-01 -4.669333994388580322e-01 6.344482302665710449e-01 -1.499829590320587158e-01 -5.000000000000000000e-01 7.663560509681701660e-01 1.000000000000000000e+00
-1.254565596580505371e+00 -1.236477851867675781e+00 -5.034279823303222656e-01 -1.052146077156066895e+00 -6.997070312500000000e-01 -1.145978093147277832e+00 -9.636498689651489258e-01 -1.672459244728088379e+00 -1.293722987174987793e+00 -7.516416907310485840e-01 4.608306884765625000e-01 -7.049260139465332031e-01 -4.282895624637603760e-01 -8.233178853988647461e-01 -1.960142850875854492e-01 -5.527051687240600586e-01 -3.388616144657135010e-01 3.202121555805206299e-01 -2.067676633596420288e-01 -4.669333994388580322e-01 6.344482302665710449e-01 -1.499829590320587158e-01 -5.000000000000000000e-01 7.663560509681701660e-01 1.000000000000000000e+00
3.365131616592407227e-01 -1.236477851867675781e+00 1.344014048576354980e+00 -6.980192661285400391e-01 -6.997070312500000000e-01 -3.179592490196228027e-01 4.493264853954315186e-01 -1.672459244728088379e+00 -1.293722987174987793e+00 3.382123708724975586e+00 4.608306884765625000e-01 2.759083747863769531e+00 2.334868907928466797e+00 -8.233178853988647461e-01 5.101668834686279297e+00 1.809282779693603516e+00 -3.388616144657135010e-01 3.202121555805206299e-01 -2.067676633596420288e-01 -4.669333994388580322e-01 6.344482302665710449e-01 6.667424201965332031e+00 -5.000000000000000000e-01 -1.304876565933227539e+00 1.000000000000000000e+00
-1.254565596580505371e+00 2.569530904293060303e-01 -5.034279823303222656e-01 5.414243936538696289e-01 -6.997070312500000000e-01 5.100595951080322266e-01 4.493264853954315186e-01 1.405047029256820679e-01 -3.410550951957702637e-01 -3.998318612575531006e-01 4.608306884765625000e-01 -7.049260139465332031e-01 -4.282895624637603760e-01 1.214597702026367188e+00 -1.960142850875854492e-01 1.809282779693603516e+00 -3.388616144657135010e-01 -3.122929334640502930e+00 4.836346149444580078e+00 -4.669333994388580322e-01 6.344482302665710449e-01 -1.499829590320587158e-01 -5.000000000000000000e-01 7.663560509681701660e-01 1.000000000000000000e+00
-4.590262472629547119e-01 1.252573728561401367e+00 4.202930629253387451e-01 -3.793051838874816895e-01 -6.997070312500000000e-01 1.338078498840332031e+00 4.493264853954315186e-01 1.046986699104309082e+00 1.564280629158020020e+00 1.886931896209716797e+00 -2.375050544738769531e+00 1.027078866958618164e+00 -4.282895624637603760e-01 1.214597702026367188e+00 -1.960142850875854492e-01 1.809282779693603516e+00 -3.388616144657135010e-01 3.202121555805206299e-01 -2.067676633596420288e-01 -4.669333994388580322e-01 -1.576172709465026855e+00 -1.499829590320587158e-01 -5.000000000000000000e-01 7.663560509681701660e-01 1.000000000000000000e+00
-4.590262472629547119e-01 -1.236477851867675781e+00 -5.034279823303222656e-01 -1.016733407974243164e+00 1.833169102668762207e+00 1.338078498840332031e+00 4.493264853954315186e-01 1.046986699104309082e+00 -3.410550951957702637e-01 2.158353179693222046e-01 4.608306884765625000e-01 -7.049260139465332031e-01 -4.282895624637603760e-01 -8.233178853988647461e-01 -1.960142850875854492e-01 -5.527051687240600586e-01 -3.388616144657135010e-01 3.202121555805206299e-01 -2.067676633596420288e-01 -4.669333994388580322e-01 6.344482302665710449e-01 -1.499829590320587158e-01 -5.000000000000000000e-01 7.663560509681701660e-01 1.000000000000000000e+00
-4.590262472629547119e-01 -1.070541143417358398e+00 -5.034279823303222656e-01 -8.750826716423034668e-01 -6.997070312500000000e-01 5.100595951080322266e-01 -9.636498689651489258e-01 -7.659772634506225586e-01 -1.293722987174987793e+00 7.435500621795654297e-01 4.608306884765625000e-01 -7.049260139465332031e-01 -4.282895624637603760e-01 -8.233178853988647461e-01 -1.960142850875854492e-01 -5.527051687240600586e-01 -3.388616144657135010e-01 -3.122929334640502930e+00 -2.067676633596420288e-01 -4.669333994388580322e-01 6.344482302665710449e-01 -1.499829590320587158e-01 2.000000000000000000e+00 -1.304876565933227539e+00 1.000000000000000000e+00
-4.590262472629547119e-01 -7.386675477027893066e-01 -5.034279823303222656e-01 -8.042573332786560059e-01 -6.648799777030944824e-02 -1.145978093147277832e+00 -9.636498689651489258e-01 1.046986699104309082e+00 6.116127967834472656e-01 -7.516416907310485840e-01 -2.375050544738769531e+00 4.491088867187500000e+00 -4.282895624637603760e-01 -8.233178853988647461e-01 -1.960142850875854492e-01 -5.527051687240600586e-01 -3.388616144657135010e-01 3.202121555805206299e-01 -2.067676633596420288e-01 2.141633033752441406e+00 -1.576172709465026855e+00 -1.499829590320587158e-01 -5.000000000000000000e-01 7.663560509681701660e-01 1.000000000000000000e+00
1.132052540779113770e+00 7.547634243965148926e-01 1.344014048576354980e+00 1.532979369163513184e+00 1.833169102668762207e+00 1.338078498840332031e+00 4.493264853954315186e-01 1.046986699104309082e+00 6.116127967834472656e-01 2.414646625518798828e+00 4.608306884765625000e-01 1.027078866958618164e+00 -4.282895624637603760e-01 -8.233178853988647461e-01 -1.960142850875854492e-01 -5.527051687240600586e-01 2.951056957244873047e+00 3.202121555805206299e-01 -2.067676633596420288e-01 -4.669333994388580322e-01 6.344482302665710449e-01 -1.499829590320587158e-01 -5.000000000000000000e-01 7.663560509681701660e-01 1.000000000000000000e+00
1.132052540779113770e+00 -2.408572286367416382e-01 1.344014048576354980e+00 -2.517841383814811707e-02 1.833169102668762207e+00 -1.973996996879577637e+00 4.493264853954315186e-01 1.046986699104309082e+00 1.564280629158020020e+00 2.158353179693222046e-01 4.608306884765625000e-01 -7.049260139465332031e-01 -4.282895624637603760e-01 1.214597702026367188e+00 -1.960142850875854492e-01 -5.527051687240600586e-01 2.951056957244873047e+00 3.202121555805206299e-01 -2.067676633596420288e-01 -4.669333994388580322e-01 6.344482302665710449e-01 -1.499829590320587158e-01 -5.000000000000000000e-01 -1.304876565933227539e+00 1.000000000000000000e+00
-1.254565596580505371e+00 1.584447264671325684e+00 1.344014048576354980e+00 9.663765430450439453e-01 -6.997070312500000000e-01 -3.179592490196228027e-01 4.493264853954315186e-01 1.405047029256820679e-01 1.564280629158020020e+00 -7.516416907310485840e-01 -2.375050544738769531e+00 -7.049260139465332031e-01 -4.282895624637603760e-01 1.214597702026367188e+00 -1.960142850875854492e-01 -5.527051687240600586e-01 -3.388616144657135010e-01 3.202121555805206299e-01 -2.067676633596420288e-01 -4.669333994388580322e-01 6.344482302665710449e-01 -1.499829590320587158e-01 -5.000000000000000000e-01 7.663560509681701660e-01 1.000000000000000000e+00
-1.254565596580505371e+00 -9.046043157577514648e-01 1.344014048576354980e+00 -3.793051838874816895e-01 -6.997070312500000000e-01 -1.145978093147277832e+00 4.493264853954315186e-01 1.405047029256820679e-01 -1.293722987174987793e+00 1.095359802246093750e+00 4.608306884765625000e-01 1.027078866958618164e+00 2.334868907928466797e+00 -8.233178853988647461e-01 5.101668834686279297e+00 1.809282779693603516e+00 -3.388616144657135010e-01 3.202121555805206299e-01 -2.067676633596420288e-01 2.141633033752441406e+00 -1.576172709465026855e+00 -1.499829590320587158e-01 2.000000000000000000e+00 -1.304876565933227539e+00 1.000000000000000000e+00
-1.254565596580505371e+00 7.547634243965148926e-01 -2.350869894027709961e+00 1.710042715072631836e+00 1.833169102668762207e+00 -1.145978093147277832e+00 4.493264853954315186e-01 1.405047029256820679e-01 6.116127967834472656e-01 -9.275465607643127441e-01 -2.375050544738769531e+00 2.759083747863769531e+00 -4.282895624637603760e-01 -8.233178853988647461e-01 -1.960142850875854492e-01 -5.527051687240600586e-01 -3.388616144657135010e-01 3.202121555805206299e-01 -2.067676633596420288e-01 -4.669333994388580322e-01 6.344482302665710449e-01 -1.499829590320587158e-01 -5.000000000000000000e-01 7.663560509681701660e-01 1.000000000000000000e+00
3.365131616592407227e-01 1.252573728561401367e+00 -5.034279823303222656e-01 2.227103263139724731e-01 -6.997070312500000000e-01 -3.179592490196228027e-01 4.493264853954315186e-01 -7.659772634506225586e-01 -1.293722987174987793e+00 -1.103451490402221680e+00 4.608306884765625000e-01 -7.049260139465332031e-01 -4.282895624637603760e-01 1.214597702026367188e+00 -1.960142850875854492e-01 -5.527051687240600586e-01 -3.388616144657135010e-01 3.202121555805206299e-01 -2.067676633596420288e-01 -4.669333994388580322e-01 6.344482302665710449e-01 -1.499829590320587158e-01 -5.000000000000000000e-01 7.663560509681701660e-01 1.000000000000000000e+00
3.365131616592407227e-01 -4.897623956203460693e-01 -5.034279823303222656e-01 -4.855432212352752686e-01 -6.997070312500000000e-01 1.338078498840332031e+00 4.493264853954315186e-01 1.046986699104309082e+00 6.116127967834472656e-01 3.917402327060699463e-01 4.608306884765625000e-01 -7.049260139465332031e-01 -4.282895624637603760e-01 1.214597702026367188e+00 -1.960142850875854492e-01 -5.527051687240600586e-01 -3.388616144657135010e-01 3.202121555805206299e-01 -2.067676633596420288e-01 2.141633033752441406e+00 -1.576172709465026855e+00 -1.499829590320587158e-01 -5.000000000000000000e-01 -1.304876565933227539e+00 1.000000000000000000e+00
-1.254565596580505371e+00 2.569530904293060303e-01 1.344014048576354980e+00 1.178852558135986328e+00 -6.997070312500000000e-01 -1.973996996879577637e+00 4.493264853954315186e-01 1.046986699104309082e+00 1.564280629158020020e+00 3.470076084136962891e+00 4.608306884765625000e-01 1.027078866958618164e+00 -4.282895624637603760e-01 1.214597702026367188e+00 -1.960142850875854492e-01 -5.527051687240600586e-01 2.951056957244873047e+00 3.202121555805206299e-01 -2.067676633596420288e-01 -4.669333994388580322e-01 -1.576172709465026855e+00 -1.499829590320587158e-01 -5.000000000000000000e-01 -1.304876565933227539e+00 1.000000000000000000e+00
-4.590262472629547119e-01 -9.046043157577514648e-01 -5.034279823303222656e-01 -6.271939277648925781e-01 -6.997070312500000000e-01 -3.179592490196228027e-01 -2.376626253128051758e+00 -7.659772634506225586e-01 6.116127967834472656e-01 -3.998318612575531006e-01 4.608306884765625000e-01 -7.049260139465332031e-01 -4.282895624637603760e-01 -8.233178853988647461e-01 -1.960142850875854492e-01 -5.527051687240600586e-01 -3.388616144657135010e-01 3.202121555805206299e-01 -2.067676633596420288e-01 -4.669333994388580322e-01 6.344482302665710449e-01 -1.499829590320587158e-01 2.000000000000000000e+00 -1.304876565933227539e+00 1.000000000000000000e+00
1.132052540779113770e+00 1.252573728561401367e+00 -5.034279823303222656e-01 -3.084798157215118408e-01 1.833169102668762207e+00 -3.179592490196228027e-01 -9.636498689651489258e-01 1.046986699104309082e+00 6.116127967834472656e-01 -9.275465607643127441e-01 4.608306884765625000e-01 -7.049260139465332031e-01 -4.282895624637603760e-01 -8.233178853988647461e-01 -1.960142850875854492e-01 -5.527051687240600586e-01 -3.388616144657135010e-01 3.202121555805206299e-01 -2.067676633596420288e-01 -4.669333994388580322e-01 6.344482302665710449e-01 -1.499829590320587158e-01 -5.000000000000000000e-01 7.663560509681701660e-01 1.000000000000000000e+00
-1.254565596580505371e+00 -7.386675477027893066e-01 -5.034279823303222656e-01 1.518849730491638184e-01 1.199950098991394043e+00 -3.179592490196228027e-01 4.493264853954315186e-01 1.405047029256820679e-01 -3.410550951957702637e-01 -3.998318612575531006e-01 4.608306884765625000e-01 -7.049260139465332031e-01 2.334868907928466797e+00 -8.233178853988647461e-01 -1.960142850875854492e-01 1.809282779693603516e+00 -3.388616144657135010e-01 3.202121555805206299e-01 -2.067676633596420288e-01 -4.669333994388580322e-01 6.344482302665710449e-01 -1.499829590320587158e-01 -5.000000000000000000e-01 7.663560509681701660e-01 1.000000000000000000e+00
1.132052540779113770e+00 -7.386675477027893066e-01 1.344014048576354980e+00 -8.042573332786560059e-01 1.833169102668762207e+00 5.100595951080322266e-01 -9.636498689651489258e-01 1.046986699104309082e+00 -1.293722987174987793e+00 -1.103451490402221680e+00 4.608306884765625000e-01 1.027078866958618164e+00 -4.282895624637603760e-01 -8.233178853988647461e-01 -1.960142850875854492e-01 -5.527051687240600586e-01 -3.388616144657135010e-01 3.202121555805206299e-01 -2.067676633596420288e-01 -4.669333994388580322e-01 6.344482302665710449e-01 -1.499829590320587158e-01 -5.000000000000000000e-01 7.663560509681701660e-01 1.000000000000000000e+00
-4.590262472629547119e-01 1.999289155006408691e+00 1.344014048576354980e+00 4.705990552902221680e-01 -6.648799777030944824e-02 -1.973996996879577637e+00 4.493264853954315186e-01 1.046986699104309082e+00 6.116127967834472656e-01 -7.516416907310485840e-01 4.608306884765625000e-01 -7.049260139465332031e-01 -4.282895624637603760e-01 -8.233178853988647461e-01 -1.960142850875854492e-01 -5.527051687240600586e-01 2.951056957244873047e+00 3.202121555805206299e-01 -2.067676633596420288e-01 -4.669333994388580322e-01 6.344482302665710449e-01 -1.499829590320587158e-01 -5.000000000000000000e-01 7.663560509681701660e-01 1.000000000000000000e+00
1.132052540779113770e+00 2.569530904293060303e-01 1.344014048576354980e+00 2.227103263139724731e-01 -6.997070312500000000e-01 1.338078498840332031e+00 -9.636498689651489258e-01 -7.659772634506225586e-01 6.116127967834472656e-01 4.796926975250244141e-01 4.608306884765625000e-01 1.027078866958618164e+00 -4.282895624637603760e-01 1.214597702026367188e+00 -1.960142850875854492e-01 -5.527051687240600586e-01 2.951056957244873047e+00 3.202121555805206299e-01 -2.067676633596420288e-01 2.141633033752441406e+00 -1.576172709465026855e+00 -1.499829590320587158e-01 -5.000000000000000000e-01 -1.304876565933227539e+00 1.000000000000000000e+00
-1.254565596580505371e+00 -4.897623956203460693e-01 1.344014048576354980e+00 -6.626065969467163086e-01 -6.997070312500000000e-01 -3.179592490196228027e-01 -9.636498689651489258e-01 1.405047029256820679e-01 -3.410550951957702637e-01 -9.275465607643127441e-01 4.608306884765625000e-01 1.027078866958618164e+00 -4.282895624637603760e-01 -8.233178853988647461e-01 -1.960142850875854492e-01 -5.527051687240600586e-01 -3.388616144657135010e-01 3.202121555805206299e-01 -2.067676633596420288e-01 2.141633033752441406e+00 -1.576172709465026855e+00 -1.499829590320587158e-01 -5.000000000000000000e-01 7.663560509681701660e-01 1.000000000000000000e+00
1.132052540779113770e+00 -7.386675477027893066e-01 -5.034279823303222656e-01 -8.750826716423034668e-01 -6.997070312500000000e-01 -3.179592490196228027e-01 -9.636498689651489258e-01 -1.672459244728088379e+00 -1.293722987174987793e+00 -8.395941257476806641e-01 4.608306884765625000e-01 -7.049260139465332031e-01 -4.282895624637603760e-01 1.214597702026367188e+00 -1.960142850875854492e-01 -5.527051687240600586e-01 -3.388616144657135010e-01 3.202121555805206299e-01 -2.067676633596420288e-01 -4.669333994388580322e-01 6.344482302665710449e-01 -1.499829590320587158e-01 -5.000000000000000000e-01 7.663560509681701660e-01 1.000000000000000000e+00
-4.590262472629547119e-01 -9.875727295875549316e-01 1.344014048576354980e+00 -6.271939277648925781e-01 -6.997070312500000000e-01 1.338078498840332031e+00 -9.636498689651489258e-01 1.405047029256820679e-01 6.116127967834472656e-01 -1.359744966030120850e-01 4.608306884765625000e-01 1.027078866958618164e+00 -4.282895624637603760e-01 1.214597702026367188e+00 -1.960142850875854492e-01 -5.527051687240600586e-01 -3.388616144657135010e-01 3.202121555805206299e-01 -2.067676633596420288e-01 -4.669333994388580322e-01 6.344482302665710449e-01 -1.499829590320587158e-01 -5.000000000000000000e-01 -1.304876565933227539e+00 1.000000000000000000e+00
-4.590262472629547119e-01 -2.408572286367416382e-01 1.344014048576354980e+00 -6.980192661285400391e-01 -6.997070312500000000e-01 -1.145978093147277832e+00 -9.636498689651489258e-01 -1.672459244728088379e+00 -3.410550951957702637e-01 -7.516416907310485840e-01 4.608306884765625000e-01 1.027078866958618164e+00 -4.282895624637603760e-01 -8.233178853988647461e-01 -1.960142850875854492e-01 -5.527051687240600586e-01 -3.388616144657135010e-01 3.202121555805206299e-01 -2.067676633596420288e-01 -4.669333994388580322e-01 6.344482302665710449e-01 -1.499829590320587158e-01 -5.000000000000000000e-01 7.663560509681701660e-01 1.000000000000000000e+00
-1.254565596580505371e+00 -9.875727295875549316e-01 1.344014048576354980e+00 -6.980192661285400391e-01 -6.648799777030944824e-02 1.338078498840332031e+00 4.493264853954315186e-01 1.046986699104309082e+00 -1.293722987174987793e+00 1.095359802246093750e+00 4.608306884765625000e-01 1.027078866958618164e+00 2.334868907928466797e+00 -8.233178853988647461e-01 5.101668834686279297e+00 -5.527051687240600586e-01 -3.388616144657135010e-01 -3.122929334640502930e+00 -2.067676633596420288e-01 -4.669333994388580322e-01 6.344482302665710449e-01 -1.499829590320587158e-01 -5.000000000000000000e-01 7.663560509681701660e-01 1.000000000000000000e+00
1.132052540779113770e+00 5.058582425117492676e-01 4.202930629253387451e-01 6.476624608039855957e-01 -6.997070312500000000e-01 5.100595951080322266e-01 4.493264853954315186e-01 1.046986699104309082e+00 6.116127967834472656e-01 -8.395941257476806641e-01 4.608306884765625000e-01 1.027078866958618164e+00 -4.282895624637603760e-01 -8.233178853988647461e-01 -1.960142850875854492e-01 -5.527051687240600586e-01 -3.388616144657135010e-01 3.202121555805206299e-01 -2.067676633596420288e-01 -4.669333994388580322e-01 6.344482302665710449e-01 -1.499829590320587158e-01 -5.000000000000000000e-01 7.663560509681701660e-01 1.000000000000000000e+00
-1.254565596580505371e+00 5.058582425117492676e-01 1.344014048576354980e+00 -3.084798157215118408e-01 -6.997070312500000000e-01 1.338078498840332031e+00 4.493264853954315186e-01 1.046986699104309082e+00 6.116127967834472656e-01 6.555975675582885742e-01 -9.571098685264587402e-01 4.491088867187500000e+00 2.334868907928466797e+00 1.214597702026367188e+00 -1.960142850875854492e-01 -5.527051687240600586e-01 -3.388616144657135010e-01 3.202121555805206299e-01 -2.067676633596420288e-01 -4.669333994388580322e-01 6.344482302665710449e-01 -1.499829590320587158e-01 -5.000000000000000000e-01 -1.304876565933227539e+00 1.000000000000000000e+00
-1.254565596580505371e+00 -2.408572286367416382e-01 -5.034279823303222656e-01 -8.750826716423034668e-01 -6.997070312500000000e-01 -1.973996996879577637e+00 -9.636498689651489258e-01 -1.672459244728088379e+00 -1.293722987174987793e+00 -7.516416907310485840e-01 4.608306884765625000e-01 -7.049260139465332031e-01 -4.282895624637603760e-01 -8.233178853988647461e-01 -1.960142850875854492e-01 -5.527051687240600586e-01 -3.388616144657135010e-01 3.202121555805206299e-01 -2.067676633596420288e-01 -4.669333994388580322e-01 6.344482302665710449e-01 6.667424201965332031e+00 -5.000000000000000000e-01 -1.304876565933227539e+00 1.000000000000000000e+00
1.132052540779113770e+00 -7.386675477027893066e-01 -5.034279823303222656e-01 -6.626065969467163086e-01 -6.997070312500000000e-01 1.338078498840332031e+00 4.493264853954315186e-01 1.046986699104309082e+00 -3.410550951957702637e-01 1.007407426834106445e+00 -2.375050544738769531e+00 2.759083747863769531e+00 2.334868907928466797e+00 1.214597702026367188e+00 -1.960142850875854492e-01 -5.527051687240600586e-01 -3.388616144657135010e-01 3.202121555805206299e-01 -2.067676633596420288e-01 -4.669333994388580322e-01 6.344482302665710449e-01 -1.499829590320587158e-01 -5.000000000000000000e-01 7.663560509681701660e-01 1.000000000000000000e+00
3.365131616592407227e-01 2.569530904293060303e-01 -5.034279823303222656e-01 -4.855432212352752686e-01 -6.997070312500000000e-01 -3.179592490196228027e-01 4.493264853954315186e-01 -7.659772634506225586e-01 -1.293722987174987793e+00 -8.395941257476806641e-01 4.608306884765625000e-01 -7.049260139465332031e-01 -4.282895624637603760e-01 -8.233178853988647461e-01 -1.960142850875854492e-01 -5.527051687240600586e-01 -3.388616144657135010e-01 3.202121555805206299e-01 -2.067676633596420288e-01 -4.669333994388580322e-01 6.344482302665710449e-01 -1.499829590320587158e-01 -5.000000000000000000e-01 7.663560509681701660e-01 1.000000000000000000e+00
-4.590262472629547119e-01 -1.236477851867675781e+00 -5.034279823303222656e-01 -7.688446044921875000e-01 -6.997070312500000000e-01 1.338078498840332031e+00 4.493264853954315186e-01 1.046986699104309082e+00 6.116127967834472656e-01 -6.636891961097717285e-01 4.608306884765625000e-01 -7.049260139465332031e-01 2.334868907928466797e+00 -8.233178853988647461e-01 -1.960142850875854492e-01 -5.527051687240600586e-01 -3.388616144657135010e-01 3.202121555805206299e-01 -2.067676633596420288e-01 -4.669333994388580322e-01 6.344482302665710449e-01 -1.499829590320587158e-01 -5.000000000000000000e-01 7.663560509681701660e-01 1.000000000000000000e+00
1.132052540779113770e+00 2.569530904293060303e-01 -5.034279823303222656e-01 1.462154030799865723e+00 -6.997070312500000000e-01 -3.179592490196228027e-01 4.493264853954315186e-01 1.046986699104309082e+00 -3.410550951957702637e-01 6.555975675582885742e-01 4.608306884765625000e-01 -7.049260139465332031e-01 2.334868907928466797e+00 -8.233178853988647461e-01 -1.960142850875854492e-01 1.809282779693603516e+00 -3.388616144657135010e-01 3.202121555805206299e-01 -2.067676633596420288e-01 -4.669333994388580322e-01 6.344482302665710449e-01 -1.499829590320587158e-01 2.000000000000000000e+00 -1.304876565933227539e+00 1.000000000000000000e+00
-4.590262472629547119e-01 2.746004581451416016e+00 -2.350869894027709961e+00 4.472231388092041016e+00 -6.997070312500000000e-01 -1.145978093147277832e+00 4.493264853954315186e-01 1.046986699104309082e+00 1.564280629158020020e+00 1.974884390830993652e+00 4.608306884765625000e-01 -7.049260139465332031e-01 -4.282895624637603760e-01 1.214597702026367188e+00 -1.960142850875854492e-01 -5.527051687240600586e-01 -3.388616144657135010e-01 3.202121555805206299e-01 -2.067676633596420288e-01 2.141633033752441406e+00 -1.576172709465026855e+00 -1.499829590320587158e-01 -5.000000000000000000e-01 7.663560509681701660e-01 1.000000000000000000e+00
-1.254565596580505371e+00 -2.408572286367416382e-01 1.344014048576354980e+00 -7.334319353103637695e-01 -6.997070312500000000e-01 -1.973996996879577637e+00 -9.636498689651489258e-01 1.046986699104309082e+00 1.564280629158020020e+00 1.711027026176452637e+00 4.608306884765625000e-01 2.759083747863769531e+00 2.334868907928466797e+00 -8.233178853988647461e-01 -1.960142850875854492e-01 -5.527051687240600586e-01 -3.388616144657135010e-01 3.202121555805206299e-01 -2.067676633596420288e-01 -4.669333994388580322e-01 -1.576172709465026855e+00 6.667424201965332031e+00 -5.000000000000000000e-01 -1.304876565933227539e+00 1.000000000000000000e+00
3.365131616592407227e-01 -9.046043157577514648e-01 -5.034279823303222656e-01 2.227103263139724731e-01 -6.997070312500000000e-01 -1.145978093147277832e+00 4.493264853954315186e-01 -1.672459244728088379e+00 -3.410550951957702637e-01 1.278828680515289307e-01 4.608306884765625000e-01 -7.049260139465332031e-01 2.334868907928466797e+00 -8.233178853988647461e-01 -1.960142850875854492e-01 1.809282779693603516e+00 -3.388616144657135010e-01 -3.122929334640502930e+00 -2.067676633596420288e-01 -4.669333994388580322e-01 6.344482302665710449e-01 -1.499829590320587158e-01 2.000000000000000000e+00 -1.304876565933227539e+00 1.000000000000000000e+00
-1.254565596580505371e+00 -1.070541143417358398e+00 1.344014048576354980e+00 4.564693942666053772e-02 -6.997070312500000000e-01 5.100595951080322266e-01 4.493264853954315186e-01 1.046986699104309082e+00 -1.293722987174987793e+00 3.037877678871154785e-01 4.608306884765625000e-01 1.027078866958618164e+00 -4.282895624637603760e-01 -8.233178853988647461e-01 5.101668834686279297e+00 1.809282779693603516e+00 -3.388616144657135010e-01 3.202121555805206299e-01 -2.067676633596420288e-01 -4.669333994388580322e-01 6.344482302665710449e-01 -1.499829590320587158e-01 2.000000000000000000e+00 -1.304876565933227539e+00 1.000000000000000000e+00
-1.254565596580505371e+00 2.569530904293060303e-01 -1.427148938179016113e+00 1.023426372557878494e-02 5.667310357093811035e-01 -1.145978093147277832e+00 4.493264853954315186e-01 1.046986699104309082e+00 1.564280629158020020e+00 -4.877842962741851807e-01 4.608306884765625000e-01 -7.049260139465332031e-01 2.334868907928466797e+00 1.214597702026367188e+00 -1.960142850875854492e-01 -5.527051687240600586e-01 -3.388616144657135010e-01 3.202121555805206299e-01 -2.067676633596420288e-01 -4.669333994388580322e-01 -1.576172709465026855e+00 -1.499829590320587158e-01 -5.000000000000000000e-01 7.663560509681701660e-01 1.000000000000000000e+00
-1.254565596580505371e+00 2.569530904293060303e-01 4.202930629253387451e-01 -5.563685894012451172e-01 -6.997070312500000000e-01 -1.145978093147277832e+00 -9.636498689651489258e-01 -7.659772634506225586e-01 6.116127967834472656e-01 -5.757367610931396484e-01 4.608306884765625000e-01 -7.049260139465332031e-01 -4.282895624637603760e-01 1.214597702026367188e+00 -1.960142850875854492e-01 -5.527051687240600586e-01 -3.388616144657135010e-01 3.202121555805206299e-01 -2.067676633596420288e-01 2.141633033752441406e+00 -1.576172709465026855e+00 -1.499829590320587158e-01 2.000000000000000000e+00 -1.304876565933227539e+00 1.000000000000000000e+00
1.132052540779113770e+00 7.547634243965148926e-01 1.344014048576354980e+00 -1.668291240930557251e-01 -6.997070312500000000e-01 -3.179592490196228027e-01 -9.636498689651489258e-01 -7.659772634506225586e-01 6.116127967834472656e-01 -2.239269465208053589e-01 4.608306884765625000e-01 -7.049260139465332031e-01 -4.282895624637603760e-01 1.214597702026367188e+00 -1.960142850875854492e-01 -5.527051687240600586e-01 -3.388616144657135010e-01 3.202121555805206299e-01 -2.067676633596420288e-01 -4.669333994388580322e-01 6.344482302665710449e-01 -1.499829590320587158e-01 -5.000000000000000000e-01 7.663560509681701660e-01 1.000000000000000000e+00
-1.254565596580505371e+00 2.569530904293060303e-01 -5.034279823303222656e-01 3.289483487606048584e-01 -6.997070312500000000e-01 -3.179592490196228027e-01 4.493264853954315186e-01 1.046986699104309082e+00 -3.410550951957702637e-01 -6.636891961097717285e-01 4.608306884765625000e-01 -7.049260139465332031e-01 -4.282895624637603760e-01 -8.233178853988647461e-01 -1.960142850875854492e-01 -5.527051687240600586e-01 -3.388616144657135010e-01 3.202121555805206299e-01 -2.067676633596420288e-01 -4.669333994388580322e-01 6.344482302665710449e-01 -1.499829590320587158e-01 -5.000000000000000000e-01 7.663560509681701660e-01 1.000000000000000000e+00
-4.590262472629547119e-01 -2.408572286367416382e-01 1.344014048576354980e+00 1.164722964167594910e-01 -6.997070312500000000e-01 1.338078498840332031e+00 -9.636498689651489258e-01 1.046986699104309082e+00 -3.410550951957702637e-01 1.278828680515289307e-01 4.608306884765625000e-01 -7.049260139465332031e-01 -4.282895624637603760e-01 1.214597702026367188e+00 -1.960142850875854492e-01 -5.527051687240600586e-01 -3.388616144657135010e-01 3.202121555805206299e-01 -2.067676633596420288e-01 -4.669333994388580322e-01 6.344482302665710449e-01 -1.499829590320587158e-01 -5.000000000000000000e-01 7.663560509681701660e-01 1.000000000000000000e+00
3.365131616592407227e-01 -1.402414679527282715e+00 -5.034279823303222656e-01 -6.271939277648925781e-01 1.833169102668762207e+00 -1.145978093147277832e+00 4.493264853954315186e-01 -7.659772634506225586e-01 -1.293722987174987793e+00 -5.757367610931396484e-01 4.608306884765625000e-01 -7.049260139465332031e-01 2.334868907928466797e+00 -8.233178853988647461e-01 5.101668834686279297e+00 1.809282779693603516e+00 -3.388616144657135010e-01 3.202121555805206299e-01 -2.067676633596420288e-01 -4.669333994388580322e-01 6.344482302665710449e-01 -1.499829590320587158e-01 2.000000000000000000e+00 -1.304876565933227539e+00 1.000000000000000000e+00
-1.254565596580505371e+00 -2.408572286367416382e-01 -1.427148938179016113e+00 -4.855432212352752686e-01 -6.997070312500000000e-01 -1.145978093147277832e+00 4.493264853954315186e-01 1.046986699104309082e+00 1.564280629158020020e+00 3.993041440844535828e-02 -2.375050544738769531e+00 -7.049260139465332031e-01 -4.282895624637603760e-01 1.214597702026367188e+00 -1.960142850875854492e-01 -5.527051687240600586e-01 -3.388616144657135010e-01 -3.122929334640502930e+00 4.836346149444580078e+00 -4.669333994388580322e-01 -1.576172709465026855e+00 -1.499829590320587158e-01 -5.000000000000000000e-01 -1.304876565933227539e+00 1.000000000000000000e+00
-4.590262472629547119e-01 -2.408572286367416382e-01 -5.034279823303222656e-01 3.997737169265747070e-01 -6.997070312500000000e-01 1.338078498840332031e+00 4.493264853954315186e-01 -1.672459244728088379e+00 -1.293722987174987793e+00 -2.239269465208053589e-01 -2.375050544738769531e+00 -7.049260139465332031e-01 -4.282895624637603760e-01 1.214597702026367188e+00 -1.960142850875854492e-01 -5.527051687240600586e-01 -3.388616144657135010e-01 -3.122929334640502930e+00 4.836346149444580078e+00 -4.669333994388580322e-01 6.344482302665710449e-01 -1.499829590320587158e-01 -5.000000000000000000e-01 -1.304876565933227539e+00 1.000000000000000000e+00
1.132052540779113770e+00 1.252573728561401367e+00 -5.034279823303222656e-01 8.601385354995727539e-01 -6.648799777030944824e-02 5.100595951080322266e-01 4.493264853954315186e-01 -7.659772634506225586e-01 6.116127967834472656e-01 -3.998318612575531006e-01 4.608306884765625000e-01 1.027078866958618164e+00 -4.282895624637603760e-01 1.214597702026367188e+00 -1.960142850875854492e-01 -5.527051687240600586e-01 -3.388616144657135010e-01 3.202121555805206299e-01 -2.067676633596420288e-01 -4.669333994388580322e-01 6.344482302665710449e-01 -1.499829590320587158e-01 -5.000000000000000000e-01 7.663560509681701660e-01 1.000000000000000000e+00
1.132052540779113770e+00 -7.386675477027893066e-01 -5.034279823303222656e-01 -5.563685894012451172e-01 -6.997070312500000000e-01 5.100595951080322266e-01 -9.636498689651489258e-01 1.046986699104309082e+00 -1.293722987174987793e+00 -3.998318612575531006e-01 4.608306884765625000e-01 -7.049260139465332031e-01 -4.282895624637603760e-01 -8.233178853988647461e-01 -1.960142850875854492e-01 -5.527051687240600586e-01 -3.388616144657135010e-01 3.202121555805206299e-01 -2.067676633596420288e-01 -4.669333994388580322e-01 6.344482302665710449e-01 -1.499829590320587158e-01 2.000000000000000000e+00 -1.304876565933227539e+00 1.000000000000000000e+00
1.132052540779113770e+00 8.047933690249919891e-03 -2.350869894027709961e+00 6.122497916221618652e-01 1.833169102668762207e+00 -3.179592490196228027e-01 -9.636498689651489258e-01 1.046986699104309082e+00 -3.410550951957702637e-01 -5.757367610931396484e-01 -2.375050544738769531e+00 1.027078866958618164e+00 -4.282895624637603760e-01 1.214597702026367188e+00 -1.960142850875854492e-01 1.809282779693603516e+00 -3.388616144657135010e-01 3.202121555805206299e-01 -2.067676633596420288e-01 -4.669333994388580322e-01 6.344482302665710449e-01 -1.499829590320587158e-01 -5.000000000000000000e-01 7.663560509681701660e-01 1.000000000000000000e+00
-4.590262472629547119e-01 -2.408572286367416382e-01 1.344014048576354980e+00 -4.855432212352752686e-01 1.833169102668762207e+00 -3.179592490196228027e-01 1.862302780151367188e+00 1.046986699104309082e+00 -1.293722987174987793e+00 -6.636891961097717285e-01 -2.375050544738769531e+00 1.027078866958618164e+00 -4.282895624637603760e-01 -8.233178853988647461e-01 -1.960142850875854492e-01 -5.527051687240600586e-01 -3.388616144657135010e-01 3.202121555805206299e-01 -2.067676633596420288e-01 -4.669333994388580322e-01 6.344482302665710449e-01 -1.499829590320587158e-01 -5.000000000000000000e-01 7.663560509681701660e-01 1.000000000000000000e+00
-4.590262472629547119e-01 -7.386675477027893066e-01 -5.034279823303222656e-01 1.001789212226867676e+00 -6.997070312500000000e-01 5.100595951080322266e-01 4.493264853954315186e-01 -7.659772634506225586e-01 6.116127967834472656e-01 -3.118793964385986328e-01 4.608306884765625000e-01 -7.049260139465332031e-01 -4.282895624637603760e-01 -8.233178853988647461e-01 -1.960142850875854492e-01 1.809282779693603516e+00 -3.388616144657135010e-01 3.202121555805206299e-01 -2.067676633596420288e-01 -4.669333994388580322e-01 6.344482302665710449e-01 -1.499829590320587158e-01 -5.000000000000000000e-01 7.663560509681701660e-01 1.000000000000000000e+00
1.132052540779113770e+00 -9.875727295875549316e-01 -5.034279823303222656e-01 -6.271939277648925781e-01 -6.997070312500000000e-01 5.100595951080322266e-01 4.493264853954315186e-01 -7.659772634506225586e-01 6.116127967834472656e-01 -1.191403985023498535e+00 4.608306884765625000e-01 -7.049260139465332031e-01 -4.282895624637603760e-01 -8.233178853988647461e-01 -1.960142850875854492e-01 -5.527051687240600586e-01 -3.388616144657135010e-01 3.202121555805206299e-01 -2.067676633596420288e-01 -4.669333994388580322e-01 6.344482302665710449e-01 -1.499829590320587158e-01 -5.000000000000000000e-01 7.663560509681701660e-01 1.000000000000000000e+00
-4.590262472629547119e-01 -2.408572286367416382e-01 1.344014048576354980e+00 -7.334319353103637695e-01 -6.997070312500000000e-01 -3.179592490196228027e-01 1.862302780151367188e+00 -7.659772634506225586e-01 6.116127967834472656e-01 -2.239269465208053589e-01 4.608306884765625000e-01 -7.049260139465332031e-01 -4.282895624637603760e-01 -8.233178853988647461e-01 -1.960142850875854492e-01 -5.527051687240600586e-01 -3.388616144657135010e-01 3.202121555805206299e-01 -2.067676633596420288e-01 -4.669333994388580322e-01 6.344482302665710449e-01 -1.499829590320587158e-01 -5.000000000000000000e-01 7.663560509681701660e-01 1.000000000000000000e+00
-4.590262472629547119e-01 -7.386675477027893066e-01 -5.034279823303222656e-01 -7.334319353103637695e-01 5.667310357093811035e-01 -3.179592490196228027e-01 -2.376626253128051758e+00 -1.672459244728088379e+00 6.116127967834472656e-01 -8.395941257476806641e-01 4.608306884765625000e-01 -7.049260139465332031e-01 -4.282895624637603760e-01 1.214597702026367188e+00 -1.960142850875854492e-01 -5.527051687240600586e-01 -3.388616144657135010e-01 3.202121555805206299e-01 -2.067676633596420288e-01 -4.669333994388580322e-01 6.344482302665710449e-01 -1.499829590320587158e-01 -5.000000000000000000e-01 7.663560509681701660e-01 1.000000000000000000e+00
1.132052540779113770e+00 -1.236477851867675781e+00 4.202930629253387451e-01 -5.563685894012451172e-01 -6.648799777030944824e-02 -3.179592490196228027e-01 4.493264853954315186e-01 -7.659772634506225586e-01 -1.293722987174987793e+00 -1.359744966030120850e-01 4.608306884765625000e-01 1.027078866958618164e+00 -4.282895624637603760e-01 -8.233178853988647461e-01 -1.960142850875854492e-01 -5.527051687240600586e-01 -3.388616144657135010e-01 3.202121555805206299e-01 -2.067676633596420288e-01 -4.669333994388580322e-01 6.344482302665710449e-01 -1.499829590320587158e-01 2.000000000000000000e+00 -1.304876565933227539e+00 1.000000000000000000e+00
1.132052540779113770e+00 2.569530904293060303e-01 1.344014048576354980e+00 -3.793051838874816895e-01 -6.648799777030944824e-02 1.338078498840332031e+00 4.493264853954315186e-01 1.046986699104309082e+00 -3.410550951957702637e-01 1.447169661521911621e+00 -2.375050544738769531e+00 1.027078866958618164e+00 -4.282895624637603760e-01 -8.233178853988647461e-01 -1.960142850875854492e-01 -5.527051687240600586e-01 -3.388616144657135010e-01 3.202121555805206299e-01 -2.067676633596420288e-01 -4.669333994388580322e-01 6.344482302665710449e-01 -1.499829590320587158e-01 -5.000000000000000000e-01 7.663560509681701660e-01 1.000000000000000000e+00
1.132052540779113770e+00 -1.402414679527282715e+00 1.344014048576354980e+00 4.564693942666053772e-02 -6.997070312500000000e-01 5.100595951080322266e-01 -9.636498689651489258e-01 -1.672459244728088379e+00 -1.293722987174987793e+00 1.278828680515289307e-01 4.608306884765625000e-01 -7.049260139465332031e-01 2.334868907928466797e+00 -8.233178853988647461e-01 -1.960142850875854492e-01 1.809282779693603516e+00 -3.388616144657135010e-01 3.202121555805206299e-01 -2.067676633596420288e-01 -4.669333994388580322e-01 6.344482302665710449e-01 -1.499829590320587158e-01 -5.000000000000000000e-01 7.663560509681701660e-01 1.000000000000000000e+00
1.132052540779113770e+00 -9.046043157577514648e-01 -5.034279823303222656e-01 -8.396700024604797363e-01 1.833169102668762207e+00 5.100595951080322266e-01 -9.636498689651489258e-01 1.405047029256820679e-01 -3.410550951957702637e-01 3.917402327060699463e-01 4.608306884765625000e-01 -7.049260139465332031e-01 -4.282895624637603760e-01 1.214597702026367188e+00 -1.960142850875854492e-01 -5.527051687240600586e-01 -3.388616144657135010e-01 3.202121555805206299e-01 -2.067676633596420288e-01 -4.669333994388580322e-01 6.344482302665710449e-01 -1.499829590320587158e-01 -5.000000000000000000e-01 7.663560509681701660e-01 1.000000000000000000e+00
-1.254565596580505371e+00 -7.386675477027893066e-01 -5.034279823303222656e-01 -7.334319353103637695e-01 -6.997070312500000000e-01 -3.179592490196228027e-01 -9.636498689651489258e-01 -7.659772634506225586e-01 -1.293722987174987793e+00 -1.015498995780944824e+00 4.608306884765625000e-01 -7.049260139465332031e-01 -4.282895624637603760e-01 -8.233178853988647461e-01 -1.960142850875854492e-01 1.809282779693603516e+00 -3.388616144657135010e-01 3.202121555805206299e-01 -2.067676633596420288e-01 -4.669333994388580322e-01 6.344482302665710449e-01 -1.499829590320587158e-01 2.000000000000000000e+00 -1.304876565933227539e+00 1.000000000000000000e+00
1.132052540779113770e+00 2.569530904293060303e-01 -5.034279823303222656e-01 1.603804707527160645e+00 -6.997070312500000000e-01 5.100595951080322266e-01 4.493264853954315186e-01 1.405047029256820679e-01 6.116127967834472656e-01 2.158353179693222046e-01 4.608306884765625000e-01 -7.049260139465332031e-01 -4.282895624637603760e-01 1.214597702026367188e+00 -1.960142850875854492e-01 -5.527051687240600586e-01 2.951056957244873047e+00 3.202121555805206299e-01 -2.067676633596420288e-01 -4.669333994388580322e-01 6.344482302665710449e-01 -1.499829590320587158e-01 -5.000000000000000000e-01 -1.304876565933227539e+00 1.000000000000000000e+00
1.132052540779113770e+00 -2.408572286367416382e-01 -5.034279823303222656e-01 -5.917812585830688477e-01 -6.648799777030944824e-02 -3.179592490196228027e-01 -9.636498689651489258e-01 1.046986699104309082e+00 -3.410550951957702637e-01 -1.015498995780944824e+00 4.608306884765625000e-01 -7.049260139465332031e-01 -4.282895624637603760e-01 -8.233178853988647461e-01 -1.960142850875854492e-01 -5.527051687240600586e-01 -3.388616144657135010e-01 3.202121555805206299e-01 -2.067676633596420288e-01 2.141633033752441406e+00 -1.576172709465026855e+00 -1.499829590320587158e-01 2.000000000000000000e+00 -1.304876565933227539e+00 1.000000000000000000e+00
1.132052540779113770e+00 2.569530904293060303e-01 -5.034279823303222656e-01 -8.042573332786560059e-01 1.833169102668762207e+00 1.338078498840332031e+00 4.493264853954315186e-01 -7.659772634506225586e-01 6.116127967834472656e-01 -9.275465607643127441e-01 4.608306884765625000e-01 1.027078866958618164e+00 -4.282895624637603760e-01 -8.233178853988647461e-01 -1.960142850875854492e-01 -5.527051687240600586e-01 -3.388616144657135010e-01 3.202121555805206299e-01 -2.067676633596420288e-01 -4.669333994388580322e-01 6.344482302665710449e-01 -1.499829590320587158e-01 -5.000000000000000000e-01 7.663560509681701660e-01 1.000000000000000000e+00
-4.590262472629547119e-01 -9.875727295875549316e-01 1.344014048576354980e+00 -4.855432212352752686e-01 -6.997070312500000000e-01 5.100595951080322266e-01 4.493264853954315186e-01 1.405047029256820679e-01 6.116127967834472656e-01 -4.802203923463821411e-02 4.608306884765625000e-01 -7.049260139465332031e-01 -4.282895624637603760e-01 1.214597702026367188e+00 -1.960142850875854492e-01 -5.527051687240600586e-01 -3.388616144657135010e-01 3.202121555805206299e-01 -2.067676633596420288e-01 2.141633033752441406e+00 -1.576172709465026855e+00 -1.499829590320587158e-01 -5.000000000000000000e-01 7.663560509681701660e-01 1.000000000000000000e+00
1.132052540779113770e+00 -1.236477851867675781e+00 -5.034279823303222656e-01 -9.813206791877746582e-01 -6.997070312500000000e-01 -3.179592490196228027e-01 -9.636498689651489258e-01 -1.672459244728088379e+00 -1.293722987174987793e+00 -5.757367610931396484e-01 4.608306884765625000e-01 -7.049260139465332031e-01 -4.282895624637603760e-01 -8.233178853988647461e-01 -1.960142850875854492e-01 -5.527051687240600586e-01 -3.388616144657135010e-01 3.202121555805206299e-01 -2.067676633596420288e-01 -4.669333994388580322e-01 6.344482302665710449e-01 -1.499829590320587158e-01 -5.000000000000000000e-01 7.663560509681701660e-01 1.000000000000000000e+00
1.132052540779113770e+00 -1.236477851867675781e+00 -5.034279823303222656e-01 -5.209559202194213867e-01 -6.997070312500000000e-01 -3.179592490196228027e-01 1.862302780151367188e+00 -7.659772634506225586e-01 -3.410550951957702637e-01 -1.279356360435485840e+00 4.608306884765625000e-01 -7.049260139465332031e-01 -4.282895624637603760e-01 -8.233178853988647461e-01 -1.960142850875854492e-01 -5.527051687240600586e-01 -3.388616144657135010e-01 3.202121555805206299e-01 -2.067676633596420288e-01 2.141633033752441406e+00 -1.576172709465026855e+00 -1.499829590320587158e-01 -5.000000000000000000e-01 7.663560509681701660e-01 1.000000000000000000e+00
-1.254565596580505371e+00 2.569530904293060303e-01 -5.034279823303222656e-01 -6.059109047055244446e-02 -6.997070312500000000e-01 -1.145978093147277832e+00 -9.636498689651489258e-01 -1.672459244728088379e+00 -3.410550951957702637e-01 -7.516416907310485840e-01 4.608306884765625000e-01 -7.049260139465332031e-01 -4.282895624637603760e-01 -8.233178853988647461e-01 -1.960142850875854492e-01 1.809282779693603516e+00 -3.388616144657135010e-01 3.202121555805206299e-01 -2.067676633596420288e-01 -4.669333994388580322e-01 6.344482302665710449e-01 -1.499829590320587158e-01 -5.000000000000000000e-01 7.663560509681701660e-01 1.000000000000000000e+00
-1.254565596580505371e+00 -1.236477851867675781e+00 1.344014048576354980e+00 -7.334319353103637695e-01 1.833169102668762207e+00 1.338078498840332031e+00 4.493264853954315186e-01 1.046986699104309082e+00 -1.293722987174987793e+00 2.766456604003906250e+00 4.608306884765625000e-01 1.027078866958618164e+00 -4.282895624637603760e-01 1.214597702026367188e+00 -1.960142850875854492e-01 -5.527051687240600586e-01 -3.388616144657135010e-01 3.202121555805206299e-01 -2.067676633596420288e-01 -4.669333994388580322e-01 6.344482302665710449e-01 -1.499829590320587158e-01 -5.000000000000000000e-01 7.663560509681701660e-01 1.000000000000000000e+00
1.132052540779113770e+00 8.047933690249919891e-03 -5.034279823303222656e-01 -1.668291240930557251e-01 5.667310357093811035e-01 5.100595951080322266e-01 -9.636498689651489258e-01 -7.659772634506225586e-01 6.116127967834472656e-01 -3.998318612575531006e-01 -2.375050544738769531e+00 -7.049260139465332031e-01 -4.282895624637603760e-01 -8.233178853988647461e-01 -1.960142850875854492e-01 1.809282779693603516e+00 -3.388616144657135010e-01 3.202121555805206299e-01 -2.067676633596420288e-01 -4.669333994388580322e-01 6.344482302665710449e-01 -1.499829590320587158e-01 -5.000000000000000000e-01 -1.304876565933227539e+00 1.000000000000000000e+00
-4.590262472629547119e-01 -6.556991338729858398e-01 -5.034279823303222656e-01 -4.147178530693054199e-01 -6.997070312500000000e-01 -1.145978093147277832e+00 -9.636498689651489258e-01 1.046986699104309082e+00 -3.410550951957702637e-01 -1.103451490402221680e+00 4.608306884765625000e-01 -7.049260139465332031e-01 -4.282895624637603760e-01 -8.233178853988647461e-01 -1.960142850875854492e-01 -5.527051687240600586e-01 -3.388616144657135010e-01 -3.122929334640502930e+00 -2.067676633596420288e-01 -4.669333994388580322e-01 6.344482302665710449e-01 -1.499829590320587158e-01 2.000000000000000000e+00 -1.304876565933227539e+00 1.000000000000000000e+00
-4.590262472629547119e-01 -9.875727295875549316e-01 -5.034279823303222656e-01 -2.517841383814811707e-02 1.833169102668762207e+00 -3.179592490196228027e-01 -9.636498689651489258e-01 -7.659772634506225586e-01 -1.293722987174987793e+00 -2.239269465208053589e-01 4.608306884765625000e-01 -7.049260139465332031e-01 -4.282895624637603760e-01 -8.233178853988647461e-01 -1.960142850875854492e-01 1.809282779693603516e+00 -3.388616144657135010e-01 3.202121555805206299e-01 -2.067676633596420288e-01 -4.669333994388580322e-01 6.344482302665710449e-01 -1.499829590320587158e-01 2.000000000000000000e+00 -1.304876565933227539e+00 1.000000000000000000e+00
1.132052540779113770e+00 -7.386675477027893066e-01 -5.034279823303222656e-01 -5.917812585830688477e-01 -6.997070312500000000e-01 -3.179592490196228027e-01 4.493264853954315186e-01 -7.659772634506225586e-01 -1.293722987174987793e+00 1.271264791488647461e+00 4.608306884765625000e-01 -7.049260139465332031e-01 -4.282895624637603760e-01 -8.233178853988647461e-01 -1.960142850875854492e-01 -5.527051687240600586e-01 -3.388616144657135010e-01 3.202121555805206299e-01 -2.067676633596420288e-01 -4.669333994388580322e-01 6.344482302665710449e-01 -1.499829590320587158e-01 -5.000000000000000000e-01 7.663560509681701660e-01 1.000000000000000000e+00
1.132052540779113770e+00 2.569530904293060303e-01 -5.034279823303222656e-01 -2.022417932748794556e-01 -6.997070312500000000e-01 -1.145978093147277832e+00 -9.636498689651489258e-01 -1.672459244728088379e+00 1.564280629158020020e+00 -5.757367610931396484e-01 4.608306884765625000e-01 -7.049260139465332031e-01 -4.282895624637603760e-01 1.214597702026367188e+00 -1.960142850875854492e-01 -5.527051687240600586e-01 2.951056957244873047e+00 3.202121555805206299e-01 -2.067676633596420288e-01 -4.669333994388580322e-01 6.344482302665710449e-01 -1.499829590320587158e-01 -5.000000000000000000e-01 -1.304876565933227539e+00 1.000000000000000000e+00
-1.254565596580505371e+00 -5.727307796478271484e-01 -5.034279823303222656e-01 2.581230103969573975e-01 -6.997070312500000000e-01 -1.973996996879577637e+00 4.493264853954315186e-01 1.046986699104309082e+00 1.564280629158020020e+00 -1.191403985023498535e+00 4.608306884765625000e-01 -7.049260139465332031e-01 -4.282895624637603760e-01 -8.233178853988647461e-01 -1.960142850875854492e-01 1.809282779693603516e+00 -3.388616144657135010e-01 3.202121555805206299e-01 -2.067676633596420288e-01 -4.669333994388580322e-01 -1.576172709465026855e+00 -1.499829590320587158e-01 -5.000000000000000000e-01 7.663560509681701660e-01 1.000000000000000000e+00
-4.590262472629547119e-01 -7.386675477027893066e-01 1.344014048576354980e+00 -6.059109047055244446e-02 -6.997070312500000000e-01 -1.145978093147277832e+00 4.493264853954315186e-01 1.405047029256820679e-01 -1.293722987174987793e+00 1.183312296867370605e+00 -2.375050544738769531e+00 1.027078866958618164e+00 2.334868907928466797e+00 -8.233178853988647461e-01 -1.960142850875854492e-01 1.809282779693603516e+00 -3.388616144657135010e-01 3.202121555805206299e-01 -2.067676633596420288e-01 -4.669333994388580322e-01 6.344482302665710449e-01 -1.499829590320587158e-01 2.000000000000000000e+00 -1.304876565933227539e+00 1.000000000000000000e+00
-1.254565596580505371e+00 2.569530904293060303e-01 4.202930629253387451e-01 -6.980192661285400391e-01 -6.997070312500000000e-01 -1.973996996879577637e+00 4.493264853954315186e-01 -7.659772634506225586e-01 -1.293722987174987793e+00 6.555975675582885742e-01 4.608306884765625000e-01 1.027078866958618164e+00 2.334868907928466797e+00 -8.233178853988647461e-01 -1.960142850875854492e-01 1.809282779693603516e+00 -3.388616144657135010e-01 3.202121555805206299e-01 -2.067676633596420288e-01 -4.669333994388580322e-01 -1.576172709465026855e+00 -1.499829590320587158e-01 -5.000000000000000000e-01 7.663560509681701660e-01 1.000000000000000000e+00
-4.590262472629547119e-01 5.058582425117492676e-01 1.344014048576354980e+00 -2.730671465396881104e-01 5.667310357093811035e-01 -3.179592490196228027e-01 4.493264853954315186e-01 -7.659772634506225586e-01 -3.410550951957702637e-01 -1.103451490402221680e+00 4.608306884765625000e-01 1.027078866958618164e+00 -4.282895624637603760e-01 -8.233178853988647461e-01 -1.960142850875854492e-01 -5.527051687240600586e-01 -3.388616144657135010e-01 3.202121555805206299e-01 -2.067676633596420288e-01 -4.669333994388580322e-01 6.344482302665710449e-01 -1.499829590320587158e-01 2.000000000000000000e+00 -1.304876565933227539e+00 1.000000000000000000e+00
1.132052540779113770e+00 -2.408572286367416382e-01 1.344014048576354980e+00 -5.209559202194213867e-01 -6.997070312500000000e-01 -3.179592490196228027e-01 4.493264853954315186e-01 -7.659772634506225586e-01 6.116127967834472656e-01 -1.015498995780944824e+00 4.608306884765625000e-01 1.027078866958618164e+00 -4.282895624637603760e-01 -8.233178853988647461e-01 -1.960142850875854492e-01 -5.527051687240600586e-01 -3.388616144657135010e-01 3.202121555805206299e-01 -2.067676633596420288e-01 -4.669333994388580322e-01 6.344482302665710449e-01 -1.499829590320587158e-01 -5.000000000000000000e-01 7.663560509681701660e-01 1.000000000000000000e+00
1.132052540779113770e+00 -7.386675477027893066e-01 1.344014048576354980e+00 -2.022417932748794556e-01 -6.997070312500000000e-01 1.338078498840332031e+00 -9.636498689651489258e-01 1.046986699104309082e+00 1.564280629158020020e+00 1.886931896209716797e+00 -2.375050544738769531e+00 2.759083747863769531e+00 -4.282895624637603760e-01 -8.233178853988647461e-01 -1.960142850875854492e-01 -5.527051687240600586e-01 -3.388616144657135010e-01 3.202121555805206299e-01 -2.067676633596420288e-01 -4.669333994388580322e-01 -1.576172709465026855e+00 -1.499829590320587158e-01 2.000000000000000000e+00 -1.304876565933227539e+00 1.000000000000000000e+00
-1.254565596580505371e+00 -4.897623956203460693e-01 -5.034279823303222656e-01 -7.688446044921875000e-01 -6.997070312500000000e-01 -1.145978093147277832e+00 1.862302780151367188e+00 -7.659772634506225586e-01 -1.293722987174987793e+00 -7.516416907310485840e-01 4.608306884765625000e-01 -7.049260139465332031e-01 -4.282895624637603760e-01 -8.233178853988647461e-01 5.101668834686279297e+00 -5.527051687240600586e-01 -3.388616144657135010e-01 3.202121555805206299e-01 -2.067676633596420288e-01 -4.669333994388580322e-01 6.344482302665710449e-01 -1.499829590320587158e-01 -5.000000000000000000e-01 7.663560509681701660e-01 1.000000000000000000e+00
1.132052540779113770e+00 -5.727307796478271484e-01 4.202930629253387451e-01 -8.750826716423034668e-01 -6.997070312500000000e-01 -3.179592490196228027e-01 4.493264853954315186e-01 -7.659772634506225586e-01 6.116127967834472656e-01 -7.516416907310485840e-01 4.608306884765625000e-01 1.027078866958618164e+00 -4.282895624637603760e-01 -8.233178853988647461e-01 -1.960142850875854492e-01 1.809282779693603516e+00 -3.388616144657135010e-01 3.202121555805206299e-01 -2.067676633596420288e-01 -4.669333994388580322e-01 6.344482302665710449e-01 -1.499829590320587158e-01 2.000000000000000000e+00 -1.304876565933227539e+00 1.000000000000000000e+00
-4.590262472629547119e-01 7.547634243965148926e-01 -1.427148938179016113e+00 8.105961978435516357e-02 1.199950098991394043e+00 -3.179592490196228027e-01 4.493264853954315186e-01 -7.659772634506225586e-01 6.116127967834472656e-01 -1.359744966030120850e-01 -9.571098685264587402e-01 -7.049260139465332031e-01 2.334868907928466797e+00 1.214597702026367188e+00 -1.960142850875854492e-01 -5.527051687240600586e-01 -3.388616144657135010e-01 3.202121555805206299e-01 -2.067676633596420288e-01 -4.669333994388580322e-01 6.344482302665710449e-01 -1.499829590320587158e-01 -5.000000000000000000e-01 7.663560509681701660e-01 1.000000000000000000e+00
1.132052540779113770e+00 1.003668546676635742e+00 1.344014048576354980e+00 1.426741361618041992e+00 -6.997070312500000000e-01 5.100595951080322266e-01 4.493264853954315186e-01 -7.659772634506225586e-01 6.116127967834472656e-01 -4.802203923463821411e-02 4.608306884765625000e-01 1.027078866958618164e+00 -4.282895624637603760e-01 1.214597702026367188e+00 -1.960142850875854492e-01 -5.527051687240600586e-01 2.951056957244873047e+00 3.202121555805206299e-01 -2.067676633596420288e-01 -4.669333994388580322e-01 6.344482302665710449e-01 -1.499829590320587158e-01 -5.000000000000000000e-01 -1.304876565933227539e+00 1.000000000000000000e+00
-4.590262472629547119e-01 1.252573728561401367e+00 1.344014048576354980e+00 8.955512046813964844e-01 -6.997070312500000000e-01 -3.179592490196228027e-01 4.493264853954315186e-01 1.046986699104309082e+00 6.116127967834472656e-01 -1.359744966030120850e-01 4.608306884765625000e-01 1.027078866958618164e+00 -4.282895624637603760e-01 1.214597702026367188e+00 -1.960142850875854492e-01 -5.527051687240600586e-01 2.951056957244873047e+00 3.202121555805206299e-01 -2.067676633596420288e-01 -4.669333994388580322e-01 6.344482302665710449e-01 -1.499829590320587158e-01 -5.000000000000000000e-01 7.663560509681701660e-01 1.000000000000000000e+00
1.132052540779113770e+00 -7.386675477027893066e-01 1.344014048576354980e+00 -8.042573332786560059e-01 1.833169102668762207e+00 1.338078498840332031e+00 4.493264853954315186e-01 1.046986699104309082e+00 6.116127967834472656e-01 -4.802203923463821411e-02 4.608306884765625000e-01 1.027078866958618164e+00 -4.282895624637603760e-01 -8.233178853988647461e-01 -1.960142850875854492e-01 -5.527051687240600586e-01 -3.388616144657135010e-01 3.202121555805206299e-01 -2.067676633596420288e-01 -4.669333994388580322e-01 6.344482302665710449e-01 -1.499829590320587158e-01 -5.000000000000000000e-01 7.663560509681701660e-01 1.000000000000000000e+00
1.132052540779113770e+00 2.569530904293060303e-01 4.202930629253387451e-01 -9.600377082824707031e-02 1.833169102668762207e+00 -3.179592490196228027e-01 4.493264853954315186e-01 1.046986699104309082e+00 -1.293722987174987793e+00 -3.118793964385986328e-01 4.608306884765625000e-01 1.027078866958618164e+00 2.334868907928466797e+00 1.214597702026367188e+00 -1.960142850875854492e-01 -5.527051687240600586e-01 -3.388616144657135010e-01 3.202121555805206299e-01 -2.067676633596420288e-01 -4.669333994388580322e-01 6.344482302665710449e-01 -1.499829590320587158e-01 -5.000000000000000000e-01 7.663560509681701660e-01 1.000000000000000000e+00
1.132052540779113770e+00 -9.875727295875549316e-01 -5.034279823303222656e-01 -2.022417932748794556e-01 -6.997070312500000000e-01 -3.179592490196228027e-01 4.493264853954315186e-01 -7.659772634506225586e-01 -1.293722987174987793e+00 -3.118793964385986328e-01 4.608306884765625000e-01 -7.049260139465332031e-01 2.334868907928466797e+00 -8.233178853988647461e-01 -1.960142850875854492e-01 -5.527051687240600586e-01 -3.388616144657135010e-01 3.202121555805206299e-01 -2.067676633596420288e-01 -4.669333994388580322e-01 6.344482302665710449e-01 -1.499829590320587158e-01 -5.000000000000000000e-01 7.663560509681701660e-01 1.000000000000000000e+00
-1.254565596580505371e+00 -2.408572286367416382e-01 -5.034279823303222656e-01 -7.688446044921875000e-01 -6.997070312500000000e-01 -1.973996996879577637e+00 -9.636498689651489258e-01 -7.659772634506225586e-01 6.116127967834472656e-01 -2.239269465208053589e-01 4.608306884765625000e-01 -7.049260139465332031e-01 -4.282895624637603760e-01 -8.233178853988647461e-01 -1.960142850875854492e-01 -5.527051687240600586e-01 -3.388616144657135010e-01 3.202121555805206299e-01 -2.067676633596420288e-01 -4.669333994388580322e-01 6.344482302665710449e-01 -1.499829590320587158e-01 -5.000000000000000000e-01 7.663560509681701660e-01 1.000000000000000000e+00
-1.254565596580505371e+00 2.569530904293060303e-01 -1.427148938179016113e+00 1.285090684890747070e+00 -6.997070312500000000e-01 -1.145978093147277832e+00 -2.376626253128051758e+00 -1.672459244728088379e+00 -3.410550951957702637e-01 1.711027026176452637e+00 -2.375050544738769531e+00 -7.049260139465332031e-01 -4.282895624637603760e-01 1.214597702026367188e+00 -1.960142850875854492e-01 -5.527051687240600586e-01 -3.388616144657135010e-01 3.202121555805206299e-01 -2.067676633596420288e-01 -4.669333994388580322e-01 6.344482302665710449e-01 -1.499829590320587158e-01 -5.000000000000000000e-01 7.663560509681701660e-01 1.000000000000000000e+00
-1.254565596580505371e+00 -7.492045313119888306e-02 1.344014048576354980e+00 -3.793051838874816895e-01 -6.997070312500000000e-01 -3.179592490196228027e-01 1.862302780151367188e+00 -7.659772634506225586e-01 -3.410550951957702637e-01 -2.239269465208053589e-01 -2.375050544738769531e+00 1.027078866958618164e+00 -4.282895624637603760e-01 -8.233178853988647461e-01 5.101668834686279297e+00 1.809282779693603516e+00 -3.388616144657135010e-01 -3.122929334640502930e+00 -2.067676633596420288e-01 2.141633033752441406e+00 -1.576172709465026855e+00 -1.499829590320587158e-01 -5.000000000000000000e-01 7.663560509681701660e-01 1.000000000000000000e+00
-4.590262472629547119e-01 2.569530904293060303e-01 1.344014048576354980e+00 2.227103263139724731e-01 -6.648799777030944824e-02 -1.145978093147277832e+00 -2.376626253128051758e+00 -7.659772634506225586e-01 6.116127967834472656e-01 1.278828680515289307e-01 4.608306884765625000e-01 -7.049260139465332031e-01 -4.282895624637603760e-01 1.214597702026367188e+00 -1.960142850875854492e-01 1.809282779693603516e+00 -3.388616144657135010e-01 3.202121555805206299e-01 -2.067676633596420288e-01 -4.669333994388580322e-01 6.344482302665710449e-01 -1.499829590320587158e-01 -5.000000000000000000e-01 7.663560509681701660e-01 1.000000000000000000e+00
-4.590262472629547119e-01 2.569530904293060303e-01 1.344014048576354980e+00 -7.334319353103637695e-01 -6.648799777030944824e-02 -1.145978093147277832e+00 4.493264853954315186e-01 1.046986699104309082e+00 1.564280629158020020e+00 2.158353179693222046e-01 -2.375050544738769531e+00 1.027078866958618164e+00 2.334868907928466797e+00 -8.233178853988647461e-01 -1.960142850875854492e-01 -5.527051687240600586e-01 -3.388616144657135010e-01 3.202121555805206299e-01 -2.067676633596420288e-01 -4.669333994388580322e-01 6.344482302665710449e-01 -1.499829590320587158e-01 -5.000000000000000000e-01 7.663560509681701660e-01 1.000000000000000000e+00
1.132052540779113770e+00 -2.408572286367416382e-01 -1.427148938179016113e+00 1.143439888954162598e+00 -6.997070312500000000e-01 1.338078498840332031e+00 4.493264853954315186e-01 1.046986699104309082e+00 1.564280629158020020e+00 3.037877678871154785e-01 -2.375050544738769531e+00 1.027078866958618164e+00 2.334868907928466797e+00 1.214597702026367188e+00 -1.960142850875854492e-01 1.809282779693603516e+00 -3.388616144657135010e-01 3.202121555805206299e-01 -2.067676633596420288e-01 -4.669333994388580322e-01 6.344482302665710449e-01 -1.499829590320587158e-01 -5.000000000000000000e-01 -1.304876565933227539e+00 1.000000000000000000e+00
-4.590262472629547119e-01 -9.875727295875549316e-01 -5.034279823303222656e-01 -6.271939277648925781e-01 1.833169102668762207e+00 -1.145978093147277832e+00 4.493264853954315186e-01 -7.659772634506225586e-01 -1.293722987174987793e+00 -4.802203923463821411e-02 4.608306884765625000e-01 -7.049260139465332031e-01 -4.282895624637603760e-01 -8.233178853988647461e-01 -1.960142850875854492e-01 1.809282779693603516e+00 -3.388616144657135010e-01 3.202121555805206299e-01 -2.067676633596420288e-01 -4.669333994388580322e-01 6.344482302665710449e-01 6.667424201965332031e+00 -5.000000000000000000e-01 -1.304876565933227539e+00 1.000000000000000000e+00
1.132052540779113770e+00 -7.386675477027893066e-01 -5.034279823303222656e-01 -6.980192661285400391e-01 -6.997070312500000000e-01 -3.179592490196228027e-01 4.493264853954315186e-01 -7.659772634506225586e-01 6.116127967834472656e-01 -9.275465607643127441e-01 4.608306884765625000e-01 -7.049260139465332031e-01 -4.282895624637603760e-01 -8.233178853988647461e-01 -1.960142850875854492e-01 -5.527051687240600586e-01 -3.388616144657135010e-01 3.202121555805206299e-01 -2.067676633596420288e-01 -4.669333994388580322e-01 6.344482302665710449e-01 -1.499829590320587158e-01 -5.000000000000000000e-01 7.663560509681701660e-01 1.000000000000000000e+00
-4.590262472629547119e-01 1.252573728561401367e+00 -5.034279823303222656e-01 1.518849730491638184e-01 1.833169102668762207e+00 -3.179592490196228027e-01 1.862302780151367188e+00 -7.659772634506225586e-01 6.116127967834472656e-01 -7.516416907310485840e-01 4.608306884765625000e-01 -7.049260139465332031e-01 -4.282895624637603760e-01 -8.233178853988647461e-01 -1.960142850875854492e-01 -5.527051687240600586e-01 -3.388616144657135010e-01 3.202121555805206299e-01 -2.067676633596420288e-01 -4.669333994388580322e-01 6.344482302665710449e-01 -1.499829590320587158e-01 -5.000000000000000000e-01 7.663560509681701660e-01 1.000000000000000000e+00
-4.590262472629547119e-01 -7.386675477027893066e-01 1.344014048576354980e+00 -3.084798157215118408e-01 5.667310357093811035e-01 5.100595951080322266e-01 -2.376626253128051758e+00 1.405047029256820679e-01 6.116127967834472656e-01 3.993041440844535828e-02 4.608306884765625000e-01 -7.049260139465332031e-01 -4.282895624637603760e-01 1.214597702026367188e+00 -1.960142850875854492e-01 1.809282779693603516e+00 -3.388616144657135010e-01 3.202121555805206299e-01 -2.067676633596420288e-01 -4.669333994388580322e-01 6.344482302665710449e-01 -1.499829590320587158e-01 -5.000000000000000000e-01 -1.304876565933227539e+00 1.000000000000000000e+00
-1.254565596580505371e+00 2.165225982666015625e+00 -5.034279823303222656e-01 2.630772352218627930e+00 -6.997070312500000000e-01 -1.145978093147277832e+00 -9.636498689651489258e-01 -1.672459244728088379e+00 -1.293722987174987793e+00 -4.802203923463821411e-02 4.608306884765625000e-01 -7.049260139465332031e-01 -4.282895624637603760e-01 1.214597702026367188e+00 -1.960142850875854492e-01 1.809282779693603516e+00 -3.388616144657135010e-01 3.202121555805206299e-01 -2.067676633596420288e-01 -4.669333994388580322e-01 6.344482302665710449e-01 -1.499829590320587158e-01 2.000000000000000000e+00 -1.304876565933227539e+00 1.000000000000000000e+00
1.132052540779113770e+00 2.569530904293060303e-01 4.202930629253387451e-01 1.887106180191040039e+00 -6.997070312500000000e-01 -1.145978093147277832e+00 4.493264853954315186e-01 -7.659772634506225586e-01 6.116127967834472656e-01 -7.516416907310485840e-01 -2.375050544738769531e+00 1.027078866958618164e+00 -4.282895624637603760e-01 1.214597702026367188e+00 -1.960142850875854492e-01 -5.527051687240600586e-01 -3.388616144657135010e-01 3.202121555805206299e-01 -2.067676633596420288e-01 -4.669333994388580322e-01 6.344482302665710449e-01 -1.499829590320587158e-01 -5.000000000000000000e-01 7.663560509681701660e-01 1.000000000000000000e+00
-4.590262472629547119e-01 2.569530904293060303e-01 -5.034279823303222656e-01 -7.334319353103637695e-01 -6.997070312500000000e-01 -1.145978093147277832e+00 4.493264853954315186e-01 -1.672459244728088379e+00 -3.410550951957702637e-01 -8.395941257476806641e-01 4.608306884765625000e-01 -7.049260139465332031e-01 -4.282895624637603760e-01 -8.233178853988647461e-01 -1.960142850875854492e-01 1.809282779693603516e+00 -3.388616144657135010e-01 3.202121555805206299e-01 -2.067676633596420288e-01 -4.669333994388580322e-01 6.344482302665710449e-01 -1.499829590320587158e-01 -5.000000000000000000e-01 7.663560509681701660e-01 1.000000000000000000e+00
-4.590262472629547119e-01 -7.386675477027893066e-01 -5.034279823303222656e-01 -8.042573332786560059e-01 1.199950098991394043e+00 -1.145978093147277832e+00 -9.636498689651489258e-01 1.046986699104309082e+00 -1.293722987174987793e+00 -1.455261349678039551e+00 4.608306884765625000e-01 -7.049260139465332031e-01 -4.282895624637603760e-01 -8.233178853988647461e-01 -1.960142850875854492e-01 -5.527051687240600586e-01 -3.388616144657135010e-01 3.202121555805206299e-01 -2.067676633596420288e-01 2.141633033752441406e+00 -1.576172709465026855e+00 -1.499829590320587158e-01 2.000000000000000000e+00 -1.304876565933227539e+00 1.000000000000000000e+00
-1.254565596580505371e+00 2.569530904293060303e-01 -5.034279823303222656e-01 -6.980192661285400391e-01 1.833169102668762207e+00 5.100595951080322266e-01 -9.636498689651489258e-01 1.046986699104309082e+00 1.564280629158020020e+00 -3.118793964385986328e-01 4.608306884765625000e-01 -7.049260139465332031e-01 -4.282895624637603760e-01 -8.233178853988647461e-01 -1.960142850875854492e-01 1.809282779693603516e+00 -3.388616144657135010e-01 3.202121555805206299e-01 -2.067676633596420288e-01 2.141633033752441406e+00 -1.576172709465026855e+00 -1.499829590320587158e-01 -5.000000000000000000e-01 7.663560509681701660e-01 1.000000000000000000e+00
3.365131616592407227e-01 2.569530904293060303e-01 -5.034279823303222656e-01 6.830751299858093262e-01 -6.997070312500000000e-01 5.100595951080322266e-01 4.493264853954315186e-01 -7.659772634506225586e-01 6.116127967834472656e-01 -9.275465607643127441e-01 -2.375050544738769531e+00 -7.049260139465332031e-01 -4.282895624637603760e-01 -8.233178853988647461e-01 -1.960142850875854492e-01 -5.527051687240600586e-01 -3.388616144657135010e-01 3.202121555805206299e-01 -2.067676633596420288e-01 -4.669333994388580322e-01 6.344482302665710449e-01 -1.499829590320587158e-01 -5.000000000000000000e-01 7.663560509681701660e-01 1.000000000000000000e+00
-1.254565596580505371e+00 -7.492045313119888306e-02 1.344014048576354980e+00 3.643610477447509766e-01 -6.997070312500000000e-01 1.338078498840332031e+00 -9.636498689651489258e-01 1.046986699104309082e+00 -3.410550951957702637e-01 -1.015498995780944824e+00 4.608306884765625000e-01 1.027078866958618164e+00 -4.282895624637603760e-01 -8.233178853988647461e-01 -1.960142850875854492e-01 -5.527051687240600586e-01 -3.388616144657135010e-01 3.202121555805206299e-01 -2.067676633596420288e-01 -4.669333994388580322e-01 6.344482302665710449e-01 -1.499829590320587158e-01 -5.000000000000000000e-01 7.663560509681701660e-01 1.000000000000000000e+00
-4.590262472629547119e-01 8.047933690249919891e-03 -5.034279823303222656e-01 -7.334319353103637695e-01 -6.997070312500000000e-01 1.338078498840332031e+00 -9.636498689651489258e-01 1.046986699104309082e+00 -3.410550951957702637e-01 3.037877678871154785e-01 4.608306884765625000e-01 -7.049260139465332031e-01 2.334868907928466797e+00 -8.233178853988647461e-01 -1.960142850875854492e-01 -5.527051687240600586e-01 -3.388616144657135010e-01 3.202121555805206299e-01 -2.067676633596420288e-01 -4.669333994388580322e-01 6.344482302665710449e-01 -1.499829590320587158e-01 -5.000000000000000000e-01 7.663560509681701660e-01 1.000000000000000000e+00
-4.590262472629547119e-01 2.569530904293060303e-01 4.202930629253387451e-01 -4.501305520534515381e-01 1.833169102668762207e+00 -3.179592490196228027e-01 -9.636498689651489258e-01 1.046986699104309082e+00 6.116127967834472656e-01 5.676451325416564941e-01 4.608306884765625000e-01 1.027078866958618164e+00 -4.282895624637603760e-01 1.214597702026367188e+00 -1.960142850875854492e-01 1.809282779693603516e+00 -3.388616144657135010e-01 3.202121555805206299e-01 -2.067676633596420288e-01 2.141633033752441406e+00 -1.576172709465026855e+00 -1.499829590320587158e-01 -5.000000000000000000e-01 7.663560509681701660e-01 1.000000000000000000e+00
-1.254565596580505371e+00 -2.408572286367416382e-01 1.344014048576354980e+00 2.581230103969573975e-01 -6.997070312500000000e-01 1.338078498840332031e+00 -9.636498689651489258e-01 1.046986699104309082e+00 -1.293722987174987793e+00 -2.239269465208053589e-01 -2.375050544738769531e+00 2.759083747863769531e+00 -4.282895624637603760e-01 1.214597702026367188e+00 -1.960142850875854492e-01 1.809282779693603516e+00 -3.388616144657135010e-01 3.202121555805206299e-01 -2.067676633596420288e-01 2.141633033752441406e+00 -1.576172709465026855e+00 -1.499829590320587158e-01 -5.000000000000000000e-01 7.663560509681701660e-01 1.000000000000000000e+00
-4.590262472629547119e-01 1.252573728561401367e+00 1.344014048576354980e+00 -3.438925147056579590e-01 -6.997070312500000000e-01 1.338078498840332031e+00 4.493264853954315186e-01 1.046986699104309082e+00 -1.293722987174987793e+00 3.993041440844535828e-02 4.608306884765625000e-01 -7.049260139465332031e-01 -4.282895624637603760e-01 -8.233178853988647461e-01 -1.960142850875854492e-01 -5.527051687240600586e-01 -3.388616144657135010e-01 3.202121555805206299e-01 -2.067676633596420288e-01 -4.669333994388580322e-01 6.344482302665710449e-01 -1.499829590320587158e-01 -5.000000000000000000e-01 7.663560509681701660e-01 1.000000000000000000e+00
-1.254565596580505371e+00 -7.386675477027893066e-01 1.344014048576354980e+00 8.105961978435516357e-02 -6.997070312500000000e-01 -3.179592490196228027e-01 -9.636498689651489258e-01 -7.659772634506225586e-01 -1.293722987174987793e+00 -5.757367610931396484e-01 4.608306884765625000e-01 1.027078866958618164e+00 -4.282895624637603760e-01 -8.233178853988647461e-01 -1.960142850875854492e-01 1.809282779693603516e+00 -3.388616144657135010e-01 -3.122929334640502930e+00 4.836346149444580078e+00 -4.669333994388580322e-01 6.344482302665710449e-01 -1.499829590320587158e-01 -5.000000000000000000e-01 7.663560509681701660e-01 1.000000000000000000e+00
-4.590262472629547119e-01 -2.408572286367416382e-01 -5.034279823303222656e-01 -4.855432212352752686e-01 1.199950098991394043e+00 -3.179592490196228027e-01 4.493264853954315186e-01 -7.659772634506225586e-01 -3.410550951957702637e-01 -4.802203923463821411e-02 4.608306884765625000e-01 -7.049260139465332031e-01 -4.282895624637603760e-01 1.214597702026367188e+00 -1.960142850875854492e-01 -5.527051687240600586e-01 -3.388616144657135010e-01 3.202121555805206299e-01 -2.067676633596420288e-01 -4.669333994388580322e-01 6.344482302665710449e-01 -1.499829590320587158e-01 2.000000000000000000e+00 -1.304876565933227539e+00 1.000000000000000000e+00
1.132052540779113770e+00 -2.408572286367416382e-01 -5.034279823303222656e-01 -4.501305520534515381e-01 -6.997070312500000000e-01 5.100595951080322266e-01 4.493264853954315186e-01 -1.672459244728088379e+00 6.116127967834472656e-01 -1.359744966030120850e-01 -9.571098685264587402e-01 1.027078866958618164e+00 -4.282895624637603760e-01 1.214597702026367188e+00 -1.960142850875854492e-01 -5.527051687240600586e-01 -3.388616144657135010e-01 3.202121555805206299e-01 -2.067676633596420288e-01 -4.669333994388580322e-01 6.344482302665710449e-01 -1.499829590320587158e-01 -5.000000000000000000e-01 7.663560509681701660e-01 1.000000000000000000e+00
-1.254565596580505371e+00 -7.386675477027893066e-01 -1.427148938179016113e+00 -1.052146077156066895e+00 -6.997070312500000000e-01 1.338078498840332031e+00 1.862302780151367188e+00 -1.672459244728088379e+00 6.116127967834472656e-01 8.315024971961975098e-01 -2.375050544738769531e+00 -7.049260139465332031e-01 -4.282895624637603760e-01 -8.233178853988647461e-01 -1.960142850875854492e-01 -5.527051687240600586e-01 -3.388616144657135010e-01 3.202121555805206299e-01 -2.067676633596420288e-01 -4.669333994388580322e-01 6.344482302665710449e-01 -1.499829590320587158e-01 2.000000000000000000e+00 -1.304876565933227539e+00 1.000000000000000000e+00
-1.254565596580505371e+00 -4.897623956203460693e-01 1.344014048576354980e+00 -6.271939277648925781e-01 -6.997070312500000000e-01 1.338078498840332031e+00 4.493264853954315186e-01 1.046986699104309082e+00 6.116127967834472656e-01 7.435500621795654297e-01 4.608306884765625000e-01 1.027078866958618164e+00 2.334868907928466797e+00 1.214597702026367188e+00 -1.960142850875854492e-01 -5.527051687240600586e-01 -3.388616144657135010e-01 3.202121555805206299e-01 -2.067676633596420288e-01 -4.669333994388580322e-01 6.344482302665710449e-01 -1.499829590320587158e-01 -5.000000000000000000e-01 7.663560509681701660e-01 1.000000000000000000e+00
1.132052540779113770e+00 2.569530904293060303e-01 -5.034279823303222656e-01 -6.059109047055244446e-02 5.667310357093811035e-01 1.338078498840332031e+00 4.493264853954315186e-01 1.405047029256820679e-01 1.564280629158020020e+00 -3.118793964385986328e-01 4.608306884765625000e-01 -7.049260139465332031e-01 -4.282895624637603760e-01 1.214597702026367188e+00 -1.960142850875854492e-01 -5.527051687240600586e-01 -3.388616144657135010e-01 3.202121555805206299e-01 -2.067676633596420288e-01 2.141633033752441406e+00 -1.576172709465026855e+00 -1.499829590320587158e-01 -5.000000000000000000e-01 7.663560509681701660e-01 1.000000000000000000e+00
-1.254565596580505371e+00 -2.408572286367416382e-01 1.344014048576354980e+00 -4.147178530693054199e-01 -6.997070312500000000e-01 -3.179592490196228027e-01 -9.636498689651489258e-01 1.046986699104309082e+00 -1.293722987174987793e+00 -1.015498995780944824e+00 4.608306884765625000e-01 1.027078866958618164e+00 -4.282895624637603760e-01 -8.233178853988647461e-01 -1.960142850875854492e-01 -5.527051687240600586e-01 -3.388616144657135010e-01 3.202121555805206299e-01 -2.067676633596420288e-01 2.141633033752441406e+00 -1.576172709465026855e+00 -1.499829590320587158e-01 -5.000000000000000000e-01 7.663560509681701660e-01 1.000000000000000000e+00
1.132052540779113770e+00 1.501478910446166992e+00 -5.034279823303222656e-01 -2.376544773578643799e-01 5.667310357093811035e-01 -3.179592490196228027e-01 4.493264853954315186e-01 1.046986699104309082e+00 6.116127967834472656e-01 -1.015498995780944824e+00 4.608306884765625000e-01 -7.049260139465332031e-01 -4.282895624637603760e-01 -8.233178853988647461e-01 -1.960142850875854492e-01 -5.527051687240600586e-01 2.951056957244873047e+00 3.202121555805206299e-01 -2.067676633596420288e-01 -4.669333994388580322e-01 6.344482302665710449e-01 -1.499829590320587158e-01 -5.000000000000000000e-01 7.663560509681701660e-01 1.000000000000000000e+00
-4.590262472629547119e-01 2.569530904293060303e-01 -5.034279823303222656e-01 -6.626065969467163086e-01 -6.997070312500000000e-01 -1.145978093147277832e+00 -9.636498689651489258e-01 1.046986699104309082e+00 6.116127967834472656e-01 -9.275465607643127441e-01 4.608306884765625000e-01 -7.049260139465332031e-01 -4.282895624637603760e-01 1.214597702026367188e+00 -1.960142850875854492e-01 1.809282779693603516e+00 -3.388616144657135010e-01 3.202121555805206299e-01 -2.067676633596420288e-01 -4.669333994388580322e-01 6.344482302665710449e-01 -1.499829590320587158e-01 2.000000000000000000e+00 -1.304876565933227539e+00 1.000000000000000000e+00
-4.590262472629547119e-01 7.547634243965148926e-01 -2.350869894027709961e+00 3.289483487606048584e-01 -6.997070312500000000e-01 -3.179592490196228027e-01 -9.636498689651489258e-01 -1.672459244728088379e+00 6.116127967834472656e-01 -6.636891961097717285e-01 4.608306884765625000e-01 1.027078866958618164e+00 -4.282895624637603760e-01 -8.233178853988647461e-01 -1.960142850875854492e-01 -5.527051687240600586e-01 -3.388616144657135010e-01 3.202121555805206299e-01 -2.067676633596420288e-01 -4.669333994388580322e-01 6.344482302665710449e-01 -1.499829590320587158e-01 -5.000000000000000000e-01 7.663560509681701660e-01 1.000000000000000000e+00
-4.590262472629547119e-01 2.248194456100463867e+00 -2.350869894027709961e+00 1.816280841827392578e+00 5.667310357093811035e-01 -1.145978093147277832e+00 -9.636498689651489258e-01 -1.672459244728088379e+00 6.116127967834472656e-01 -4.877842962741851807e-01 4.608306884765625000e-01 1.027078866958618164e+00 -4.282895624637603760e-01 -8.233178853988647461e-01 -1.960142850875854492e-01 1.809282779693603516e+00 -3.388616144657135010e-01 3.202121555805206299e-01 -2.067676633596420288e-01 -4.669333994388580322e-01 6.344482302665710449e-01 -1.499829590320587158e-01 -5.000000000000000000e-01 7.663560509681701660e-01 1.000000000000000000e+00
-1.254565596580505371e+00 2.569530904293060303e-01 -5.034279823303222656e-01 -3.438925147056579590e-01 -6.997070312500000000e-01 1.338078498840332031e+00 4.493264853954315186e-01 -1.672459244728088379e+00 -1.293722987174987793e+00 8.315024971961975098e-01 4.608306884765625000e-01 -7.049260139465332031e-01 -4.282895624637603760e-01 -8.233178853988647461e-01 -1.960142850875854492e-01 1.809282779693603516e+00 -3.388616144657135010e-01 -3.122929334640502930e+00 4.836346149444580078e+00 -4.669333994388580322e-01 6.344482302665710449e-01 -1.499829590320587158e-01 -5.000000000000000000e-01 7.663560509681701660e-01 1.000000000000000000e+00
-4.590262472629547119e-01 2.248194456100463867e+00 4.202930629253387451e-01 1.532979369163513184e+00 -6.648799777030944824e-02 -1.973996996879577637e+00 4.493264853954315186e-01 1.046986699104309082e+00 1.564280629158020020e+00 -3.998318612575531006e-01 4.608306884765625000e-01 -7.049260139465332031e-01 -4.282895624637603760e-01 1.214597702026367188e+00 -1.960142850875854492e-01 -5.527051687240600586e-01 -3.388616144657135010e-01 3.202121555805206299e-01 -2.067676633596420288e-01 -4.669333994388580322e-01 -1.576172709465026855e+00 -1.499829590320587158e-01 -5.000000000000000000e-01 -1.304876565933227539e+00 1.000000000000000000e+00
-4.590262472629547119e-01 -1.236477851867675781e+00 -5.034279823303222656e-01 -4.147178530693054199e-01 -6.997070312500000000e-01 -1.145978093147277832e+00 1.862302780151367188e+00 1.405047029256820679e-01 6.116127967834472656e-01 -4.877842962741851807e-01 4.608306884765625000e-01 -7.049260139465332031e-01 -4.282895624637603760e-01 1.214597702026367188e+00 -1.960142850875854492e-01 -5.527051687240600586e-01 -3.388616144657135010e-01 3.202121555805206299e-01 -2.067676633596420288e-01 2.141633033752441406e+00 -1.576172709465026855e+00 -1.499829590320587158e-01 -5.000000000000000000e-01 -1.304876565933227539e+00 1.000000000000000000e+00
3.365131616592407227e-01 7.547634243965148926e-01 1.344014048576354980e+00 -9.600377082824707031e-02 -6.997070312500000000e-01 1.338078498840332031e+00 4.493264853954315186e-01 1.046986699104309082e+00 -3.410550951957702637e-01 1.007407426834106445e+00 4.608306884765625000e-01 -7.049260139465332031e-01 -4.282895624637603760e-01 -8.233178853988647461e-01 -1.960142850875854492e-01 -5.527051687240600586e-01 -3.388616144657135010e-01 3.202121555805206299e-01 -2.067676633596420288e-01 -4.669333994388580322e-01 6.344482302665710449e-01 -1.499829590320587158e-01 -5.000000000000000000e-01 7.663560509681701660e-01 1.000000000000000000e+00
-4.590262472629547119e-01 7.547634243965148926e-01 -5.034279823303222656e-01 -3.793051838874816895e-01 -6.997070312500000000e-01 -3.179592490196228027e-01 -9.636498689651489258e-01 -7.659772634506225586e-01 1.564280629158020020e+00 -1.015498995780944824e+00 -2.375050544738769531e+00 -7.049260139465332031e-01 -4.282895624637603760e-01 -8.233178853988647461e-01 -1.960142850875854492e-01 1.809282779693603516e+00 -3.388616144657135010e-01 -3.122929334640502930e+00 -2.067676633596420288e-01 -4.669333994388580322e-01 6.344482302665710449e-01 -1.499829590320587158e-01 -5.000000000000000000e-01 7.663560509681701660e-01 1.000000000000000000e+00
1.132052540779113770e+00 -1.236477851867675781e+00 1.344014048576354980e+00 -4.147178530693054199e-01 5.667310357093811035e-01 -3.179592490196228027e-01 1.862302780151367188e+00 -7.659772634506225586e-01 6.116127967834472656e-01 -1.015498995780944824e+00 4.608306884765625000e-01 -7.049260139465332031e-01 -4.282895624637603760e-01 -8.233178853988647461e-01 -1.960142850875854492e-01 1.809282779693603516e+00 -3.388616144657135010e-01 3.202121555805206299e-01 -2.067676633596420288e-01 -4.669333994388580322e-01 6.344482302665710449e-01 -1.499829590320587158e-01 -5.000000000000000000e-01 7.663560509681701660e-01 1.000000000000000000e+00
1.132052540779113770e+00 2.569530904293060303e-01 1.344014048576354980e+00 -3.793051838874816895e-01 1.833169102668762207e+00 5.100595951080322266e-01 4.493264853954315186e-01 1.046986699104309082e+00 6.116127967834472656e-01 6.555975675582885742e-01 4.608306884765625000e-01 1.027078866958618164e+00 2.334868907928466797e+00 1.214597702026367188e+00 -1.960142850875854492e-01 -5.527051687240600586e-01 2.951056957244873047e+00 3.202121555805206299e-01 -2.067676633596420288e-01 -4.669333994388580322e-01 6.344482302665710449e-01 -1.499829590320587158e-01 -5.000000000000000000e-01 7.663560509681701660e-01 1.000000000000000000e+00
-4.590262472629547119e-01 -9.875727295875549316e-01 -5.034279823303222656e-01 -7.688446044921875000e-01 -6.997070312500000000e-01 1.338078498840332031e+00 4.493264853954315186e-01 1.046986699104309082e+00 6.116127967834472656e-01 -7.516416907310485840e-01 4.608306884765625000e-01 1.027078866958618164e+00 -4.282895624637603760e-01 -8.233178853988647461e-01 -1.960142850875854492e-01 -5.527051687240600586e-01 -3.388616144657135010e-01 3.202121555805206299e-01 -2.067676633596420288e-01 -4.669333994388580322e-01 6.344482302665710449e-01 -1.499829590320587158e-01 2.000000000000000000e+00 -1.304876565933227539e+00 1.000000000000000000e+00
-4.590262472629547119e-01 -2.408572286367416382e-01 -5.034279823303222656e-01 -2.376544773578643799e-01 -6.648799777030944824e-02 -3.179592490196228027e-01 4.493264853954315186e-01 1.046986699104309082e+00 6.116127967834472656e-01 -1.359744966030120850e-01 4.608306884765625000e-01 -7.049260139465332031e-01 -4.282895624637603760e-01 -8.233178853988647461e-01 -1.960142850875854492e-01 -5.527051687240600586e-01 -3.388616144657135010e-01 3.202121555805206299e-01 -2.067676633596420288e-01 -4.669333994388580322e-01 6.344482302665710449e-01 -1.499829590320587158e-01 -5.000000000000000000e-01 7.663560509681701660e-01 1.000000000000000000e+00
1.132052540779113770e+00 -2.408572286367416382e-01 1.344014048576354980e+00 -7.688446044921875000e-01 -6.997070312500000000e-01 -1.973996996879577637e+00 -9.636498689651489258e-01 1.046986699104309082e+00 6.116127967834472656e-01 2.590551614761352539e+00 4.608306884765625000e-01 1.027078866958618164e+00 -4.282895624637603760e-01 -8.233178853988647461e-01 -1.960142850875854492e-01 -5.527051687240600586e-01 -3.388616144657135010e-01 3.202121555805206299e-01 -2.067676633596420288e-01 -4.669333994388580322e-01 6.344482302665710449e-01 6.667424201965332031e+00 -5.000000000000000000e-01 -1.304876565933227539e+00 1.000000000000000000e+00
1.132052540779113770e+00 -7.386675477027893066e-01 -5.034279823303222656e-01 -6.059109047055244446e-02 1.199950098991394043e+00 5.100595951080322266e-01 -2.376626253128051758e+00 1.046986699104309082e+00 -1.293722987174987793e+00 2.238741874694824219e+00 4.608306884765625000e-01 -7.049260139465332031e-01 -4.282895624637603760e-01 -8.233178853988647461e-01 -1.960142850875854492e-01 -5.527051687240600586e-01 -3.388616144657135010e-01 3.202121555805206299e-01 -2.067676633596420288e-01 -4.669333994388580322e-01 6.344482302665710449e-01 -1.499829590320587158e-01 2.000000000000000000e+00 -1.304876565933227539e+00 1.000000000000000000e+00
1.132052540779113770e+00 2.248194456100463867e+00 4.202930629253387451e-01 1.391328692436218262e+00 1.833169102668762207e+00 1.338078498840332031e+00 4.493264853954315186e-01 1.405047029256820679e-01 6.116127967834472656e-01 -3.118793964385986328e-01 -2.375050544738769531e+00 1.027078866958618164e+00 2.334868907928466797e+00 -8.233178853988647461e-01 -1.960142850875854492e-01 -5.527051687240600586e-01 -3.388616144657135010e-01 3.202121555805206299e-01 -2.067676633596420288e-01 -4.669333994388580322e-01 6.344482302665710449e-01 -1.499829590320587158e-01 -5.000000000000000000e-01 7.663560509681701660e-01 1.000000000000000000e+00
-1.254565596580505371e+00 -7.386675477027893066e-01 -1.427148938179016113e+00 -4.147178530693054199e-01 -6.997070312500000000e-01 -3.179592490196228027e-01 -2.376626253128051758e+00 -1.672459244728088379e+00 1.564280629158020020e+00 -5.757367610931396484e-01 4.608306884765625000e-01 -7.049260139465332031e-01 -4.282895624637603760e-01 -8.233178853988647461e-01 -1.960142850875854492e-01 -5.527051687240600586e-01 -3.388616144657135010e-01 3.202121555805206299e-01 -2.067676633596420288e-01 -4.669333994388580322e-01 -1.576172709465026855e+00 -1.499829590320587158e-01 -5.000000000000000000e-01 7.663560509681701660e-01 1.000000000000000000e+00
1.132052540779113770e+00 9.101632237434387207e-02 -5.034279823303222656e-01 -2.022417932748794556e-01 5.667310357093811035e-01 1.338078498840332031e+00 4.493264853954315186e-01 1.046986699104309082e+00 6.116127967834472656e-01 3.917402327060699463e-01 4.608306884765625000e-01 -7.049260139465332031e-01 -4.282895624637603760e-01 -8.233178853988647461e-01 -1.960142850875854492e-01 -5.527051687240600586e-01 -3.388616144657135010e-01 3.202121555805206299e-01 -2.067676633596420288e-01 -4.669333994388580322e-01 6.344482302665710449e-01 -1.499829590320587158e-01 -5.000000000000000000e-01 7.663560509681701660e-01 1.000000000000000000e+00
-4.590262472629547119e-01 1.252573728561401367e+00 -5.034279823303222656e-01 3.232787847518920898e+00 1.833169102668762207e+00 -3.179592490196228027e-01 4.493264853954315186e-01 1.046986699104309082e+00 1.564280629158020020e+00 1.278828680515289307e-01 4.608306884765625000e-01 -7.049260139465332031e-01 -4.282895624637603760e-01 1.214597702026367188e+00 -1.960142850875854492e-01 1.809282779693603516e+00 -3.388616144657135010e-01 3.202121555805206299e-01 -2.067676633596420288e-01 -4.669333994388580322e-01 -1.576172709465026855e+00 -1.499829590320587158e-01 -5.000000000000000000e-01 7.663560509681701660e-01 1.000000000000000000e+00
-4.590262472629547119e-01 -2.408572286367416382e-01 4.202930629253387451e-01 -1.314164400100708008e-01 1.833169102668762207e+00 1.338078498840332031e+00 4.493264853954315186e-01 1.046986699104309082e+00 6.116127967834472656e-01 6.555975675582885742e-01 4.608306884765625000e-01 -7.049260139465332031e-01 2.334868907928466797e+00 -8.233178853988647461e-01 -1.960142850875854492e-01 1.809282779693603516e+00 -3.388616144657135010e-01 3.202121555805206299e-01 -2.067676633596420288e-01 -4.669333994388580322e-01 6.344482302665710449e-01 -1.499829590320587158e-01 -5.000000000000000000e-01 7.663560509681701660e-01 1.000000000000000000e+00
1.132052540779113770e+00 5.058582425117492676e-01 -5.034279823303222656e-01 -2.376544773578643799e-01 -6.997070312500000000e-01 -3.179592490196228027e-01 -9.636498689651489258e-01 1.405047029256820679e-01 -1.293722987174987793e+00 -1.279356360435485840e+00 4.608306884765625000e-01 -7.049260139465332031e-01 -4.282895624637603760e-01 -8.233178853988647461e-01 -1.960142850875854492e-01 1.809282779693603516e+00 -3.388616144657135010e-01 3.202121555805206299e-01 -2.067676633596420288e-01 2.141633033752441406e+00 -1.576172709465026855e+00 -1.499829590320587158e-01 -5.000000000000000000e-01 7.663560509681701660e-01 1.000000000000000000e+00
-1.254565596580505371e+00 2.569530904293060303e-01 -5.034279823303222656e-01 -3.084798157215118408e-01 -6.997070312500000000e-01 -1.145978093147277832e+00 -9.636498689651489258e-01 1.046986699104309082e+00 -1.293722987174987793e+00 -4.802203923463821411e-02 4.608306884765625000e-01 -7.049260139465332031e-01 -4.282895624637603760e-01 1.214597702026367188e+00 -1.960142850875854492e-01 -5.527051687240600586e-01 -3.388616144657135010e-01 3.202121555805206299e-01 -2.067676633596420288e-01 -4.669333994388580322e-01 6.344482302665710449e-01 -1.499829590320587158e-01 -5.000000000000000000e-01 7.663560509681701660e-01 1.000000000000000000e+00
-1.254565596580505371e+00 -4.897623956203460693e-01 -5.034279823303222656e-01 -2.730671465396881104e-01 -6.997070312500000000e-01 -1.973996996879577637e+00 -9.636498689651489258e-01 1.046986699104309082e+00 6.116127967834472656e-01 -1.103451490402221680e+00 4.608306884765625000e-01 -7.049260139465332031e-01 -4.282895624637603760e-01 -8.233178853988647461e-01 -1.960142850875854492e-01 1.809282779693603516e+00 -3.388616144657135010e-01 3.202121555805206299e-01 -2.067676633596420288e-01 2.141633033752441406e+00 -1.576172709465026855e+00 -1.499829590320587158e-01 -5.000000000000000000e-01 7.663560509681701660e-01 1.000000000000000000e+00
-4.590262472629547119e-01 -7.492045313119888306e-02 4.202930629253387451e-01 1.355916023254394531e+00 1.833169102668762207e+00 5.100595951080322266e-01 4.493264853954315186e-01 1.046986699104309082e+00 -3.410550951957702637e-01 3.993041440844535828e-02 -2.375050544738769531e+00 1.027078866958618164e+00 2.334868907928466797e+00 1.214597702026367188e+00 -1.960142850875854492e-01 -5.527051687240600586e-01 2.951056957244873047e+00 3.202121555805206299e-01 -2.067676633596420288e-01 2.141633033752441406e+00 -1.576172709465026855e+00 -1.499829590320587158e-01 -5.000000000000000000e-01 -1.304876565933227539e+00 1.000000000000000000e+00
-1.254565596580505371e+00 -7.386675477027893066e-01 -5.034279823303222656e-01 -8.750826716423034668e-01 -6.997070312500000000e-01 -1.145978093147277832e+00 -9.636498689651489258e-01 1.046986699104309082e+00 -3.410550951957702637e-01 1.535122156143188477e+00 4.608306884765625000e-01 -7.049260139465332031e-01 -4.282895624637603760e-01 -8.233178853988647461e-01 -1.960142850875854492e-01 -5.527051687240600586e-01 -3.388616144657135010e-01 3.202121555805206299e-01 -2.067676633596420288e-01 -4.669333994388580322e-01 6.344482302665710449e-01 -1.499829590320587158e-01 -5.000000000000000000e-01 7.663560509681701660e-01 1.000000000000000000e+00
1.132052540779113770e+00 1.252573728561401367e+00 1.344014048576354980e+00 1.639217376708984375e+00 -6.997070312500000000e-01 -3.179592490196228027e-01 -9.636498689651489258e-01 -7.659772634506225586e-01 -1.293722987174987793e+00 -9.275465607643127441e-01 -9.571098685264587402e-01 1.027078866958618164e+00 -4.282895624637603760e-01 1.214597702026367188e+00 -1.960142850875854492e-01 1.809282779693603516e+00 -3.388616144657135010e-01 3.202121555805206299e-01 -2.067676633596420288e-01 -4.669333994388580322e-01 6.344482302665710449e-01 -1.499829590320587158e-01 -5.000000000000000000e-01 7.663560509681701660e-01 1.000000000000000000e+00
-4.590262472629547119e-01 2.569530904293060303e-01 1.344014048576354980e+00 -4.855432212352752686e-01 -6.997070312500000000e-01 1.338078498840332031e+00 -2.376626253128051758e+00 1.046986699104309082e+00 -1.293722987174987793e+00 -3.998318612575531006e-01 4.608306884765625000e-01 1.027078866958618164e+00 -4.282895624637603760e-01 1.214597702026367188e+00 -1.960142850875854492e-01 -5.527051687240600586e-01 -3.388616144657135010e-01 3.202121555805206299e-01 -2.067676633596420288e-01 -4.669333994388580322e-01 6.344482302665710449e-01 -1.499829590320587158e-01 -5.000000000000000000e-01 7.663560509681701660e-01 1.000000000000000000e+00
1.132052540779113770e+00 -7.386675477027893066e-01 1.344014048576354980e+00 -9.104953408241271973e-01 -6.997070312500000000e-01 1.338078498840332031e+00 4.493264853954315186e-01 1.046986699104309082e+00 -1.293722987174987793e+00 1.447169661521911621e+00 4.608306884765625000e-01 2.759083747863769531e+00 -4.282895624637603760e-01 -8.233178853988647461e-01 -1.960142850875854492e-01 -5.527051687240600586e-01 -3.388616144657135010e-01 3.202121555805206299e-01 -2.067676633596420288e-01 -4.669333994388580322e-01 6.344482302665710449e-01 -1.499829590320587158e-01 -5.000000000000000000e-01 7.663560509681701660e-01 1.000000000000000000e+00
-1.254565596580505371e+00 1.252573728561401367e+00 4.202930629253387451e-01 -4.147178530693054199e-01 -6.997070312500000000e-01 5.100595951080322266e-01 4.493264853954315186e-01 -1.672459244728088379e+00 6.116127967834472656e-01 -1.015498995780944824e+00 4.608306884765625000e-01 1.027078866958618164e+00 -4.282895624637603760e-01 1.214597702026367188e+00 -1.960142850875854492e-01 -5.527051687240600586e-01 -3.388616144657135010e-01 3.202121555805206299e-01 -2.067676633596420288e-01 -4.669333994388580322e-01 6.344482302665710449e-01 -1.499829590320587158e-01 -5.000000000000000000e-01 7.663560509681701660e-01 1.000000000000000000e+00
1.132052540779113770e+00 -2.408572286367416382e-01 1.344014048576354980e+00 -3.793051838874816895e-01 -6.997070312500000000e-01 -3.179592490196228027e-01 -9.636498689651489258e-01 -1.672459244728088379e+00 6.116127967834472656e-01 -9.275465607643127441e-01 4.608306884765625000e-01 1.027078866958618164e+00 -4.282895624637603760e-01 -8.233178853988647461e-01 -1.960142850875854492e-01 -5.527051687240600586e-01 -3.388616144657135010e-01 3.202121555805206299e-01 -2.067676633596420288e-01 -4.669333994388580322e-01 6.344482302665710449e-01 -1.499829590320587158e-01 -5.000000000000000000e-01 7.663560509681701660e-01 1.000000000000000000e+00
-4.590262472629547119e-01 2.569530904293060303e-01 -5.034279823303222656e-01 3.997737169265747070e-01 1.833169102668762207e+00 -3.179592490196228027e-01 -9.636498689651489258e-01 1.046986699104309082e+00 -3.410550951957702637e-01 1.095359802246093750e+00 4.608306884765625000e-01 -7.049260139465332031e-01 -4.282895624637603760e-01 1.214597702026367188e+00 -1.960142850875854492e-01 -5.527051687240600586e-01 -3.388616144657135010e-01 3.202121555805206299e-01 -2.067676633596420288e-01 -4.669333994388580322e-01 6.344482302665710449e-01 -1.499829590320587158e-01 2.000000000000000000e+00 -1.304876565933227539e+00 1.000000000000000000e+00
1.132052540779113770e+00 -9.875727295875549316e-01 -5.034279823303222656e-01 -4.501305520534515381e-01 -6.997070312500000000e-01 -1.145978093147277832e+00 -9.636498689651489258e-01 -7.659772634506225586e-01 6.116127967834472656e-01 -1.455261349678039551e+00 4.608306884765625000e-01 1.027078866958618164e+00 -4.282895624637603760e-01 -8.233178853988647461e-01 -1.960142850875854492e-01 -5.527051687240600586e-01 -3.388616144657135010e-01 -3.122929334640502930e+00 4.836346149444580078e+00 2.141633033752441406e+00 -1.576172709465026855e+00 -1.499829590320587158e-01 -5.000000000000000000e-01 7.663560509681701660e-01 1.000000000000000000e+00
1.132052540779113770e+00 2.569530904293060303e-01 1.344014048576354980e+00 7.893131375312805176e-01 -6.997070312500000000e-01 1.338078498840332031e+00 4.493264853954315186e-01 1.046986699104309082e+00 1.564280629158020020e+00 7.435500621795654297e-01 4.608306884765625000e-01 1.027078866958618164e+00 -4.282895624637603760e-01 -8.233178853988647461e-01 -1.960142850875854492e-01 -5.527051687240600586e-01 -3.388616144657135010e-01 3.202121555805206299e-01 -2.067676633596420288e-01 -4.669333994388580322e-01 -1.576172709465026855e+00 -1.499829590320587158e-01 -5.000000000000000000e-01 7.663560509681701660e-01 1.000000000000000000e+00
-4.590262472629547119e-01 -7.386675477027893066e-01 -5.034279823303222656e-01 -9.104953408241271973e-01 -6.997070312500000000e-01 5.100595951080322266e-01 1.862302780151367188e+00 1.405047029256820679e-01 6.116127967834472656e-01 -9.275465607643127441e-01 -2.375050544738769531e+00 -7.049260139465332031e-01 -4.282895624637603760e-01 -8.233178853988647461e-01 -1.960142850875854492e-01 1.809282779693603516e+00 -3.388616144657135010e-01 3.202121555805206299e-01 -2.067676633596420288e-01 -4.669333994388580322e-01 6.344482302665710449e-01 -1.499829590320587158e-01 2.000000000000000000e+00 -1.304876565933227539e+00 1.000000000000000000e+00
1.132052540779113770e+00 -1.402414679527282715e+00 1.344014048576354980e+00 -6.271939277648925781e-01 -6.997070312500000000e-01 5.100595951080322266e-01 4.493264853954315186e-01 -1.672459244728088379e+00 -1.293722987174987793e+00 5.676451325416564941e-01 4.608306884765625000e-01 2.759083747863769531e+00 2.334868907928466797e+00 -8.233178853988647461e-01 -1.960142850875854492e-01 -5.527051687240600586e-01 -3.388616144657135010e-01 3.202121555805206299e-01 -2.067676633596420288e-01 -4.669333994388580322e-01 6.344482302665710449e-01 -1.499829590320587158e-01 2.000000000000000000e+00 -1.304876565933227539e+00 1.000000000000000000e+00
1.132052540779113770e+00 -7.386675477027893066e-01 -5.034279823303222656e-01 -9.459080100059509277e-01 -6.997070312500000000e-01 -3.179592490196228027e-01 -2.376626253128051758e+00 -7.659772634506225586e-01 -1.293722987174987793e+00 1.183312296867370605e+00 4.608306884765625000e-01 -7.049260139465332031e-01 -4.282895624637603760e-01 -8.233178853988647461e-01 -1.960142850875854492e-01 1.809282779693603516e+00 -3.388616144657135010e-01 3.202121555805206299e-01 -2.067676633596420288e-01 -4.669333994388580322e-01 6.344482302665710449e-01 -1.499829590320587158e-01 2.000000000000000000e+00 -1.304876565933227539e+00 1.000000000000000000e+00
-1.254565596580505371e+00 2.569530904293060303e-01 -1.427148938179016113e+00 -7.334319353103637695e-01 -6.997070312500000000e-01 -1.973996996879577637e+00 -9.636498689651489258e-01 1.046986699104309082e+00 1.564280629158020020e+00 -5.757367610931396484e-01 4.608306884765625000e-01 1.027078866958618164e+00 -4.282895624637603760e-01 -8.233178853988647461e-01 -1.960142850875854492e-01 1.809282779693603516e+00 -3.388616144657135010e-01 -3.122929334640502930e+00 4.836346149444580078e+00 2.141633033752441406e+00 -1.576172709465026855e+00 6.667424201965332031e+00 -5.000000000000000000e-01 -1.304876565933227539e+00 1.000000000000000000e+00
-4.590262472629547119e-01 -4.897623956203460693e-01 -5.034279823303222656e-01 -2.376544773578643799e-01 -6.648799777030944824e-02 -3.179592490196228027e-01 -9.636498689651489258e-01 1.046986699104309082e+00 6.116127967834472656e-01 -6.636891961097717285e-01 4.608306884765625000e-01 1.027078866958618164e+00 -4.282895624637603760e-01 1.214597702026367188e+00 -1.960142850875854492e-01 1.809282779693603516e+00 -3.388616144657135010e-01 3.202121555805206299e-01 -2.067676633596420288e-01 2.141633033752441406e+00 -1.576172709465026855e+00 -1.499829590320587158e-01 -5.000000000000000000e-01 7.663560509681701660e-01 1.000000000000000000e+00
1.132052540779113770e+00 2.569530904293060303e-01 -5.034279823303222656e-01 -6.626065969467163086e-01 -6.997070312500000000e-01 -3.179592490196228027e-01 4.493264853954315186e-01 -7.659772634506225586e-01 -1.293722987174987793e+00 -3.998318612575531006e-01 4.608306884765625000e-01 -7.049260139465332031e-01 -4.282895624637603760e-01 1.214597702026367188e+00 -1.960142850875854492e-01 1.809282779693603516e+00 -3.388616144657135010e-01 -3.122929334640502930e+00 -2.067676633596420288e-01 -4.669333994388580322e-01 6.344482302665710449e-01 -1.499829590320587158e-01 -5.000000000000000000e-01 7.663560509681701660e-01 1.000000000000000000e+00
1.132052540779113770e+00 2.569530904293060303e-01 -5.034279823303222656e-01 -6.980192661285400391e-01 -6.997070312500000000e-01 1.338078498840332031e+00 4.493264853954315186e-01 -1.672459244728088379e+00 -1.293722987174987793e+00 3.993041440844535828e-02 4.608306884765625000e-01 -7.049260139465332031e-01 -4.282895624637603760e-01 1.214597702026367188e+00 -1.960142850875854492e-01 -5.527051687240600586e-01 -3.388616144657135010e-01 3.202121555805206299e-01 -2.067676633596420288e-01 -4.669333994388580322e-01 6.344482302665710449e-01 -1.499829590320587158e-01 -5.000000000000000000e-01 -1.304876565933227539e+00 1.000000000000000000e+00
1.132052540779113770e+00 7.547634243965148926e-01 1.344014048576354980e+00 9.663765430450439453e-01 -6.997070312500000000e-01 5.100595951080322266e-01 4.493264853954315186e-01 -7.659772634506225586e-01 6.116127967834472656e-01 2.158353179693222046e-01 4.608306884765625000e-01 -7.049260139465332031e-01 -4.282895624637603760e-01 -8.233178853988647461e-01 -1.960142850875854492e-01 -5.527051687240600586e-01 -3.388616144657135010e-01 -3.122929334640502930e+00 4.836346149444580078e+00 -4.669333994388580322e-01 6.344482302665710449e-01 -1.499829590320587158e-01 -5.000000000000000000e-01 7.663560509681701660e-01 1.000000000000000000e+00
-4.590262472629547119e-01 -4.897623956203460693e-01 -5.034279823303222656e-01 -6.271939277648925781e-01 -6.648799777030944824e-02 -3.179592490196228027e-01 4.493264853954315186e-01 -7.659772634506225586e-01 -1.293722987174987793e+00 -1.191403985023498535e+00 4.608306884765625000e-01 -7.049260139465332031e-01 -4.282895624637603760e-01 -8.233178853988647461e-01 -1.960142850875854492e-01 -5.527051687240600586e-01 -3.388616144657135010e-01 -3.122929334640502930e+00 -2.067676633596420288e-01 -4.669333994388580322e-01 6.344482302665710449e-01 -1.499829590320587158e-01 -5.000000000000000000e-01 7.663560509681701660e-01 1.000000000000000000e+00
1.132052540779113770e+00 -2.408572286367416382e-01 -5.034279823303222656e-01 -2.730671465396881104e-01 -6.997070312500000000e-01 -3.179592490196228027e-01 4.493264853954315186e-01 1.046986699104309082e+00 -1.293722987174987793e+00 6.555975675582885742e-01 4.608306884765625000e-01 -7.049260139465332031e-01 -4.282895624637603760e-01 1.214597702026367188e+00 -1.960142850875854492e-01 -5.527051687240600586e-01 -3.388616144657135010e-01 3.202121555805206299e-01 -2.067676633596420288e-01 -4.669333994388580322e-01 6.344482302665710449e-01 -1.499829590320587158e-01 -5.000000000000000000e-01 7.663560509681701660e-01 1.000000000000000000e+00
1.132052540779113770e+00 -4.897623956203460693e-01 -5.034279823303222656e-01 -3.793051838874816895e-01 5.667310357093811035e-01 -3.179592490196228027e-01 -9.636498689651489258e-01 1.046986699104309082e+00 6.116127967834472656e-01 -1.367308855056762695e+00 4.608306884765625000e-01 -7.049260139465332031e-01 -4.282895624637603760e-01 -8.233178853988647461e-01 -1.960142850875854492e-01 -5.527051687240600586e-01 -3.388616144657135010e-01 3.202121555805206299e-01 -2.067676633596420288e-01 2.141633033752441406e+00 -1.576172709465026855e+00 -1.499829590320587158e-01 -5.000000000000000000e-01 7.663560509681701660e-01 1.000000000000000000e+00
1.132052540779113770e+00 -2.408572286367416382e-01 1.344014048576354980e+00 -3.084798157215118408e-01 -6.997070312500000000e-01 -3.179592490196228027e-01 -9.636498689651489258e-01 -7.659772634506225586e-01 6.116127967834472656e-01 -8.395941257476806641e-01 4.608306884765625000e-01 1.027078866958618164e+00 -4.282895624637603760e-01 -8.233178853988647461e-01 -1.960142850875854492e-01 -5.527051687240600586e-01 -3.388616144657135010e-01 3.202121555805206299e-01 -2.067676633596420288e-01 -4.669333994388580322e-01 6.344482302665710449e-01 -1.499829590320587158e-01 -5.000000000000000000e-01 7.663560509681701660e-01 1.000000000000000000e+00
1.132052540779113770e+00 -9.875727295875549316e-01 -5.034279823303222656e-01 -3.438925147056579590e-01 -6.648799777030944824e-02 -1.145978093147277832e+00 -9.636498689651489258e-01 1.046986699104309082e+00 -3.410550951957702637e-01 -1.191403985023498535e+00 4.608306884765625000e-01 -7.049260139465332031e-01 -4.282895624637603760e-01 -8.233178853988647461e-01 -1.960142850875854492e-01 -5.527051687240600586e-01 -3.388616144657135010e-01 3.202121555805206299e-01 -2.067676633596420288e-01 2.141633033752441406e+00 -1.576172709465026855e+00 -1.499829590320587158e-01 -5.000000000000000000e-01 7.663560509681701660e-01 1.000000000000000000e+00
-1.254565596580505371e+00 -7.386675477027893066e-01 1.344014048576354980e+00 -1.016733407974243164e+00 -6.997070312500000000e-01 5.100595951080322266e-01 -9.636498689651489258e-01 1.405047029256820679e-01 -1.293722987174987793e+00 1.974884390830993652e+00 4.608306884765625000e-01 4.491088867187500000e+00 -4.282895624637603760e-01 1.214597702026367188e+00 -1.960142850875854492e-01 -5.527051687240600586e-01 -3.388616144657135010e-01 3.202121555805206299e-01 -2.067676633596420288e-01 -4.669333994388580322e-01 6.344482302665710449e-01 -1.499829590320587158e-01 2.000000000000000000e+00 -1.304876565933227539e+00 1.000000000000000000e+00
1.132052540779113770e+00 -7.386675477027893066e-01 -5.034279823303222656e-01 -3.793051838874816895e-01 -6.997070312500000000e-01 -1.145978093147277832e+00 -9.636498689651489258e-01 -7.659772634506225586e-01 6.116127967834472656e-01 -5.757367610931396484e-01 -2.375050544738769531e+00 -7.049260139465332031e-01 -4.282895624637603760e-01 -8.233178853988647461e-01 -1.960142850875854492e-01 -5.527051687240600586e-01 -3.388616144657135010e-01 3.202121555805206299e-01 -2.067676633596420288e-01 -4.669333994388580322e-01 6.344482302665710449e-01 -1.499829590320587158e-01 -5.000000000000000000e-01 7.663560509681701660e-01 1.000000000000000000e+00
1.132052540779113770e+00 2.248194456100463867e+00 1.344014048576354980e+00 2.418296337127685547e+00 5.667310357093811035e-01 -3.179592490196228027e-01 4.493264853954315186e-01 -7.659772634506225586e-01 1.564280629158020020e+00 7.435500621795654297e-01 -2.375050544738769531e+00 -7.049260139465332031e-01 -4.282895624637603760e-01 -8.233178853988647461e-01 -1.960142850875854492e-01 1.809282779693603516e+00 -3.388616144657135010e-01 3.202121555805206299e-01 -2.067676633596420288e-01 -4.669333994388580322e-01 -1.576172709465026855e+00 -1.499829590320587158e-01 -5.000000000000000000e-01 7.663560509681701660e-01 1.000000000000000000e+00
-4.590262472629547119e-01 2.248194456100463867e+00 -1.427148938179016113e+00 3.161962509155273438e+00 1.833169102668762207e+00 -1.973996996879577637e+00 4.493264853954315186e-01 1.046986699104309082e+00 1.564280629158020020e+00 3.993041440844535828e-02 4.608306884765625000e-01 -7.049260139465332031e-01 -4.282895624637603760e-01 1.214597702026367188e+00 -1.960142850875854492e-01 1.809282779693603516e+00 -3.388616144657135010e-01 -3.122929334640502930e+00 4.836346149444580078e+00 -4.669333994388580322e-01 -1.576172709465026855e+00 -1.499829590320587158e-01 -5.000000000000000000e-01 -1.304876565933227539e+00 1.000000000000000000e+00
-4.590262472629547119e-01 -7.386675477027893066e-01 1.344014048576354980e+00 -5.209559202194213867e-01 -6.648799777030944824e-02 -1.145978093147277832e+00 4.493264853954315186e-01 1.046986699104309082e+00 -3.410550951957702637e-01 7.435500621795654297e-01 4.608306884765625000e-01 -7.049260139465332031e-01 -4.282895624637603760e-01 -8.233178853988647461e-01 -1.960142850875854492e-01 -5.527051687240600586e-01 2.951056957244873047e+00 3.202121555805206299e-01 -2.067676633596420288e-01 -4.669333994388580322e-01 6.344482302665710449e-01 -1.499829590320587158e-01 -5.000000000000000000e-01 7.663560509681701660e-01 1.000000000000000000e+00
-1.254565596580505371e+00 -1.236477851867675781e+00 -1.427148938179016113e+00 -7.334319353103637695e-01 -6.997070312500000000e-01 1.338078498840332031e+00 -9.636498689651489258e-01 1.046986699104309082e+00 1.564280629158020020e+00 -4.802203923463821411e-02 4.608306884765625000e-01 -7.049260139465332031e-01 -4.282895624637603760e-01 -8.233178853988647461e-01 -1.960142850875854492e-01 -5.527051687240600586e-01 -3.388616144657135010e-01 3.202121555805206299e-01 -2.067676633596420288e-01 -4.669333994388580322e-01 -1.576172709465026855e+00 -1.499829590320587158e-01 -5.000000000000000000e-01 7.663560509681701660e-01 1.000000000000000000e+00
1.132052540779113770e+00 -2.408572286367416382e-01 -5.034279823303222656e-01 4.564693942666053772e-02 1.833169102668762207e+00 -3.179592490196228027e-01 4.493264853954315186e-01 -1.672459244728088379e+00 -3.410550951957702637e-01 -3.998318612575531006e-01 4.608306884765625000e-01 -7.049260139465332031e-01 -4.282895624637603760e-01 1.214597702026367188e+00 -1.960142850875854492e-01 -5.527051687240600586e-01 2.951056957244873047e+00 3.202121555805206299e-01 -2.067676633596420288e-01 -4.669333994388580322e-01 6.344482302665710449e-01 -1.499829590320587158e-01 -5.000000000000000000e-01 7.663560509681701660e-01 1.000000000000000000e+00
3.365131616592407227e-01 -9.046043157577514648e-01 -5.034279823303222656e-01 -7.334319353103637695e-01 -6.648799777030944824e-02 1.338078498840332031e+00 -9.636498689651489258e-01 1.046986699104309082e+00 1.564280629158020020e+00 1.095359802246093750e+00 4.608306884765625000e-01 -7.049260139465332031e-01 2.334868907928466797e+00 -8.233178853988647461e-01 -1.960142850875854492e-01 1.809282779693603516e+00 -3.388616144657135010e-01 3.202121555805206299e-01 -2.067676633596420288e-01 -4.669333994388580322e-01 -1.576172709465026855e+00 -1.499829590320587158e-01 2.000000000000000000e+00 -1.304876565933227539e+00 1.000000000000000000e+00
1.132052540779113770e+00 -2.408572286367416382e-01 1.344014048576354980e+00 -7.688446044921875000e-01 -6.997070312500000000e-01 -1.145978093147277832e+00 -9.636498689651489258e-01 -1.672459244728088379e+00 -3.410550951957702637e-01 -4.877842962741851807e-01 4.608306884765625000e-01 1.027078866958618164e+00 -4.282895624637603760e-01 -8.233178853988647461e-01 -1.960142850875854492e-01 1.809282779693603516e+00 -3.388616144657135010e-01 3.202121555805206299e-01 -2.067676633596420288e-01 -4.669333994388580322e-01 6.344482302665710449e-01 -1.499829590320587158e-01 -5.000000000000000000e-01 7.663560509681701660e-01 1.000000000000000000e+00
1.132052540779113770e+00 -1.236477851867675781e+00 -1.427148938179016113e+00 -5.209559202194213867e-01 5.667310357093811035e-01 1.338078498840332031e+00 4.493264853954315186e-01 1.046986699104309082e+00 -3.410550951957702637e-01 8.315024971961975098e-01 -2.375050544738769531e+00 -7.049260139465332031e-01 2.334868907928466797e+00 -8.233178853988647461e-01 -1.960142850875854492e-01 -5.527051687240600586e-01 -3.388616144657135010e-01 3.202121555805206299e-01 -2.067676633596420288e-01 -4.669333994388580322e-01 6.344482302665710449e-01 -1.499829590320587158e-01 2.000000000000000000e+00 -1.304876565933227539e+00 1.000000000000000000e+00
-4.590262472629547119e-01 -2.408572286367416382e-01 -5.034279823303222656e-01 3.445263862609863281e+00 -6.997070312500000000e-01 -1.973996996879577637e+00 -9.636498689651489258e-01 1.046986699104309082e+00 1.564280629158020020e+00 2.158353179693222046e-01 4.608306884765625000e-01 -7.049260139465332031e-01 -4.282895624637603760e-01 1.214597702026367188e+00 -1.960142850875854492e-01 -5.527051687240600586e-01 2.951056957244873047e+00 3.202121555805206299e-01 -2.067676633596420288e-01 -4.669333994388580322e-01 -1.576172709465026855e+00 -1.499829590320587158e-01 -5.000000000000000000e-01 -1.304876565933227539e+00 1.000000000000000000e+00
1.132052540779113770e+00 -9.046043157577514648e-01 -5.034279823303222656e-01 -4.855432212352752686e-01 -6.997070312500000000e-01 -3.179592490196228027e-01 4.493264853954315186e-01 1.046986699104309082e+00 -3.410550951957702637e-01 2.158353179693222046e-01 4.608306884765625000e-01 -7.049260139465332031e-01 -4.282895624637603760e-01 1.214597702026367188e+00 5.101668834686279297e+00 -5.527051687240600586e-01 -3.388616144657135010e-01 3.202121555805206299e-01 -2.067676633596420288e-01 -4.669333994388580322e-01 6.344482302665710449e-01 -1.499829590320587158e-01 -5.000000000000000000e-01 7.663560509681701660e-01 1.000000000000000000e+00
-1.254565596580505371e+00 1.999289155006408691e+00 -5.034279823303222656e-01 -5.209559202194213867e-01 -6.997070312500000000e-01 -3.179592490196228027e-01 4.493264853954315186e-01 1.046986699104309082e+00 1.564280629158020020e+00 -1.103451490402221680e+00 4.608306884765625000e-01 -7.049260139465332031e-01 -4.282895624637603760e-01 1.214597702026367188e+00 -1.960142850875854492e-01 -5.527051687240600586e-01 -3.388616144657135010e-01 3.202121555805206299e-01 -2.067676633596420288e-01 -4.669333994388580322e-01 -1.576172709465026855e+00 -1.499829590320587158e-01 -5.000000000000000000e-01 7.663560509681701660e-01 1.000000000000000000e+00
3.365131616592407227e-01 2.569530904293060303e-01 -5.034279823303222656e-01 -8.396700024604797363e-01 -6.997070312500000000e-01 5.100595951080322266e-01 4.493264853954315186e-01 1.405047029256820679e-01 1.564280629158020020e+00 2.158353179693222046e-01 -2.375050544738769531e+00 -7.049260139465332031e-01 2.334868907928466797e+00 -8.233178853988647461e-01 -1.960142850875854492e-01 1.809282779693603516e+00 -3.388616144657135010e-01 3.202121555805206299e-01 -2.067676633596420288e-01 -4.669333994388580322e-01 -1.576172709465026855e+00 -1.499829590320587158e-01 -5.000000000000000000e-01 7.663560509681701660e-01 1.000000000000000000e+00
-4.590262472629547119e-01 2.569530904293060303e-01 -5.034279823303222656e-01 2.935356795787811279e-01 -6.997070312500000000e-01 5.100595951080322266e-01 -2.376626253128051758e+00 1.405047029256820679e-01 6.116127967834472656e-01 6.555975675582885742e-01 4.608306884765625000e-01 -7.049260139465332031e-01 -4.282895624637603760e-01 1.214597702026367188e+00 -1.960142850875854492e-01 -5.527051687240600586e-01 -3.388616144657135010e-01 3.202121555805206299e-01 -2.067676633596420288e-01 -4.669333994388580322e-01 6.344482302665710449e-01 -1.499829590320587158e-01 -5.000000000000000000e-01 7.663560509681701660e-01 1.000000000000000000e+00
-1.254565596580505371e+00 -2.408572286367416382e-01 -5.034279823303222656e-01 -2.022417932748794556e-01 1.199950098991394043e+00 -3.179592490196228027e-01 4.493264853954315186e-01 -7.659772634506225586e-01 6.116127967834472656e-01 -6.636891961097717285e-01 4.608306884765625000e-01 -7.049260139465332031e-01 -4.282895624637603760e-01 -8.233178853988647461e-01 -1.960142850875854492e-01 -5.527051687240600586e-01 -3.388616144657135010e-01 3.202121555805206299e-01 -2.067676633596420288e-01 -4.669333994388580322e-01 6.344482302665710449e-01 -1.499829590320587158e-01 -5.000000000000000000e-01 7.663560509681701660e-01 1.000000000000000000e+00
-4.590262472629547119e-01 -7.386675477027893066e-01 -5.034279823303222656e-01 -6.271939277648925781e-01 1.833169102668762207e+00 -3.179592490196228027e-01 1.862302780151367188e+00 -1.672459244728088379e+00 -1.293722987174987793e+00 -9.275465607643127441e-01 4.608306884765625000e-01 -7.049260139465332031e-01 -4.282895624637603760e-01 1.214597702026367188e+00 -1.960142850875854492e-01 -5.527051687240600586e-01 -3.388616144657135010e-01 3.202121555805206299e-01 -2.067676633596420288e-01 -4.669333994388580322e-01 6.344482302665710449e-01 -1.499829590320587158e-01 -5.000000000000000000e-01 7.663560509681701660e-01 1.000000000000000000e+00
-4.590262472629547119e-01 -7.386675477027893066e-01 -5.034279823303222656e-01 1.143439888954162598e+00 1.833169102668762207e+00 -1.973996996879577637e+00 4.493264853954315186e-01 -1.672459244728088379e+00 1.564280629158020020e+00 1.447169661521911621e+00 4.608306884765625000e-01 -7.049260139465332031e-01 -4.282895624637603760e-01 1.214597702026367188e+00 -1.960142850875854492e-01 -5.527051687240600586e-01 -3.388616144657135010e-01 3.202121555805206299e-01 -2.067676633596420288e-01 -4.669333994388580322e-01 6.344482302665710449e-01 -1.499829590320587158e-01 -5.000000000000000000e-01 -1.304876565933227539e+00 1.000000000000000000e+00
3.365131616592407227e-01 -4.897623956203460693e-01 1.344014048576354980e+00 -3.084798157215118408e-01 5.667310357093811035e-01 -3.179592490196228027e-01 4.493264853954315186e-01 -7.659772634506225586e-01 6.116127967834472656e-01 3.993041440844535828e-02 4.608306884765625000e-01 -7.049260139465332031e-01 -4.282895624637603760e-01 1.214597702026367188e+00 -1.960142850875854492e-01 -5.527051687240600586e-01 2.951056957244873047e+00 3.202121555805206299e-01 -2.067676633596420288e-01 -4.669333994388580322e-01 6.344482302665710449e-01 -1.499829590320587158e-01 -5.000000000000000000e-01 7.663560509681701660e-01 1.000000000000000000e+00
-4.590262472629547119e-01 2.569530904293060303e-01 1.344014048576354980e+00 -5.563685894012451172e-01 -6.997070312500000000e-01 1.338078498840332031e+00 4.493264853954315186e-01 -7.659772634506225586e-01 -3.410550951957702637e-01 1.095359802246093750e+00 4.608306884765625000e-01 1.027078866958618164e+00 -4.282895624637603760e-01 -8.233178853988647461e-01 -1.960142850875854492e-01 -5.527051687240600586e-01 -3.388616144657135010e-01 3.202121555805206299e-01 -2.067676633596420288e-01 -4.669333994388580322e-01 6.344482302665710449e-01 -1.499829590320587158e-01 2.000000000000000000e+00 -1.304876565933227539e+00 1.000000000000000000e+00
1.132052540779113770e+00 -2.408572286367416382e-01 -5.034279823303222656e-01 -4.501305520534515381e-01 -6.997070312500000000e-01 -3.179592490196228027e-01 4.493264853954315186e-01 1.046986699104309082e+00 1.564280629158020020e+00 1.007407426834106445e+00 -2.375050544738769531e+00 1.027078866958618164e+00 -4.282895624637603760e-01 -8.233178853988647461e-01 -1.960142850875854492e-01 -5.527051687240600586e-01 -3.388616144657135010e-01 3.202121555805206299e-01 -2.067676633596420288e-01 -4.669333994388580322e-01 -1.576172709465026855e+00 -1.499829590320587158e-01 -5.000000000000000000e-01 7.663560509681701660e-01 1.000000000000000000e+00
1.132052540779113770e+00 -7.386675477027893066e-01 -5.034279823303222656e-01 -9.104953408241271973e-01 -6.997070312500000000e-01 1.338078498840332031e+00 4.493264853954315186e-01 1.046986699104309082e+00 6.116127967834472656e-01 4.796926975250244141e-01 -2.375050544738769531e+00 -7.049260139465332031e-01 2.334868907928466797e+00 -8.233178853988647461e-01 -1.960142850875854492e-01 -5.527051687240600586e-01 -3.388616144657135010e-01 3.202121555805206299e-01 -2.067676633596420288e-01 -4.669333994388580322e-01 6.344482302665710449e-01 -1.499829590320587158e-01 2.000000000000000000e+00 -1.304876565933227539e+00 1.000000000000000000e+00
1.132052540779113770e+00 -7.386675477027893066e-01 1.344014048576354980e+00 -8.396700024604797363e-01 -6.997070312500000000e-01 -1.973996996879577637e+00 -9.636498689651489258e-01 -7.659772634506225586e-01 -3.410550951957702637e-01 2.158353179693222046e-01 4.608306884765625000e-01 -7.049260139465332031e-01 -4.282895624637603760e-01 -8.233178853988647461e-01 -1.960142850875854492e-01 1.809282779693603516e+00 -3.388616144657135010e-01 3.202121555805206299e-01 -2.067676633596420288e-01 -4.669333994388580322e-01 6.344482302665710449e-01 6.667424201965332031e+00 -5.000000000000000000e-01 -1.304876565933227539e+00 1.000000000000000000e+00
1.132052540779113770e+00 5.058582425117492676e-01 4.202930629253387451e-01 1.887106180191040039e+00 1.199950098991394043e+00 -3.179592490196228027e-01 4.493264853954315186e-01 -7.659772634506225586e-01 6.116127967834472656e-01 -7.516416907310485840e-01 4.608306884765625000e-01 1.027078866958618164e+00 -4.282895624637603760e-01 -8.233178853988647461e-01 -1.960142850875854492e-01 -5.527051687240600586e-01 2.951056957244873047e+00 3.202121555805206299e-01 -2.067676633596420288e-01 -4.669333994388580322e-01 6.344482302665710449e-01 -1.499829590320587158e-01 -5.000000000000000000e-01 7.663560509681701660e-01 1.000000000000000000e+00
-1.254565596580505371e+00 1.750384092330932617e+00 -5.034279823303222656e-01 1.391328692436218262e+00 1.833169102668762207e+00 5.100595951080322266e-01 -9.636498689651489258e-01 1.405047029256820679e-01 6.116127967834472656e-01 -4.877842962741851807e-01 4.608306884765625000e-01 -7.049260139465332031e-01 -4.282895624637603760e-01 1.214597702026367188e+00 -1.960142850875854492e-01 -5.527051687240600586e-01 -3.388616144657135010e-01 3.202121555805206299e-01 -2.067676633596420288e-01 -4.669333994388580322e-01 6.344482302665710449e-01 -1.499829590320587158e-01 -5.000000000000000000e-01 -1.304876565933227539e+00 1.000000000000000000e+00
-4.590262472629547119e-01 2.248194456100463867e+00 -5.034279823303222656e-01 2.382883548736572266e+00 -6.997070312500000000e-01 -1.145978093147277832e+00 -9.636498689651489258e-01 -7.659772634506225586e-01 6.116127967834472656e-01 -8.395941257476806641e-01 4.608306884765625000e-01 -7.049260139465332031e-01 -4.282895624637603760e-01 1.214597702026367188e+00 -1.960142850875854492e-01 -5.527051687240600586e-01 -3.388616144657135010e-01 3.202121555805206299e-01 -2.067676633596420288e-01 -4.669333994388580322e-01 6.344482302665710449e-01 -1.499829590320587158e-01 -5.000000000000000000e-01 7.663560509681701660e-01 1.000000000000000000e+00
-1.254565596580505371e+00 2.248194456100463867e+00 -5.034279823303222656e-01 2.227103263139724731e-01 -6.997070312500000000e-01 5.100595951080322266e-01 4.493264853954315186e-01 1.046986699104309082e+00 1.564280629158020020e+00 9.194549322128295898e-01 4.608306884765625000e-01 -7.049260139465332031e-01 2.334868907928466797e+00 -8.233178853988647461e-01 -1.960142850875854492e-01 1.809282779693603516e+00 -3.388616144657135010e-01 3.202121555805206299e-01 -2.067676633596420288e-01 -4.669333994388580322e-01 -1.576172709465026855e+00 -1.499829590320587158e-01 -5.000000000000000000e-01 7.663560509681701660e-01 1.000000000000000000e+00
1.132052540779113770e+00 2.569530904293060303e-01 1.344014048576354980e+00 -6.271939277648925781e-01 1.199950098991394043e+00 -3.179592490196228027e-01 -9.636498689651489258e-01 -1.672459244728088379e+00 -1.293722987174987793e+00 6.555975675582885742e-01 4.608306884765625000e-01 1.027078866958618164e+00 -4.282895624637603760e-01 -8.233178853988647461e-01 -1.960142850875854492e-01 -5.527051687240600586e-01 -3.388616144657135010e-01 3.202121555805206299e-01 -2.067676633596420288e-01 -4.669333994388580322e-01 6.344482302665710449e-01 -1.499829590320587158e-01 2.000000000000000000e+00 -1.304876565933227539e+00 1.000000000000000000e+00
-4.590262472629547119e-01 -9.875727295875549316e-01 -5.034279823303222656e-01 -8.396700024604797363e-01 -6.997070312500000000e-01 -3.179592490196228027e-01 -9.636498689651489258e-01 -1.672459244728088379e+00 -3.410550951957702637e-01 -4.877842962741851807e-01 4.608306884765625000e-01 -7.049260139465332031e-01 -4.282895624637603760e-01 -8.233178853988647461e-01 -1.960142850875854492e-01 -5.527051687240600586e-01 -3.388616144657135010e-01 3.202121555805206299e-01 -2.067676633596420288e-01 -4.669333994388580322e-01 6.344482302665710449e-01 -1.499829590320587158e-01 -5.000000000000000000e-01 7.663560509681701660e-01 1.000000000000000000e+00
1.132052540779113770e+00 1.252573728561401367e+00 1.344014048576354980e+00 1.178852558135986328e+00 -6.997070312500000000e-01 1.338078498840332031e+00 4.493264853954315186e-01 1.046986699104309082e+00 6.116127967834472656e-01 -1.359744966030120850e-01 4.608306884765625000e-01 1.027078866958618164e+00 -4.282895624637603760e-01 1.214597702026367188e+00 -1.960142850875854492e-01 1.809282779693603516e+00 -3.388616144657135010e-01 3.202121555805206299e-01 -2.067676633596420288e-01 -4.669333994388580322e-01 6.344482302665710449e-01 -1.499829590320587158e-01 -5.000000000000000000e-01 -1.304876565933227539e+00 1.000000000000000000e+00
1.132052540779113770e+00 -9.875727295875549316e-01 1.344014048576354980e+00 -3.084798157215118408e-01 -6.997070312500000000e-01 -1.973996996879577637e+00 4.493264853954315186e-01 1.405047029256820679e-01 6.116127967834472656e-01 -3.998318612575531006e-01 4.608306884765625000e-01 -7.049260139465332031e-01 -4.282895624637603760e-01 -8.233178853988647461e-01 -1.960142850875854492e-01 -5.527051687240600586e-01 -3.388616144657135010e-01 3.202121555805206299e-01 -2.067676633596420288e-01 -4.669333994388580322e-01 6.344482302665710449e-01 -1.499829590320587158e-01 -5.000000000000000000e-01 -1.304876565933227539e+00 1.000000000000000000e+00
-1.254565596580505371e+00 -7.386675477027893066e-01 1.344014048576354980e+00 -3.793051838874816895e-01 -6.997070312500000000e-01 1.338078498840332031e+00 4.493264853954315186e-01 1.405047029256820679e-01 -3.410550951957702637e-01 2.150789260864257812e+00 4.608306884765625000e-01 1.027078866958618164e+00 -4.282895624637603760e-01 -8.233178853988647461e-01 -1.960142850875854492e-01 -5.527051687240600586e-01 -3.388616144657135010e-01 3.202121555805206299e-01 -2.067676633596420288e-01 -4.669333994388580322e-01 6.344482302665710449e-01 -1.499829590320587158e-01 -5.000000000000000000e-01 7.663560509681701660e-01 1.000000000000000000e+00
1.132052540779113770e+00 -9.875727295875549316e-01 -5.034279823303222656e-01 -1.668291240930557251e-01 -6.648799777030944824e-02 1.338078498840332031e+00 4.493264853954315186e-01 1.046986699104309082e+00 6.116127967834472656e-01 -4.802203923463821411e-02 4.608306884765625000e-01 -7.049260139465332031e-01 -4.282895624637603760e-01 1.214597702026367188e+00 -1.960142850875854492e-01 -5.527051687240600586e-01 -3.388616144657135010e-01 -3.122929334640502930e+00 4.836346149444580078e+00 -4.669333994388580322e-01 6.344482302665710449e-01 -1.499829590320587158e-01 -5.000000000000000000e-01 7.663560509681701660e-01 1.000000000000000000e+00
-4.590262472629547119e-01 -7.386675477027893066e-01 1.344014048576354980e+00 1.164722964167594910e-01 -6.997070312500000000e-01 -3.179592490196228027e-01 -9.636498689651489258e-01 -1.672459244728088379e+00 -1.293722987174987793e+00 -1.103451490402221680e+00 4.608306884765625000e-01 -7.049260139465332031e-01 -4.282895624637603760e-01 -8.233178853988647461e-01 -1.960142850875854492e-01 -5.527051687240600586e-01 -3.388616144657135010e-01 3.202121555805206299e-01 -2.067676633596420288e-01 -4.669333994388580322e-01 6.344482302665710449e-01 -1.499829590320587158e-01 2.000000000000000000e+00 -1.304876565933227539e+00 1.000000000000000000e+00
-1.254565596580505371e+00 1.750384092330932617e+00 -5.034279823303222656e-01 1.639217376708984375e+00 -6.997070312500000000e-01 5.100595951080322266e-01 4.493264853954315186e-01 1.046986699104309082e+00 -3.410550951957702637e-01 8.315024971961975098e-01 4.608306884765625000e-01 -7.049260139465332031e-01 2.334868907928466797e+00 -8.233178853988647461e-01 -1.960142850875854492e-01 -5.527051687240600586e-01 -3.388616144657135010e-01 -3.122929334640502930e+00 -2.067676633596420288e-01 -4.669333994388580322e-01 -1.576172709465026855e+00 -1.499829590320587158e-01 -5.000000000000000000e-01 7.663560509681701660e-01 1.000000000000000000e+00
-1.254565596580505371e+00 -2.408572286367416382e-01 -5.034279823303222656e-01 -7.334319353103637695e-01 -6.997070312500000000e-01 -1.145978093147277832e+00 -9.636498689651489258e-01 1.405047029256820679e-01 6.116127967834472656e-01 -1.103451490402221680e+00 4.608306884765625000e-01 -7.049260139465332031e-01 -4.282895624637603760e-01 1.214597702026367188e+00 -1.960142850875854492e-01 1.809282779693603516e+00 -3.388616144657135010e-01 3.202121555805206299e-01 -2.067676633596420288e-01 2.141633033752441406e+00 -1.576172709465026855e+00 -1.499829590320587158e-01 -5.000000000000000000e-01 7.663560509681701660e-01 1.000000000000000000e+00
-4.590262472629547119e-01 -7.386675477027893066e-01 1.344014048576354980e+00 -4.501305520534515381e-01 -6.648799777030944824e-02 -1.145978093147277832e+00 4.493264853954315186e-01 -1.672459244728088379e+00 6.116127967834472656e-01 -7.516416907310485840e-01 4.608306884765625000e-01 -7.049260139465332031e-01 -4.282895624637603760e-01 -8.233178853988647461e-01 -1.960142850875854492e-01 1.809282779693603516e+00 -3.388616144657135010e-01 3.202121555805206299e-01 -2.067676633596420288e-01 -4.669333994388580322e-01 6.344482302665710449e-01 -1.499829590320587158e-01 -5.000000000000000000e-01 7.663560509681701660e-01 1.000000000000000000e+00
-1.254565596580505371e+00 1.252573728561401367e+00 -5.034279823303222656e-01 1.745455384254455566e+00 -6.997070312500000000e-01 -3.179592490196228027e-01 4.493264853954315186e-01 -7.659772634506225586e-01 -3.410550951957702637e-01 -8.395941257476806641e-01 4.608306884765625000e-01 -7.049260139465332031e-01 2.334868907928466797e+00 -8.233178853988647461e-01 -1.960142850875854492e-01 -5.527051687240600586e-01 2.951056957244873047e+00 3.202121555805206299e-01 -2.067676633596420288e-01 -4.669333994388580322e-01 6.344482302665710449e-01 -1.499829590320587158e-01 -5.000000000000000000e-01 7.663560509681701660e-01 1.000000000000000000e+00
1.132052540779113770e+00 1.252573728561401367e+00 4.202930629253387451e-01 2.241232872009277344e+00 -6.997070312500000000e-01 -1.145978093147277832e+00 -2.376626253128051758e+00 -1.672459244728088379e+00 6.116127967834472656e-01 -6.636891961097717285e-01 4.608306884765625000e-01 1.027078866958618164e+00 -4.282895624637603760e-01 -8.233178853988647461e-01 -1.960142850875854492e-01 -5.527051687240600586e-01 -3.388616144657135010e-01 3.202121555805206299e-01 -2.067676633596420288e-01 -4.669333994388580322e-01 6.344482302665710449e-01 -1.499829590320587158e-01 -5.000000000000000000e-01 7.663560509681701660e-01 1.000000000000000000e+00
-1.254565596580505371e+00 -7.386675477027893066e-01 -5.034279823303222656e-01 -9.104953408241271973e-01 -6.997070312500000000e-01 1.338078498840332031e+00 -9.636498689651489258e-01 1.046986699104309082e+00 -3.410550951957702637e-01 -1.015498995780944824e+00 4.608306884765625000e-01 -7.049260139465332031e-01 -4.282895624637603760e-01 -8.233178853988647461e-01 -1.960142850875854492e-01 -5.527051687240600586e-01 -3.388616144657135010e-01 3.202121555805206299e-01 -2.067676633596420288e-01 2.141633033752441406e+00 -1.576172709465026855e+00 -1.499829590320587158e-01 -5.000000000000000000e-01 7.663560509681701660e-01 1.000000000000000000e+00
-4.590262472629547119e-01 -7.386675477027893066e-01 -5.034279823303222656e-01 -7.688446044921875000e-01 -6.997070312500000000e-01 -3.179592490196228027e-01 -9.636498689651489258e-01 1.046986699104309082e+00 -1.293722987174987793e+00 1.183312296867370605e+00 4.608306884765625000e-01 1.027078866958618164e+00 -4.282895624637603760e-01 1.214597702026367188e+00 -1.960142850875854492e-01 -5.527051687240600586e-01 -3.388616144657135010e-01 -3.122929334640502930e+00 -2.067676633596420288e-01 -4.669333994388580322e-01 6.344482302665710449e-01 -1.499829590320587158e-01 -5.000000000000000000e-01 7.663560509681701660e-01 1.000000000000000000e+00
-1.254565596580505371e+00 -4.067940115928649902e-01 1.344014048576354980e+00 -2.376544773578643799e-01 -6.997070312500000000e-01 1.338078498840332031e+00 4.493264853954315186e-01 1.046986699104309082e+00 -3.410550951957702637e-01 6.555975675582885742e-01 -2.375050544738769531e+00 -7.049260139465332031e-01 -4.282895624637603760e-01 1.214597702026367188e+00 -1.960142850875854492e-01 1.809282779693603516e+00 -3.388616144657135010e-01 -3.122929334640502930e+00 -2.067676633596420288e-01 2.141633033752441406e+00 -1.576172709465026855e+00 -1.499829590320587158e-01 -5.000000000000000000e-01 7.663560509681701660e-01 1.000000000000000000e+00
1.132052540779113770e+00 -7.386675477027893066e-01 -5.034279823303222656e-01 -4.501305520534515381e-01 -6.997070312500000000e-01 5.100595951080322266e-01 4.493264853954315186e-01 -7.659772634506225586e-01 6.116127967834472656e-01 -3.998318612575531006e-01 4.608306884765625000e-01 1.027078866958618164e+00 2.334868907928466797e+00 1.214597702026367188e+00 -1.960142850875854492e-01 -5.527051687240600586e-01 -3.388616144657135010e-01 3.202121555805206299e-01 -2.067676633596420288e-01 2.141633033752441406e+00 -1.576172709465026855e+00 -1.499829590320587158e-01 -5.000000000000000000e-01 -1.304876565933227539e+00 1.000000000000000000e+00
-1.254565596580505371e+00 -9.046043157577514648e-01 1.344014048576354980e+00 -4.147178530693054199e-01 1.833169102668762207e+00 -1.145978093147277832e+00 -9.636498689651489258e-01 1.405047029256820679e-01 -1.293722987174987793e+00 -7.516416907310485840e-01 4.608306884765625000e-01 1.027078866958618164e+00 -4.282895624637603760e-01 -8.233178853988647461e-01 5.101668834686279297e+00 -5.527051687240600586e-01 -3.388616144657135010e-01 -3.122929334640502930e+00 4.836346149444580078e+00 2.141633033752441406e+00 -1.576172709465026855e+00 -1.499829590320587158e-01 -5.000000000000000000e-01 7.663560509681701660e-01 1.000000000000000000e+00
1.132052540779113770e+00 -2.408572286367416382e-01 1.344014048576354980e+00 -4.855432212352752686e-01 -6.648799777030944824e-02 -3.179592490196228027e-01 -9.636498689651489258e-01 -7.659772634506225586e-01 -1.293722987174987793e+00 -4.877842962741851807e-01 4.608306884765625000e-01 1.027078866958618164e+00 -4.282895624637603760e-01 -8.233178853988647461e-01 -1.960142850875854492e-01 -5.527051687240600586e-01 -3.388616144657135010e-01 3.202121555805206299e-01 -2.067676633596420288e-01 -4.669333994388580322e-01 6.344482302665710449e-01 -1.499829590320587158e-01 -5.000000000000000000e-01 7.663560509681701660e-01 1.000000000000000000e+00
1.132052540779113770e+00 7.547634243965148926e-01 1.344014048576354980e+00 8.955512046813964844e-01 -6.997070312500000000e-01 5.100595951080322266e-01 -9.636498689651489258e-01 -7.659772634506225586e-01 6.116127967834472656e-01 -9.275465607643127441e-01 4.608306884765625000e-01 1.027078866958618164e+00 -4.282895624637603760e-01 -8.233178853988647461e-01 -1.960142850875854492e-01 -5.527051687240600586e-01 -3.388616144657135010e-01 3.202121555805206299e-01 -2.067676633596420288e-01 -4.669333994388580322e-01 6.344482302665710449e-01 -1.499829590320587158e-01 -5.000000000000000000e-01 7.663560509681701660e-01 1.000000000000000000e+00
1.132052540779113770e+00 7.547634243965148926e-01 -5.034279823303222656e-01 -4.855432212352752686e-01 1.833169102668762207e+00 1.338078498840332031e+00 4.493264853954315186e-01 1.046986699104309082e+00 6.116127967834472656e-01 1.974884390830993652e+00 4.608306884765625000e-01 -7.049260139465332031e-01 -4.282895624637603760e-01 1.214597702026367188e+00 -1.960142850875854492e-01 -5.527051687240600586e-01 -3.388616144657135010e-01 3.202121555805206299e-01 -2.067676633596420288e-01 -4.669333994388580322e-01 6.344482302665710449e-01 -1.499829590320587158e-01 -5.000000000000000000e-01 7.663560509681701660e-01 1.000000000000000000e+00
1.132052540779113770e+00 -4.897623956203460693e-01 4.202930629253387451e-01 -8.042573332786560059e-01 1.199950098991394043e+00 5.100595951080322266e-01 -9.636498689651489258e-01 -7.659772634506225586e-01 -3.410550951957702637e-01 -4.877842962741851807e-01 4.608306884765625000e-01 1.027078866958618164e+00 -4.282895624637603760e-01 -8.233178853988647461e-01 -1.960142850875854492e-01 -5.527051687240600586e-01 -3.388616144657135010e-01 3.202121555805206299e-01 -2.067676633596420288e-01 -4.669333994388580322e-01 6.344482302665710449e-01 -1.499829590320587158e-01 -5.000000000000000000e-01 7.663560509681701660e-01 1.000000000000000000e+00
1.132052540779113770e+00 -7.386675477027893066e-01 -5.034279823303222656e-01 -8.750826716423034668e-01 -6.997070312500000000e-01 1.338078498840332031e+00 4.493264853954315186e-01 1.046986699104309082e+00 6.116127967834472656e-01 2.158353179693222046e-01 4.608306884765625000e-01 -7.049260139465332031e-01 -4.282895624637603760e-01 -8.233178853988647461e-01 -1.960142850875854492e-01 -5.527051687240600586e-01 -3.388616144657135010e-01 3.202121555805206299e-01 -2.067676633596420288e-01 -4.669333994388580322e-01 6.344482302665710449e-01 -1.499829590320587158e-01 -5.000000000000000000e-01 7.663560509681701660e-01 1.000000000000000000e+00
-4.590262472629547119e-01 -9.875727295875549316e-01 1.344014048576354980e+00 -7.688446044921875000e-01 1.199950098991394043e+00 1.338078498840332031e+00 4.493264853954315186e-01 1.405047029256820679e-01 1.564280629158020020e+00 -3.118793964385986328e-01 4.608306884765625000e-01 1.027078866958618164e+00 2.334868907928466797e+00 -8.233178853988647461e-01 -1.960142850875854492e-01 -5.527051687240600586e-01 -3.388616144657135010e-01 3.202121555805206299e-01 -2.067676633596420288e-01 -4.669333994388580322e-01 -1.576172709465026855e+00 -1.499829590320587158e-01 -5.000000000000000000e-01 7.663560509681701660e-01 1.000000000000000000e+00
1.132052540779113770e+00 2.569530904293060303e-01 -5.034279823303222656e-01 1.164722964167594910e-01 -6.648799777030944824e-02 1.338078498840332031e+00 4.493264853954315186e-01 1.046986699104309082e+00 6.116127967834472656e-01 -3.998318612575531006e-01 4.608306884765625000e-01 1.027078866958618164e+00 -4.282895624637603760e-01 -8.233178853988647461e-01 -1.960142850875854492e-01 -5.527051687240600586e-01 -3.388616144657135010e-01 3.202121555805206299e-01 -2.067676633596420288e-01 -4.669333994388580322e-01 6.344482302665710449e-01 -1.499829590320587158e-01 -5.000000000000000000e-01 7.663560509681701660e-01 1.000000000000000000e+00
-4.590262472629547119e-01 -7.386675477027893066e-01 -5.034279823303222656e-01 -8.396700024604797363e-01 -6.997070312500000000e-01 1.338078498840332031e+00 4.493264853954315186e-01 1.046986699104309082e+00 6.116127967834472656e-01 4.796926975250244141e-01 -2.375050544738769531e+00 -7.049260139465332031e-01 2.334868907928466797e+00 -8.233178853988647461e-01 -1.960142850875854492e-01 1.809282779693603516e+00 -3.388616144657135010e-01 3.202121555805206299e-01 -2.067676633596420288e-01 -4.669333994388580322e-01 6.344482302665710449e-01 -1.499829590320587158e-01 2.000000000000000000e+00 -1.304876565933227539e+00 1.000000000000000000e+00
1.132052540779113770e+00 -1.236477851867675781e+00 1.344014048576354980e+00 -1.087558746337890625e+00 1.199950098991394043e+00 -3.179592490196228027e-01 -9.636498689651489258e-01 -7.659772634506225586e-01 -1.293722987174987793e+00 4.796926975250244141e-01 -2.375050544738769531e+00 1.027078866958618164e+00 -4.282895624637603760e-01 -8.233178853988647461e-01 -1.960142850875854492e-01 1.809282779693603516e+00 -3.388616144657135010e-01 3.202121555805206299e-01 -2.067676633596420288e-01 -4.669333994388580322e-01 6.344482302665710449e-01 -1.499829590320587158e-01 2.000000000000000000e+00 -1.304876565933227539e+00 1.000000000000000000e+00
-4.590262472629547119e-01 -1.236477851867675781e+00 -5.034279823303222656e-01 -9.813206791877746582e-01 -6.997070312500000000e-01 5.100595951080322266e-01 1.862302780151367188e+00 1.405047029256820679e-01 -1.293722987174987793e+00 -6.636891961097717285e-01 -2.375050544738769531e+00 -7.049260139465332031e-01 -4.282895624637603760e-01 -8.233178853988647461e-01 -1.960142850875854492e-01 -5.527051687240600586e-01 -3.388616144657135010e-01 -3.122929334640502930e+00 -2.067676633596420288e-01 -4.669333994388580322e-01 6.344482302665710449e-01 -1.499829590320587158e-01 2.000000000000000000e+00 -1.304876565933227539e+00 1.000000000000000000e+00
1.132052540779113770e+00 5.058582425117492676e-01 1.344014048576354980e+00 4.351863861083984375e-01 1.199950098991394043e+00 -1.145978093147277832e+00 4.493264853954315186e-01 -7.659772634506225586e-01 -1.293722987174987793e+00 -3.118793964385986328e-01 -9.571098685264587402e-01 1.027078866958618164e+00 2.334868907928466797e+00 1.214597702026367188e+00 -1.960142850875854492e-01 -5.527051687240600586e-01 -3.388616144657135010e-01 3.202121555805206299e-01 -2.067676633596420288e-01 -4.669333994388580322e-01 6.344482302665710449e-01 -1.499829590320587158e-01 2.000000000000000000e+00 -1.304876565933227539e+00 1.000000000000000000e+00
-4.590262472629547119e-01 -4.897623956203460693e-01 -5.034279823303222656e-01 -6.980192661285400391e-01 -6.997070312500000000e-01 1.338078498840332031e+00 4.493264853954315186e-01 1.046986699104309082e+00 6.116127967834472656e-01 2.158353179693222046e-01 4.608306884765625000e-01 1.027078866958618164e+00 -4.282895624637603760e-01 -8.233178853988647461e-01 -1.960142850875854492e-01 -5.527051687240600586e-01 -3.388616144657135010e-01 3.202121555805206299e-01 -2.067676633596420288e-01 -4.669333994388580322e-01 6.344482302665710449e-01 -1.499829590320587158e-01 2.000000000000000000e+00 -1.304876565933227539e+00 1.000000000000000000e+00
-4.590262472629547119e-01 -9.875727295875549316e-01 -5.034279823303222656e-01 -6.626065969467163086e-01 -6.997070312500000000e-01 -3.179592490196228027e-01 1.862302780151367188e+00 -1.672459244728088379e+00 -1.293722987174987793e+00 -7.516416907310485840e-01 -2.375050544738769531e+00 -7.049260139465332031e-01 -4.282895624637603760e-01 1.214597702026367188e+00 -1.960142850875854492e-01 -5.527051687240600586e-01 -3.388616144657135010e-01 3.202121555805206299e-01 -2.067676633596420288e-01 -4.669333994388580322e-01 6.344482302665710449e-01 -1.499829590320587158e-01 -5.000000000000000000e-01 7.663560509681701660e-01 1.000000000000000000e+00
-4.590262472629547119e-01 -4.897623956203460693e-01 -1.427148938179016113e+00 1.249678015708923340e+00 -6.648799777030944824e-02 -1.973996996879577637e+00 4.493264853954315186e-01 -7.659772634506225586e-01 -3.410550951957702637e-01 -1.359744966030120850e-01 4.608306884765625000e-01 -7.049260139465332031e-01 2.334868907928466797e+00 1.214597702026367188e+00 -1.960142850875854492e-01 1.809282779693603516e+00 -3.388616144657135010e-01 3.202121555805206299e-01 -2.067676633596420288e-01 -4.669333994388580322e-01 6.344482302665710449e-01 -1.499829590320587158e-01 -5.000000000000000000e-01 -1.304876565933227539e+00 1.000000000000000000e+00
-4.590262472629547119e-01 3.243814945220947266e+00 -5.034279823303222656e-01 1.072614550590515137e+00 -6.997070312500000000e-01 -3.179592490196228027e-01 4.493264853954315186e-01 1.046986699104309082e+00 1.564280629158020020e+00 5.676451325416564941e-01 4.608306884765625000e-01 -7.049260139465332031e-01 -4.282895624637603760e-01 -8.233178853988647461e-01 -1.960142850875854492e-01 -5.527051687240600586e-01 -3.388616144657135010e-01 3.202121555805206299e-01 -2.067676633596420288e-01 -4.669333994388580322e-01 -1.576172709465026855e+00 -1.499829590320587158e-01 -5.000000000000000000e-01 7.663560509681701660e-01 1.000000000000000000e+00
-4.590262472629547119e-01 -7.386675477027893066e-01 -5.034279823303222656e-01 -4.501305520534515381e-01 -6.997070312500000000e-01 5.100595951080322266e-01 4.493264853954315186e-01 1.046986699104309082e+00 -3.410550951957702637e-01 -4.877842962741851807e-01 4.608306884765625000e-01 -7.049260139465332031e-01 2.334868907928466797e+00 1.214597702026367188e+00 -1.960142850875854492e-01 1.809282779693603516e+00 -3.388616144657135010e-01 3.202121555805206299e-01 -2.067676633596420288e-01 2.141633033752441406e+00 -1.576172709465026855e+00 -1.499829590320587158e-01 -5.000000000000000000e-01 7.663560509681701660e-01 1.000000000000000000e+00
-4.590262472629547119e-01 -1.236477851867675781e+00 -1.427148938179016113e+00 -8.396700024604797363e-01 -6.648799777030944824e-02 -1.145978093147277832e+00 -9.636498689651489258e-01 -1.672459244728088379e+00 -3.410550951957702637e-01 -3.118793964385986328e-01 -9.571098685264587402e-01 -7.049260139465332031e-01 -4.282895624637603760e-01 -8.233178853988647461e-01 -1.960142850875854492e-01 1.809282779693603516e+00 -3.388616144657135010e-01 3.202121555805206299e-01 -2.067676633596420288e-01 -4.669333994388580322e-01 6.344482302665710449e-01 -1.499829590320587158e-01 2.000000000000000000e+00 -1.304876565933227539e+00 1.000000000000000000e+00
-4.590262472629547119e-01 -7.386675477027893066e-01 -5.034279823303222656e-01 -8.750826716423034668e-01 -6.648799777030944824e-02 5.100595951080322266e-01 -9.636498689651489258e-01 1.046986699104309082e+00 -1.293722987174987793e+00 -1.103451490402221680e+00 4.608306884765625000e-01 -7.049260139465332031e-01 -4.282895624637603760e-01 -8.233178853988647461e-01 -1.960142850875854492e-01 -5.527051687240600586e-01 -3.388616144657135010e-01 3.202121555805206299e-01 -2.067676633596420288e-01 2.141633033752441406e+00 -1.576172709465026855e+00 -1.499829590320587158e-01 2.000000000000000000e+00 -1.304876565933227539e+00 1.000000000000000000e+00
-4.590262472629547119e-01 -2.408572286367416382e-01 -5.034279823303222656e-01 -6.980192661285400391e-01 -6.997070312500000000e-01 1.338078498840332031e+00 1.862302780151367188e+00 -7.659772634506225586e-01 -1.293722987174987793e+00 -3.118793964385986328e-01 4.608306884765625000e-01 -7.049260139465332031e-01 -4.282895624637603760e-01 -8.233178853988647461e-01 -1.960142850875854492e-01 -5.527051687240600586e-01 -3.388616144657135010e-01 -3.122929334640502930e+00 -2.067676633596420288e-01 -4.669333994388580322e-01 6.344482302665710449e-01 -1.499829590320587158e-01 2.000000000000000000e+00 -1.304876565933227539e+00 1.000000000000000000e+00
-4.590262472629547119e-01 -7.386675477027893066e-01 -5.034279823303222656e-01 -6.980192661285400391e-01 -6.997070312500000000e-01 -1.145978093147277832e+00 4.493264853954315186e-01 -1.672459244728088379e+00 6.116127967834472656e-01 -1.191403985023498535e+00 -9.571098685264587402e-01 -7.049260139465332031e-01 -4.282895624637603760e-01 -8.233178853988647461e-01 -1.960142850875854492e-01 -5.527051687240600586e-01 -3.388616144657135010e-01 3.202121555805206299e-01 -2.067676633596420288e-01 -4.669333994388580322e-01 6.344482302665710449e-01 -1.499829590320587158e-01 -5.000000000000000000e-01 7.663560509681701660e-01 1.000000000000000000e+00
-4.590262472629547119e-01 2.569530904293060303e-01 -2.350869894027709961e+00 3.289483487606048584e-01 -6.997070312500000000e-01 -3.179592490196228027e-01 4.493264853954315186e-01 1.046986699104309082e+00 -1.293722987174987793e+00 3.993041440844535828e-02 4.608306884765625000e-01 2.759083747863769531e+00 -4.282895624637603760e-01 1.214597702026367188e+00 -1.960142850875854492e-01 -5.527051687240600586e-01 -3.388616144657135010e-01 3.202121555805206299e-01 -2.067676633596420288e-01 -4.669333994388580322e-01 6.344482302665710449e-01 -1.499829590320587158e-01 2.000000000000000000e+00 -1.304876565933227539e+00 1.000000000000000000e+00
1.132052540779113770e+00 -9.046043157577514648e-01 -5.034279823303222656e-01 -6.626065969467163086e-01 -6.997070312500000000e-01 -3.179592490196228027e-01 -9.636498689651489258e-01 1.046986699104309082e+00 6.116127967834472656e-01 2.502599239349365234e+00 4.608306884765625000e-01 -7.049260139465332031e-01 -4.282895624637603760e-01 1.214597702026367188e+00 -1.960142850875854492e-01 1.809282779693603516e+00 -3.388616144657135010e-01 3.202121555805206299e-01 -2.067676633596420288e-01 -4.669333994388580322e-01 6.344482302665710449e-01 -1.499829590320587158e-01 -5.000000000000000000e-01 7.663560509681701660e-01 1.000000000000000000e+00
-4.590262472629547119e-01 1.252573728561401367e+00 -1.427148938179016113e+00 2.581230103969573975e-01 1.833169102668762207e+00 -1.145978093147277832e+00 -9.636498689651489258e-01 -7.659772634506225586e-01 1.564280629158020020e+00 -5.757367610931396484e-01 -2.375050544738769531e+00 -7.049260139465332031e-01 -4.282895624637603760e-01 -8.233178853988647461e-01 -1.960142850875854492e-01 -5.527051687240600586e-01 -3.388616144657135010e-01 3.202121555805206299e-01 -2.067676633596420288e-01 -4.669333994388580322e-01 6.344482302665710449e-01 6.667424201965332031e+00 -5.000000000000000000e-01 -1.304876565933227539e+00 1.000000000000000000e+00
-1.254565596580505371e+00 -7.386675477027893066e-01 -5.034279823303222656e-01 -8.750826716423034668e-01 -6.997070312500000000e-01 5.100595951080322266e-01 4.493264853954315186e-01 -7.659772634506225586e-01 -1.293722987174987793e+00 -8.395941257476806641e-01 4.608306884765625000e-01 -7.049260139465332031e-01 -4.282895624637603760e-01 -8.233178853988647461e-01 -1.960142850875854492e-01 1.809282779693603516e+00 -3.388616144657135010e-01 3.202121555805206299e-01 -2.067676633596420288e-01 -4.669333994388580322e-01 6.344482302665710449e-01 -1.499829590320587158e-01 -5.000000000000000000e-01 7.663560509681701660e-01 1.000000000000000000e+00
1.132052540779113770e+00 -1.236477851867675781e+00 1.344014048576354980e+00 -6.626065969467163086e-01 -6.997070312500000000e-01 -3.179592490196228027e-01 -9.636498689651489258e-01 -1.672459244728088379e+00 6.116127967834472656e-01 -6.636891961097717285e-01 4.608306884765625000e-01 1.027078866958618164e+00 -4.282895624637603760e-01 1.214597702026367188e+00 -1.960142850875854492e-01 -5.527051687240600586e-01 -3.388616144657135010e-01 3.202121555805206299e-01 -2.067676633596420288e-01 -4.669333994388580322e-01 6.344482302665710449e-01 -1.499829590320587158e-01 -5.000000000000000000e-01 7.663560509681701660e-01 1.000000000000000000e+00
1.132052540779113770e+00 2.569530904293060303e-01 4.202930629253387451e-01 -4.501305520534515381e-01 -6.997070312500000000e-01 1.338078498840332031e+00 4.493264853954315186e-01 1.046986699104309082e+00 1.564280629158020020e+00 2.150789260864257812e+00 4.608306884765625000e-01 1.027078866958618164e+00 -4.282895624637603760e-01 1.214597702026367188e+00 -1.960142850875854492e-01 1.809282779693603516e+00 -3.388616144657135010e-01 3.202121555805206299e-01 -2.067676633596420288e-01 -4.669333994388580322e-01 -1.576172709465026855e+00 -1.499829590320587158e-01 -5.000000000000000000e-01 7.663560509681701660e-01 1.000000000000000000e+00
-4.590262472629547119e-01 -5.727307796478271484e-01 -5.034279823303222656e-01 -6.626065969467163086e-01 5.667310357093811035e-01 1.338078498840332031e+00 1.862302780151367188e+00 -7.659772634506225586e-01 -1.293722987174987793e+00 -4.802203923463821411e-02 4.608306884765625000e-01 -7.049260139465332031e-01 -4.282895624637603760e-01 1.214597702026367188e+00 -1.960142850875854492e-01 -5.527051687240600586e-01 -3.388616144657135010e-01 3.202121555805206299e-01 -2.067676633596420288e-01 -4.669333994388580322e-01 6.344482302665710449e-01 -1.499829590320587158e-01 -5.000000000000000000e-01 7.663560509681701660e-01 1.000000000000000000e+00
-4.590262472629547119e-01 5.058582425117492676e-01 4.202930629253387451e-01 9.663765430450439453e-01 -6.997070312500000000e-01 1.338078498840332031e+00 4.493264853954315186e-01 -7.659772634506225586e-01 6.116127967834472656e-01 -4.877842962741851807e-01 4.608306884765625000e-01 1.027078866958618164e+00 -4.282895624637603760e-01 1.214597702026367188e+00 -1.960142850875854492e-01 -5.527051687240600586e-01 2.951056957244873047e+00 3.202121555805206299e-01 -2.067676633596420288e-01 -4.669333994388580322e-01 6.344482302665710449e-01 -1.499829590320587158e-01 -5.000000000000000000e-01 -1.304876565933227539e+00 1.000000000000000000e+00
3.365131616592407227e-01 -7.386675477027893066e-01 4.202930629253387451e-01 -3.793051838874816895e-01 -6.997070312500000000e-01 -3.179592490196228027e-01 -9.636498689651489258e-01 -7.659772634506225586e-01 6.116127967834472656e-01 3.993041440844535828e-02 -9.571098685264587402e-01 1.027078866958618164e+00 -4.282895624637603760e-01 1.214597702026367188e+00 -1.960142850875854492e-01 1.809282779693603516e+00 -3.388616144657135010e-01 3.202121555805206299e-01 -2.067676633596420288e-01 -4.669333994388580322e-01 6.344482302665710449e-01 -1.499829590320587158e-01 -5.000000000000000000e-01 7.663560509681701660e-01 1.000000000000000000e+00
1.132052540779113770e+00 -2.408572286367416382e-01 -2.350869894027709961e+00 3.289483487606048584e-01 -6.997070312500000000e-01 -3.179592490196228027e-01 4.493264853954315186e-01 -7.659772634506225586e-01 6.116127967834472656e-01 3.993041440844535828e-02 -9.571098685264587402e-01 1.027078866958618164e+00 2.334868907928466797e+00 -8.233178853988647461e-01 -1.960142850875854492e-01 -5.527051687240600586e-01 -3.388616144657135010e-01 3.202121555805206299e-01 -2.067676633596420288e-01 -4.669333994388580322e-01 6.344482302665710449e-01 -1.499829590320587158e-01 -5.000000000000000000e-01 7.663560509681701660e-01 1.000000000000000000e+00
-1.254565596580505371e+00 2.248194456100463867e+00 -5.034279823303222656e-01 1.249678015708923340e+00 -6.997070312500000000e-01 -3.179592490196228027e-01 -9.636498689651489258e-01 -7.659772634506225586e-01 6.116127967834472656e-01 -3.998318612575531006e-01 4.608306884765625000e-01 -7.049260139465332031e-01 -4.282895624637603760e-01 1.214597702026367188e+00 -1.960142850875854492e-01 -5.527051687240600586e-01 -3.388616144657135010e-01 3.202121555805206299e-01 -2.067676633596420288e-01 -4.669333994388580322e-01 6.344482302665710449e-01 -1.499829590320587158e-01 -5.000000000000000000e-01 7.663560509681701660e-01 1.000000000000000000e+00
-4.590262472629547119e-01 -1.070541143417358398e+00 -5.034279823303222656e-01 -8.396700024604797363e-01 -6.997070312500000000e-01 -1.145978093147277832e+00 1.862302780151367188e+00 -7.659772634506225586e-01 -1.293722987174987793e+00 -8.395941257476806641e-01 4.608306884765625000e-01 -7.049260139465332031e-01 -4.282895624637603760e-01 1.214597702026367188e+00 -1.960142850875854492e-01 -5.527051687240600586e-01 -3.388616144657135010e-01 3.202121555805206299e-01 -2.067676633596420288e-01 -4.669333994388580322e-01 6.344482302665710449e-01 -1.499829590320587158e-01 -5.000000000000000000e-01 7.663560509681701660e-01 1.000000000000000000e+00
1.132052540779113770e+00 5.888266563415527344e-01 -1.427148938179016113e+00 1.603804707527160645e+00 1.833169102668762207e+00 -1.145978093147277832e+00 4.493264853954315186e-01 1.046986699104309082e+00 -1.293722987174987793e+00 3.917402327060699463e-01 -2.375050544738769531e+00 1.027078866958618164e+00 2.334868907928466797e+00 1.214597702026367188e+00 -1.960142850875854492e-01 -5.527051687240600586e-01 2.951056957244873047e+00 -3.122929334640502930e+00 -2.067676633596420288e-01 2.141633033752441406e+00 -1.576172709465026855e+00 -1.499829590320587158e-01 -5.000000000000000000e-01 7.663560509681701660e-01 1.000000000000000000e+00
1.132052540779113770e+00 9.101632237434387207e-02 -5.034279823303222656e-01 -6.980192661285400391e-01 1.833169102668762207e+00 5.100595951080322266e-01 -9.636498689651489258e-01 1.046986699104309082e+00 -3.410550951957702637e-01 -9.275465607643127441e-01 4.608306884765625000e-01 -7.049260139465332031e-01 -4.282895624637603760e-01 -8.233178853988647461e-01 -1.960142850875854492e-01 1.809282779693603516e+00 -3.388616144657135010e-01 3.202121555805206299e-01 -2.067676633596420288e-01 2.141633033752441406e+00 -1.576172709465026855e+00 -1.499829590320587158e-01 -5.000000000000000000e-01 7.663560509681701660e-01 1.000000000000000000e+00
1.132052540779113770e+00 -7.386675477027893066e-01 -5.034279823303222656e-01 -8.396700024604797363e-01 1.833169102668762207e+00 -3.179592490196228027e-01 -9.636498689651489258e-01 -7.659772634506225586e-01 6.116127967834472656e-01 -1.279356360435485840e+00 4.608306884765625000e-01 -7.049260139465332031e-01 -4.282895624637603760e-01 -8.233178853988647461e-01 -1.960142850875854492e-01 -5.527051687240600586e-01 -3.388616144657135010e-01 3.202121555805206299e-01 -2.067676633596420288e-01 -4.669333994388580322e-01 6.344482302665710449e-01 -1.499829590320587158e-01 -5.000000000000000000e-01 7.663560509681701660e-01 1.000000000000000000e+00
-1.254565596580505371e+00 -7.386675477027893066e-01 -5.034279823303222656e-01 -6.980192661285400391e-01 -6.997070312500000000e-01 -3.179592490196228027e-01 -9.636498689651489258e-01 1.046986699104309082e+00 6.116127967834472656e-01 -1.367308855056762695e+00 4.608306884765625000e-01 -7.049260139465332031e-01 -4.282895624637603760e-01 -8.233178853988647461e-01 -1.960142850875854492e-01 -5.527051687240600586e-01 -3.388616144657135010e-01 3.202121555805206299e-01 -2.067676633596420288e-01 2.141633033752441406e+00 -1.576172709465026855e+00 -1.499829590320587158e-01 -5.000000000000000000e-01 7.663560509681701660e-01 1.000000000000000000e+00
-1.254565596580505371e+00 -7.386675477027893066e-01 -5.034279823303222656e-01 -8.396700024604797363e-01 -6.997070312500000000e-01 5.100595951080322266e-01 1.862302780151367188e+00 1.046986699104309082e+00 -3.410550951957702637e-01 -1.279356360435485840e+00 4.608306884765625000e-01 -7.049260139465332031e-01 -4.282895624637603760e-01 -8.233178853988647461e-01 -1.960142850875854492e-01 -5.527051687240600586e-01 -3.388616144657135010e-01 3.202121555805206299e-01 -2.067676633596420288e-01 2.141633033752441406e+00 -1.576172709465026855e+00 -1.499829590320587158e-01 -5.000000000000000000e-01 7.663560509681701660e-01 1.000000000000000000e+00
-4.590262472629547119e-01 2.248194456100463867e+00 -5.034279823303222656e-01 9.663765430450439453e-01 -6.997070312500000000e-01 -3.179592490196228027e-01 -9.636498689651489258e-01 -7.659772634506225586e-01 -1.293722987174987793e+00 -1.191403985023498535e+00 4.608306884765625000e-01 -7.049260139465332031e-01 -4.282895624637603760e-01 -8.233178853988647461e-01 -1.960142850875854492e-01 -5.527051687240600586e-01 -3.388616144657135010e-01 3.202121555805206299e-01 -2.067676633596420288e-01 -4.669333994388580322e-01 6.344482302665710449e-01 -1.499829590320587158e-01 -5.000000000000000000e-01 7.663560509681701660e-01 1.000000000000000000e+00
-1.254565596580505371e+00 7.547634243965148926e-01 -5.034279823303222656e-01 2.227103263139724731e-01 -6.997070312500000000e-01 -3.179592490196228027e-01 -2.376626253128051758e+00 1.046986699104309082e+00 -3.410550951957702637e-01 3.917402327060699463e-01 4.608306884765625000e-01 -7.049260139465332031e-01 -4.282895624637603760e-01 1.214597702026367188e+00 -1.960142850875854492e-01 -5.527051687240600586e-01 2.951056957244873047e+00 3.202121555805206299e-01 -2.067676633596420288e-01 -4.669333994388580322e-01 6.344482302665710449e-01 -1.499829590320587158e-01 -5.000000000000000000e-01 -1.304876565933227539e+00 1.000000000000000000e+00
-4.590262472629547119e-01 -2.408572286367416382e-01 1.344014048576354980e+00 -8.396700024604797363e-01 -6.997070312500000000e-01 1.338078498840332031e+00 4.493264853954315186e-01 1.046986699104309082e+00 6.116127967834472656e-01 3.993041440844535828e-02 -2.375050544738769531e+00 -7.049260139465332031e-01 2.334868907928466797e+00 1.214597702026367188e+00 -1.960142850875854492e-01 1.809282779693603516e+00 -3.388616144657135010e-01 3.202121555805206299e-01 -2.067676633596420288e-01 -4.669333994388580322e-01 6.344482302665710449e-01 -1.499829590320587158e-01 -5.000000000000000000e-01 7.663560509681701660e-01 1.000000000000000000e+00
-1.254565596580505371e+00 2.248194456100463867e+00 -2.350869894027709961e+00 4.705990552902221680e-01 -6.997070312500000000e-01 1.338078498840332031e+00 4.493264853954315186e-01 1.046986699104309082e+00 1.564280629158020020e+00 -1.015498995780944824e+00 4.608306884765625000e-01 1.027078866958618164e+00 2.334868907928466797e+00 -8.233178853988647461e-01 -1.960142850875854492e-01 -5.527051687240600586e-01 2.951056957244873047e+00 3.202121555805206299e-01 -2.067676633596420288e-01 -4.669333994388580322e-01 -1.576172709465026855e+00 -1.499829590320587158e-01 -5.000000000000000000e-01 7.663560509681701660e-01 1.000000000000000000e+00
-1.254565596580505371e+00 8.047933690249919891e-03 4.202930629253387451e-01 4.564693942666053772e-02 -6.997070312500000000e-01 -1.145978093147277832e+00 4.493264853954315186e-01 -1.672459244728088379e+00 -3.410550951957702637e-01 -8.395941257476806641e-01 4.608306884765625000e-01 1.027078866958618164e+00 -4.282895624637603760e-01 -8.233178853988647461e-01 -1.960142850875854492e-01 -5.527051687240600586e-01 -3.388616144657135010e-01 3.202121555805206299e-01 -2.067676633596420288e-01 -4.669333994388580322e-01 6.344482302665710449e-01 -1.499829590320587158e-01 -5.000000000000000000e-01 7.663560509681701660e-01 1.000000000000000000e+00
-4.590262472629547119e-01 -4.897623956203460693e-01 1.344014048576354980e+00 -6.271939277648925781e-01 1.833169102668762207e+00 1.338078498840332031e+00 4.493264853954315186e-01 1.046986699104309082e+00 -1.293722987174987793e+00 1.271264791488647461e+00 4.608306884765625000e-01 1.027078866958618164e+00 -4.282895624637603760e-01 1.214597702026367188e+00 -1.960142850875854492e-01 -5.527051687240600586e-01 -3.388616144657135010e-01 -3.122929334640502930e+00 -2.067676633596420288e-01 -4.669333994388580322e-01 6.344482302665710449e-01 -1.499829590320587158e-01 -5.000000000000000000e-01 7.663560509681701660e-01 1.000000000000000000e+00
-4.590262472629547119e-01 -2.408572286367416382e-01 -5.034279823303222656e-01 -4.855432212352752686e-01 1.199950098991394043e+00 -1.145978093147277832e+00 1.862302780151367188e+00 1.405047029256820679e-01 -1.293722987174987793e+00 3.993041440844535828e-02 -2.375050544738769531e+00 -7.049260139465332031e-01 -4.282895624637603760e-01 1.214597702026367188e+00 -1.960142850875854492e-01 -5.527051687240600586e-01 -3.388616144657135010e-01 3.202121555805206299e-01 -2.067676633596420288e-01 -4.669333994388580322e-01 6.344482302665710449e-01 -1.499829590320587158e-01 -5.000000000000000000e-01 7.663560509681701660e-01 1.000000000000000000e+00
-4.590262472629547119e-01 2.248194456100463867e+00 4.202930629253387451e-01 1.037201881408691406e+00 -6.997070312500000000e-01 1.338078498840332031e+00 4.493264853954315186e-01 1.046986699104309082e+00 1.564280629158020020e+00 1.271264791488647461e+00 4.608306884765625000e-01 -7.049260139465332031e-01 -4.282895624637603760e-01 -8.233178853988647461e-01 -1.960142850875854492e-01 -5.527051687240600586e-01 -3.388616144657135010e-01 3.202121555805206299e-01 -2.067676633596420288e-01 -4.669333994388580322e-01 -1.576172709465026855e+00 -1.499829590320587158e-01 -5.000000000000000000e-01 7.663560509681701660e-01 1.000000000000000000e+00
-4.590262472629547119e-01 5.058582425117492676e-01 -5.034279823303222656e-01 -2.730671465396881104e-01 -6.997070312500000000e-01 -1.145978093147277832e+00 -9.636498689651489258e-01 -1.672459244728088379e+00 -3.410550951957702637e-01 -3.118793964385986328e-01 4.608306884765625000e-01 -7.049260139465332031e-01 2.334868907928466797e+00 1.214597702026367188e+00 -1.960142850875854492e-01 -5.527051687240600586e-01 -3.388616144657135010e-01 3.202121555805206299e-01 -2.067676633596420288e-01 -4.669333994388580322e-01 6.344482302665710449e-01 -1.499829590320587158e-01 -5.000000000000000000e-01 7.663560509681701660e-01 1.000000000000000000e+00
3.365131616592407227e-01 -9.875727295875549316e-01 -2.350869894027709961e+00 -6.980192661285400391e-01 -6.997070312500000000e-01 -1.145978093147277832e+00 4.493264853954315186e-01 -7.659772634506225586e-01 6.116127967834472656e-01 -1.359744966030120850e-01 4.608306884765625000e-01 1.027078866958618164e+00 -4.282895624637603760e-01 1.214597702026367188e+00 -1.960142850875854492e-01 -5.527051687240600586e-01 -3.388616144657135010e-01 3.202121555805206299e-01 -2.067676633596420288e-01 -4.669333994388580322e-01 6.344482302665710449e-01 -1.499829590320587158e-01 -5.000000000000000000e-01 -1.304876565933227539e+00 1.000000000000000000e+00
1.132052540779113770e+00 2.569530904293060303e-01 1.344014048576354980e+00 2.935356795787811279e-01 -6.648799777030944824e-02 -3.179592490196228027e-01 4.493264853954315186e-01 1.405047029256820679e-01 -3.410550951957702637e-01 -7.516416907310485840e-01 4.608306884765625000e-01 1.027078866958618164e+00 -4.282895624637603760e-01 1.214597702026367188e+00 -1.960142850875854492e-01 -5.527051687240600586e-01 -3.388616144657135010e-01 3.202121555805206299e-01 -2.067676633596420288e-01 -4.669333994388580322e-01 6.344482302665710449e-01 -1.499829590320587158e-01 2.000000000000000000e+00 -1.304876565933227539e+00 1.000000000000000000e+00
-4.590262472629547119e-01 -9.046043157577514648e-01 -1.427148938179016113e+00 -8.042573332786560059e-01 -6.997070312500000000e-01 -3.179592490196228027e-01 4.493264853954315186e-01 1.046986699104309082e+00 -1.293722987174987793e+00 -1.103451490402221680e+00 -9.571098685264587402e-01 -7.049260139465332031e-01 -4.282895624637603760e-01 -8.233178853988647461e-01 -1.960142850875854492e-01 -5.527051687240600586e-01 -3.388616144657135010e-01 3.202121555805206299e-01 -2.067676633596420288e-01 -4.669333994388580322e-01 6.344482302665710449e-01 -1.499829590320587158e-01 2.000000000000000000e+00 -1.304876565933227539e+00 1.000000000000000000e+00
1.132052540779113770e+00 -7.386675477027893066e-01 1.344014048576354980e+00 -5.917812585830688477e-01 1.199950098991394043e+00 5.100595951080322266e-01 -9.636498689651489258e-01 -7.659772634506225586e-01 -3.410550951957702637e-01 -4.802203923463821411e-02 4.608306884765625000e-01 -7.049260139465332031e-01 -4.282895624637603760e-01 -8.233178853988647461e-01 5.101668834686279297e+00 -5.527051687240600586e-01 -3.388616144657135010e-01 3.202121555805206299e-01 -2.067676633596420288e-01 -4.669333994388580322e-01 6.344482302665710449e-01 -1.499829590320587158e-01 -5.000000000000000000e-01 7.663560509681701660e-01 1.000000000000000000e+00
-4.590262472629547119e-01 3.243814945220947266e+00 -5.034279823303222656e-01 1.462154030799865723e+00 -6.648799777030944824e-02 -1.145978093147277832e+00 -9.636498689651489258e-01 -7.659772634506225586e-01 -3.410550951957702637e-01 -1.015498995780944824e+00 4.608306884765625000e-01 -7.049260139465332031e-01 -4.282895624637603760e-01 -8.233178853988647461e-01 -1.960142850875854492e-01 1.809282779693603516e+00 -3.388616144657135010e-01 3.202121555805206299e-01 -2.067676633596420288e-01 -4.669333994388580322e-01 6.344482302665710449e-01 -1.499829590320587158e-01 -5.000000000000000000e-01 -1.304876565933227539e+00 1.000000000000000000e+00
1.132052540779113770e+00 2.569530904293060303e-01 -5.034279823303222656e-01 -3.438925147056579590e-01 -6.997070312500000000e-01 5.100595951080322266e-01 4.493264853954315186e-01 -7.659772634506225586e-01 6.116127967834472656e-01 -6.636891961097717285e-01 4.608306884765625000e-01 -7.049260139465332031e-01 -4.282895624637603760e-01 1.214597702026367188e+00 -1.960142850875854492e-01 -5.527051687240600586e-01 -3.388616144657135010e-01 3.202121555805206299e-01 -2.067676633596420288e-01 -4.669333994388580322e-01 6.344482302665710449e-01 -1.499829590320587158e-01 -5.000000000000000000e-01 7.663560509681701660e-01 1.000000000000000000e+00
1.132052540779113770e+00 -7.386675477027893066e-01 1.344014048576354980e+00 -6.980192661285400391e-01 -6.997070312500000000e-01 1.338078498840332031e+00 4.493264853954315186e-01 1.046986699104309082e+00 -1.293722987174987793e+00 2.238741874694824219e+00 4.608306884765625000e-01 1.027078866958618164e+00 -4.282895624637603760e-01 -8.233178853988647461e-01 -1.960142850875854492e-01 1.809282779693603516e+00 -3.388616144657135010e-01 3.202121555805206299e-01 -2.067676633596420288e-01 -4.669333994388580322e-01 6.344482302665710449e-01 -1.499829590320587158e-01 2.000000000000000000e+00 -1.304876565933227539e+00 1.000000000000000000e+00
3.365131616592407227e-01 8.047933690249919891e-03 1.344014048576354980e+00 -3.438925147056579590e-01 -6.997070312500000000e-01 -1.145978093147277832e+00 -2.376626253128051758e+00 -1.672459244728088379e+00 6.116127967834472656e-01 -2.239269465208053589e-01 4.608306884765625000e-01 -7.049260139465332031e-01 -4.282895624637603760e-01 -8.233178853988647461e-01 -1.960142850875854492e-01 -5.527051687240600586e-01 -3.388616144657135010e-01 3.202121555805206299e-01 -2.067676633596420288e-01 2.141633033752441406e+00 -1.576172709465026855e+00 -1.499829590320587158e-01 -5.000000000000000000e-01 7.663560509681701660e-01 1.000000000000000000e+00
-1.254565596580505371e+00 1.252573728561401367e+00 -1.427148938179016113e+00 -2.022417932748794556e-01 -6.997070312500000000e-01 1.338078498840332031e+00 4.493264853954315186e-01 1.046986699104309082e+00 6.116127967834472656e-01 -3.998318612575531006e-01 -2.375050544738769531e+00 -7.049260139465332031e-01 -4.282895624637603760e-01 -8.233178853988647461e-01 -1.960142850875854492e-01 -5.527051687240600586e-01 -3.388616144657135010e-01 3.202121555805206299e-01 -2.067676633596420288e-01 -4.669333994388580322e-01 6.344482302665710449e-01 -1.499829590320587158e-01 -5.000000000000000000e-01 7.663560509681701660e-01 1.000000000000000000e+00
1.132052540779113770e+00 2.569530904293060303e-01 1.344014048576354980e+00 -4.855432212352752686e-01 1.833169102668762207e+00 -3.179592490196228027e-01 -9.636498689651489258e-01 -7.659772634506225586e-01 6.116127967834472656e-01 -2.239269465208053589e-01 4.608306884765625000e-01 1.027078866958618164e+00 -4.282895624637603760e-01 1.214597702026367188e+00 -1.960142850875854492e-01 -5.527051687240600586e-01 -3.388616144657135010e-01 3.202121555805206299e-01 -2.067676633596420288e-01 -4.669333994388580322e-01 6.344482302665710449e-01 -1.499829590320587158e-01 -5.000000000000000000e-01 7.663560509681701660e-01 1.000000000000000000e+00
1.132052540779113770e+00 -4.897623956203460693e-01 1.344014048576354980e+00 1.023426372557878494e-02 -6.997070312500000000e-01 -3.179592490196228027e-01 4.493264853954315186e-01 -7.659772634506225586e-01 1.564280629158020020e+00 -6.636891961097717285e-01 4.608306884765625000e-01 -7.049260139465332031e-01 -4.282895624637603760e-01 1.214597702026367188e+00 -1.960142850875854492e-01 -5.527051687240600586e-01 -3.388616144657135010e-01 3.202121555805206299e-01 -2.067676633596420288e-01 -4.669333994388580322e-01 -1.576172709465026855e+00 -1.499829590320587158e-01 -5.000000000000000000e-01 7.663560509681701660e-01 1.000000000000000000e+00
-1.254565596580505371e+00 2.569530904293060303e-01 -5.034279823303222656e-01 -9.600377082824707031e-02 -6.997070312500000000e-01 -3.179592490196228027e-01 -2.376626253128051758e+00 -7.659772634506225586e-01 -1.293722987174987793e+00 -1.015498995780944824e+00 4.608306884765625000e-01 -7.049260139465332031e-01 -4.282895624637603760e-01 -8.233178853988647461e-01 -1.960142850875854492e-01 -5.527051687240600586e-01 -3.388616144657135010e-01 3.202121555805206299e-01 -2.067676633596420288e-01 2.141633033752441406e+00 -1.576172709465026855e+00 -1.499829590320587158e-01 2.000000000000000000e+00 -1.304876565933227539e+00 1.000000000000000000e+00
-4.590262472629547119e-01 -2.408572286367416382e-01 4.202930629253387451e-01 -3.084798157215118408e-01 1.833169102668762207e+00 1.338078498840332031e+00 4.493264853954315186e-01 -7.659772634506225586e-01 -3.410550951957702637e-01 5.676451325416564941e-01 4.608306884765625000e-01 1.027078866958618164e+00 -4.282895624637603760e-01 -8.233178853988647461e-01 -1.960142850875854492e-01 -5.527051687240600586e-01 -3.388616144657135010e-01 3.202121555805206299e-01 -2.067676633596420288e-01 -4.669333994388580322e-01 6.344482302665710449e-01 -1.499829590320587158e-01 -5.000000000000000000e-01 7.663560509681701660e-01 1.000000000000000000e+00
-1.254565596580505371e+00 -9.046043157577514648e-01 1.344014048576354980e+00 -8.042573332786560059e-01 -6.997070312500000000e-01 5.100595951080322266e-01 4.493264853954315186e-01 1.405047029256820679e-01 -3.410550951957702637e-01 1.183312296867370605e+00 4.608306884765625000e-01 1.027078866958618164e+00 -4.282895624637603760e-01 1.214597702026367188e+00 -1.960142850875854492e-01 1.809282779693603516e+00 -3.388616144657135010e-01 -3.122929334640502930e+00 4.836346149444580078e+00 -4.669333994388580322e-01 6.344482302665710449e-01 -1.499829590320587158e-01 -5.000000000000000000e-01 7.663560509681701660e-01 1.000000000000000000e+00
-4.590262472629547119e-01 2.569530904293060303e-01 -5.034279823303222656e-01 -7.334319353103637695e-01 -6.997070312500000000e-01 -1.145978093147277832e+00 4.493264853954315186e-01 -7.659772634506225586e-01 -1.293722987174987793e+00 -1.103451490402221680e+00 -9.571098685264587402e-01 -7.049260139465332031e-01 -4.282895624637603760e-01 -8.233178853988647461e-01 -1.960142850875854492e-01 1.809282779693603516e+00 -3.388616144657135010e-01 3.202121555805206299e-01 -2.067676633596420288e-01 -4.669333994388580322e-01 6.344482302665710449e-01 -1.499829590320587158e-01 2.000000000000000000e+00 -1.304876565933227539e+00 1.000000000000000000e+00
1.132052540779113770e+00 -1.236477851867675781e+00 1.344014048576354980e+00 -9.104953408241271973e-01 1.833169102668762207e+00 1.338078498840332031e+00 4.493264853954315186e-01 1.046986699104309082e+00 1.564280629158020020e+00 3.993041440844535828e-02 4.608306884765625000e-01 1.027078866958618164e+00 -4.282895624637603760e-01 -8.233178853988647461e-01 -1.960142850875854492e-01 -5.527051687240600586e-01 -3.388616144657135010e-01 3.202121555805206299e-01 -2.067676633596420288e-01 -4.669333994388580322e-01 -1.576172709465026855e+00 -1.499829590320587158e-01 -5.000000000000000000e-01 7.663560509681701660e-01 1.000000000000000000e+00
-4.590262472629547119e-01 7.547634243965148926e-01 1.344014048576354980e+00 3.289483487606048584e-01 -6.997070312500000000e-01 -1.973996996879577637e+00 1.862302780151367188e+00 -7.659772634506225586e-01 6.116127967834472656e-01 -6.636891961097717285e-01 4.608306884765625000e-01 1.027078866958618164e+00 -4.282895624637603760e-01 -8.233178853988647461e-01 -1.960142850875854492e-01 1.809282779693603516e+00 -3.388616144657135010e-01 3.202121555805206299e-01 -2.067676633596420288e-01 -4.669333994388580322e-01 6.344482302665710449e-01 -1.499829590320587158e-01 -5.000000000000000000e-01 -1.304876565933227539e+00 1.000000000000000000e+00
1.132052540779113770e+00 2.569530904293060303e-01 -5.034279823303222656e-01 -6.271939277648925781e-01 -6.648799777030944824e-02 1.338078498840332031e+00 1.862302780151367188e+00 1.046986699104309082e+00 -1.293722987174987793e+00 4.796926975250244141e-01 4.608306884765625000e-01 -7.049260139465332031e-01 -4.282895624637603760e-01 -8.233178853988647461e-01 -1.960142850875854492e-01 1.809282779693603516e+00 -3.388616144657135010e-01 3.202121555805206299e-01 -2.067676633596420288e-01 2.141633033752441406e+00 -1.576172709465026855e+00 -1.499829590320587158e-01 2.000000000000000000e+00 -1.304876565933227539e+00 1.000000000000000000e+00
1.132052540779113770e+00 1.252573728561401367e+00 1.344014048576354980e+00 1.355916023254394531e+00 -6.997070312500000000e-01 -1.145978093147277832e+00 -9.636498689651489258e-01 1.046986699104309082e+00 -3.410550951957702637e-01 -1.103451490402221680e+00 4.608306884765625000e-01 1.027078866958618164e+00 -4.282895624637603760e-01 1.214597702026367188e+00 -1.960142850875854492e-01 -5.527051687240600586e-01 -3.388616144657135010e-01 3.202121555805206299e-01 -2.067676633596420288e-01 2.141633033752441406e+00 -1.576172709465026855e+00 -1.499829590320587158e-01 -5.000000000000000000e-01 7.663560509681701660e-01 1.000000000000000000e+00
1.132052540779113770e+00 -4.897623956203460693e-01 -5.034279823303222656e-01 -2.022417932748794556e-01 -6.997070312500000000e-01 -1.145978093147277832e+00 4.493264853954315186e-01 1.405047029256820679e-01 -3.410550951957702637e-01 -7.516416907310485840e-01 -2.375050544738769531e+00 1.027078866958618164e+00 -4.282895624637603760e-01 -8.233178853988647461e-01 -1.960142850875854492e-01 -5.527051687240600586e-01 -3.388616144657135010e-01 3.202121555805206299e-01 -2.067676633596420288e-01 -4.669333994388580322e-01 6.344482302665710449e-01 -1.499829590320587158e-01 2.000000000000000000e+00 -1.304876565933227539e+00 1.000000000000000000e+00
1.132052540779113770e+00 -7.386675477027893066e-01 -5.034279823303222656e-01 -6.059109047055244446e-02 -6.997070312500000000e-01 -3.179592490196228027e-01 4.493264853954315186e-01 1.046986699104309082e+00 6.116127967834472656e-01 1.447169661521911621e+00 4.608306884765625000e-01 -7.049260139465332031e-01 -4.282895624637603760e-01 1.214597702026367188e+00 -1.960142850875854492e-01 -5.527051687240600586e-01 -3.388616144657135010e-01 3.202121555805206299e-01 -2.067676633596420288e-01 -4.669333994388580322e-01 6.344482302665710449e-01 -1.499829590320587158e-01 -5.000000000000000000e-01 7.663560509681701660e-01 1.000000000000000000e+00
-1.254565596580505371e+00 -2.408572286367416382e-01 1.344014048576354980e+00 -8.042573332786560059e-01 -6.997070312500000000e-01 -1.145978093147277832e+00 -9.636498689651489258e-01 1.046986699104309082e+00 -3.410550951957702637e-01 -1.279356360435485840e+00 4.608306884765625000e-01 -7.049260139465332031e-01 -4.282895624637603760e-01 -8.233178853988647461e-01 -1.960142850875854492e-01 -5.527051687240600586e-01 -3.388616144657135010e-01 3.202121555805206299e-01 -2.067676633596420288e-01 2.141633033752441406e+00 -1.576172709465026855e+00 -1.499829590320587158e-01 -5.000000000000000000e-01 7.663560509681701660e-01 1.000000000000000000e+00
-1.254565596580505371e+00 8.047933690249919891e-03 -5.034279823303222656e-01 -2.376544773578643799e-01 -6.997070312500000000e-01 -1.145978093147277832e+00 -9.636498689651489258e-01 1.046986699104309082e+00 -3.410550951957702637e-01 -6.636891961097717285e-01 4.608306884765625000e-01 -7.049260139465332031e-01 -4.282895624637603760e-01 1.214597702026367188e+00 -1.960142850875854492e-01 -5.527051687240600586e-01 -3.388616144657135010e-01 3.202121555805206299e-01 -2.067676633596420288e-01 2.141633033752441406e+00 -1.576172709465026855e+00 -1.499829590320587158e-01 -5.000000000000000000e-01 -1.304876565933227539e+00 1.000000000000000000e+00
1.132052540779113770e+00 -2.408572286367416382e-01 -5.034279823303222656e-01 -4.855432212352752686e-01 -6.997070312500000000e-01 -1.145978093147277832e+00 -9.636498689651489258e-01 1.046986699104309082e+00 -1.293722987174987793e+00 -1.103451490402221680e+00 4.608306884765625000e-01 -7.049260139465332031e-01 -4.282895624637603760e-01 -8.233178853988647461e-01 -1.960142850875854492e-01 -5.527051687240600586e-01 -3.388616144657135010e-01 3.202121555805206299e-01 -2.067676633596420288e-01 -4.669333994388580322e-01 6.344482302665710449e-01 -1.499829590320587158e-01 -5.000000000000000000e-01 7.663560509681701660e-01 1.000000000000000000e+00
-1.254565596580505371e+00 -2.408572286367416382e-01 -5.034279823303222656e-01 1.164722964167594910e-01 -6.997070312500000000e-01 -1.145978093147277832e+00 -9.636498689651489258e-01 1.046986699104309082e+00 6.116127967834472656e-01 -1.191403985023498535e+00 4.608306884765625000e-01 -7.049260139465332031e-01 -4.282895624637603760e-01 -8.233178853988647461e-01 -1.960142850875854492e-01 -5.527051687240600586e-01 -3.388616144657135010e-01 3.202121555805206299e-01 -2.067676633596420288e-01 2.141633033752441406e+00 -1.576172709465026855e+00 -1.499829590320587158e-01 -5.000000000000000000e-01 7.663560509681701660e-01 1.000000000000000000e+00
1.132052540779113770e+00 -9.046043157577514648e-01 1.344014048576354980e+00 -4.147178530693054199e-01 1.833169102668762207e+00 -3.179592490196228027e-01 1.862302780151367188e+00 -1.672459244728088379e+00 6.116127967834472656e-01 -8.395941257476806641e-01 4.608306884765625000e-01 1.027078866958618164e+00 -4.282895624637603760e-01 -8.233178853988647461e-01 5.101668834686279297e+00 -5.527051687240600586e-01 -3.388616144657135010e-01 3.202121555805206299e-01 -2.067676633596420288e-01 -4.669333994388580322e-01 6.344482302665710449e-01 -1.499829590320587158e-01 -5.000000000000000000e-01 7.663560509681701660e-01 1.000000000000000000e+00
-1.254565596580505371e+00 2.569530904293060303e-01 -5.034279823303222656e-01 1.568392038345336914e+00 1.833169102668762207e+00 -1.145978093147277832e+00 -9.636498689651489258e-01 -7.659772634506225586e-01 -3.410550951957702637e-01 -4.877842962741851807e-01 4.608306884765625000e-01 -7.049260139465332031e-01 -4.282895624637603760e-01 1.214597702026367188e+00 5.101668834686279297e+00 -5.527051687240600586e-01 -3.388616144657135010e-01 3.202121555805206299e-01 -2.067676633596420288e-01 -4.669333994388580322e-01 6.344482302665710449e-01 -1.499829590320587158e-01 -5.000000000000000000e-01 7.663560509681701660e-01 1.000000000000000000e+00
1.132052540779113770e+00 2.248194456100463867e+00 4.202930629253387451e-01 3.339025974273681641e+00 5.667310357093811035e-01 5.100595951080322266e-01 4.493264853954315186e-01 -1.672459244728088379e+00 6.116127967834472656e-01 1.278828680515289307e-01 4.608306884765625000e-01 -7.049260139465332031e-01 -4.282895624637603760e-01 1.214597702026367188e+00 -1.960142850875854492e-01 -5.527051687240600586e-01 -3.388616144657135010e-01 3.202121555805206299e-01 -2.067676633596420288e-01 -4.669333994388580322e-01 6.344482302665710449e-01 -1.499829590320587158e-01 -5.000000000000000000e-01 -1.304876565933227539e+00 1.000000000000000000e+00
-4.590262472629547119e-01 -7.386675477027893066e-01 -2.350869894027709961e+00 -6.626065969467163086e-01 -6.997070312500000000e-01 -3.179592490196228027e-01 4.493264853954315186e-01 -7.659772634506225586e-01 -1.293722987174987793e+00 -3.998318612575531006e-01 4.608306884765625000e-01 -7.049260139465332031e-01 -4.282895624637603760e-01 1.214597702026367188e+00 -1.960142850875854492e-01 -5.527051687240600586e-01 -3.388616144657135010e-01 3.202121555805206299e-01 -2.067676633596420288e-01 -4.669333994388580322e-01 6.344482302665710449e-01 -1.499829590320587158e-01 2.000000000000000000e+00 -1.304876565933227539e+00 1.000000000000000000e+00
-1.254565596580505371e+00 2.248194456100463867e+00 1.344014048576354980e+00 1.001789212226867676e+00 -6.997070312500000000e-01 1.338078498840332031e+00 -9.636498689651489258e-01 1.046986699104309082e+00 1.564280629158020020e+00 1.974884390830993652e+00 -9.571098685264587402e-01 1.027078866958618164e+00 -4.282895624637603760e-01 -8.233178853988647461e-01 -1.960142850875854492e-01 -5.527051687240600586e-01 2.951056957244873047e+00 3.202121555805206299e-01 -2.067676633596420288e-01 -4.669333994388580322e-01 -1.576172709465026855e+00 -1.499829590320587158e-01 2.000000000000000000e+00 -1.304876565933227539e+00 1.000000000000000000e+00
-1.254565596580505371e+00 -2.408572286367416382e-01 -5.034279823303222656e-01 -7.334319353103637695e-01 -6.997070312500000000e-01 -3.179592490196228027e-01 1.862302780151367188e+00 1.405047029256820679e-01 -1.293722987174987793e+00 1.007407426834106445e+00 4.608306884765625000e-01 -7.049260139465332031e-01 -4.282895624637603760e-01 1.214597702026367188e+00 -1.960142850875854492e-01 -5.527051687240600586e-01 -3.388616144657135010e-01 3.202121555805206299e-01 -2.067676633596420288e-01 -4.669333994388580322e-01 6.344482302665710449e-01 -1.499829590320587158e-01 2.000000000000000000e+00 -1.304876565933227539e+00 1.000000000000000000e+00
1.132052540779113770e+00 -2.408572286367416382e-01 -5.034279823303222656e-01 -4.147178530693054199e-01 -6.997070312500000000e-01 -1.145978093147277832e+00 4.493264853954315186e-01 -1.672459244728088379e+00 -1.293722987174987793e+00 -2.239269465208053589e-01 4.608306884765625000e-01 -7.049260139465332031e-01 -4.282895624637603760e-01 -8.233178853988647461e-01 -1.960142850875854492e-01 -5.527051687240600586e-01 -3.388616144657135010e-01 3.202121555805206299e-01 -2.067676633596420288e-01 -4.669333994388580322e-01 6.344482302665710449e-01 -1.499829590320587158e-01 -5.000000000000000000e-01 7.663560509681701660e-01 1.000000000000000000e+00
-4.590262472629547119e-01 -6.556991338729858398e-01 1.344014048576354980e+00 -8.396700024604797363e-01 -6.997070312500000000e-01 -1.145978093147277832e+00 4.493264853954315186e-01 1.046986699104309082e+00 -1.293722987174987793e+00 -1.103451490402221680e+00 4.608306884765625000e-01 1.027078866958618164e+00 -4.282895624637603760e-01 -8.233178853988647461e-01 -1.960142850875854492e-01 -5.527051687240600586e-01 -3.388616144657135010e-01 -3.122929334640502930e+00 -2.067676633596420288e-01 -4.669333994388580322e-01 6.344482302665710449e-01 -1.499829590320587158e-01 -5.000000000000000000e-01 7.663560509681701660e-01 1.000000000000000000e+00
1.132052540779113770e+00 5.888266563415527344e-01 1.344014048576354980e+00 -2.022417932748794556e-01 -6.997070312500000000e-01 1.338078498840332031e+00 4.493264853954315186e-01 -7.659772634506225586e-01 6.116127967834472656e-01 -5.757367610931396484e-01 4.608306884765625000e-01 1.027078866958618164e+00 -4.282895624637603760e-01 -8.233178853988647461e-01 -1.960142850875854492e-01 -5.527051687240600586e-01 -3.388616144657135010e-01 3.202121555805206299e-01 -2.067676633596420288e-01 -4.669333994388580322e-01 6.344482302665710449e-01 -1.499829590320587158e-01 -5.000000000000000000e-01 7.663560509681701660e-01 1.000000000000000000e+00
1.132052540779113770e+00 1.252573728561401367e+00 -5.034279823303222656e-01 1.872976422309875488e-01 1.833169102668762207e+00 1.338078498840332031e+00 -9.636498689651489258e-01 1.046986699104309082e+00 -1.293722987174987793e+00 8.315024971961975098e-01 4.608306884765625000e-01 -7.049260139465332031e-01 -4.282895624637603760e-01 1.214597702026367188e+00 -1.960142850875854492e-01 -5.527051687240600586e-01 -3.388616144657135010e-01 3.202121555805206299e-01 -2.067676633596420288e-01 -4.669333994388580322e-01 6.344482302665710449e-01 -1.499829590320587158e-01 2.000000000000000000e+00 -1.304876565933227539e+00 1.000000000000000000e+00
1.132052540779113770e+00 -7.386675477027893066e-01 1.344014048576354980e+00 -4.501305520534515381e-01 1.833169102668762207e+00 5.100595951080322266e-01 -9.636498689651489258e-01 -7.659772634506225586e-01 6.116127967834472656e-01 2.238741874694824219e+00 4.608306884765625000e-01 -7.049260139465332031e-01 -4.282895624637603760e-01 -8.233178853988647461e-01 -1.960142850875854492e-01 -5.527051687240600586e-01 -3.388616144657135010e-01 3.202121555805206299e-01 -2.067676633596420288e-01 -4.669333994388580322e-01 6.344482302665710449e-01 -1.499829590320587158e-01 -5.000000000000000000e-01 7.663560509681701660e-01 1.000000000000000000e+00
-4.590262472629547119e-01 2.569530904293060303e-01 -5.034279823303222656e-01 2.843248367309570312e+00 -6.997070312500000000e-01 -3.179592490196228027e-01 4.493264853954315186e-01 1.405047029256820679e-01 6.116127967834472656e-01 -5.757367610931396484e-01 -2.375050544738769531e+00 1.027078866958618164e+00 -4.282895624637603760e-01 1.214597702026367188e+00 -1.960142850875854492e-01 -5.527051687240600586e-01 -3.388616144657135010e-01 -3.122929334640502930e+00 4.836346149444580078e+00 -4.669333994388580322e-01 6.344482302665710449e-01 -1.499829590320587158e-01 -5.000000000000000000e-01 -1.304876565933227539e+00 1.000000000000000000e+00
3.365131616592407227e-01 -4.897623956203460693e-01 -5.034279823303222656e-01 -1.016733407974243164e+00 -6.997070312500000000e-01 -1.145978093147277832e+00 -9.636498689651489258e-01 1.046986699104309082e+00 -3.410550951957702637e-01 -1.103451490402221680e+00 4.608306884765625000e-01 -7.049260139465332031e-01 -4.282895624637603760e-01 1.214597702026367188e+00 -1.960142850875854492e-01 -5.527051687240600586e-01 -3.388616144657135010e-01 3.202121555805206299e-01 -2.067676633596420288e-01 2.141633033752441406e+00 -1.576172709465026855e+00 -1.499829590320587158e-01 -5.000000000000000000e-01 7.663560509681701660e-01 1.000000000000000000e+00
1.132052540779113770e+00 3.243814945220947266e+00 4.202930629253387451e-01 4.401406288146972656e+00 -6.997070312500000000e-01 5.100595951080322266e-01 4.493264853954315186e-01 1.046986699104309082e+00 6.116127967834472656e-01 -1.279356360435485840e+00 4.608306884765625000e-01 1.027078866958618164e+00 -4.282895624637603760e-01 1.214597702026367188e+00 -1.960142850875854492e-01 -5.527051687240600586e-01 -3.388616144657135010e-01 3.202121555805206299e-01 -2.067676633596420288e-01 -4.669333994388580322e-01 6.344482302665710449e-01 -1.499829590320587158e-01 -5.000000000000000000e-01 7.663560509681701660e-01 1.000000000000000000e+00
-1.254565596580505371e+00 2.569530904293060303e-01 -5.034279823303222656e-01 -1.668291240930557251e-01 1.833169102668762207e+00 1.338078498840332031e+00 -9.636498689651489258e-01 1.046986699104309082e+00 -1.293722987174987793e+00 -8.395941257476806641e-01 4.608306884765625000e-01 -7.049260139465332031e-01 -4.282895624637603760e-01 -8.233178853988647461e-01 -1.960142850875854492e-01 -5.527051687240600586e-01 2.951056957244873047e+00 3.202121555805206299e-01 -2.067676633596420288e-01 2.141633033752441406e+00 -1.576172709465026855e+00 -1.499829590320587158e-01 -5.000000000000000000e-01 7.663560509681701660e-01 1.000000000000000000e+00
-1.254565596580505371e+00 -2.408572286367416382e-01 -5.034279823303222656e-01 -6.980192661285400391e-01 -6.997070312500000000e-01 -3.179592490196228027e-01 1.862302780151367188e+00 1.405047029256820679e-01 -1.293722987174987793e+00 -8.395941257476806641e-01 -2.375050544738769531e+00 -7.049260139465332031e-01 -4.282895624637603760e-01 -8.233178853988647461e-01 -1.960142850875854492e-01 -5.527051687240600586e-01 -3.388616144657135010e-01 3.202121555805206299e-01 -2.067676633596420288e-01 -4.669333994388580322e-01 6.344482302665710449e-01 -1.499829590320587158e-01 -5.000000000000000000e-01 7.663560509681701660e-01 1.000000000000000000e+00
1.132052540779113770e+00 -1.236477851867675781e+00 -5.034279823303222656e-01 -4.147178530693054199e-01 -6.997070312500000000e-01 5.100595951080322266e-01 1.862302780151367188e+00 -7.659772634506225586e-01 -1.293722987174987793e+00 -5.757367610931396484e-01 4.608306884765625000e-01 -7.049260139465332031e-01 -4.282895624637603760e-01 -8.233178853988647461e-01 -1.960142850875854492e-01 -5.527051687240600586e-01 -3.388616144657135010e-01 3.202121555805206299e-01 -2.067676633596420288e-01 2.141633033752441406e+00 -1.576172709465026855e+00 -1.499829590320587158e-01 -5.000000000000000000e-01 7.663560509681701660e-01 1.000000000000000000e+00
1.132052540779113770e+00 1.252573728561401367e+00 -5.034279823303222656e-01 1.462154030799865723e+00 1.833169102668762207e+00 1.338078498840332031e+00 4.493264853954315186e-01 -7.659772634506225586e-01 -3.410550951957702637e-01 1.278828680515289307e-01 4.608306884765625000e-01 1.027078866958618164e+00 -4.282895624637603760e-01 -8.233178853988647461e-01 -1.960142850875854492e-01 -5.527051687240600586e-01 -3.388616144657135010e-01 3.202121555805206299e-01 -2.067676633596420288e-01 -4.669333994388580322e-01 6.344482302665710449e-01 -1.499829590320587158e-01 -5.000000000000000000e-01 7.663560509681701660e-01 1.000000000000000000e+00
-4.590262472629547119e-01 2.569530904293060303e-01 1.344014048576354980e+00 8.601385354995727539e-01 -6.997070312500000000e-01 -1.145978093147277832e+00 -9.636498689651489258e-01 1.046986699104309082e+00 1.564280629158020020e+00 -1.015498995780944824e+00 4.608306884765625000e-01 1.027078866958618164e+00 -4.282895624637603760e-01 1.214597702026367188e+00 -1.960142850875854492e-01 -5.527051687240600586e-01 -3.388616144657135010e-01 3.202121555805206299e-01 -2.067676633596420288e-01 -4.669333994388580322e-01 -1.576172709465026855e+00 -1.499829590320587158e-01 -5.000000000000000000e-01 7.663560509681701660e-01 1.000000000000000000e+00
1.132052540779113770e+00 8.047933690249919891e-03 -5.034279823303222656e-01 6.830751299858093262e-01 1.833169102668762207e+00 -3.179592490196228027e-01 4.493264853954315186e-01 1.405047029256820679e-01 6.116127967834472656e-01 -8.395941257476806641e-01 4.608306884765625000e-01 -7.049260139465332031e-01 -4.282895624637603760e-01 -8.233178853988647461e-01 -1.960142850875854492e-01 -5.527051687240600586e-01 2.951056957244873047e+00 3.202121555805206299e-01 -2.067676633596420288e-01 -4.669333994388580322e-01 6.344482302665710449e-01 -1.499829590320587158e-01 -5.000000000000000000e-01 7.663560509681701660e-01 1.000000000000000000e+00
-4.590262472629547119e-01 2.569530904293060303e-01 -5.034279823303222656e-01 2.935356795787811279e-01 5.667310357093811035e-01 -1.145978093147277832e+00 -9.636498689651489258e-01 1.046986699104309082e+00 6.116127967834472656e-01 -6.636891961097717285e-01 4.608306884765625000e-01 -7.049260139465332031e-01 -4.282895624637603760e-01 -8.233178853988647461e-01 -1.960142850875854492e-01 -5.527051687240600586e-01 2.951056957244873047e+00 3.202121555805206299e-01 -2.067676633596420288e-01 2.141633033752441406e+00 -1.576172709465026855e+00 -1.499829590320587158e-01 -5.000000000000000000e-01 7.663560509681701660e-01 1.000000000000000000e+00
1.132052540779113770e+00 -9.875727295875549316e-01 1.344014048576354980e+00 -4.147178530693054199e-01 -6.997070312500000000e-01 -3.179592490196228027e-01 4.493264853954315186e-01 1.046986699104309082e+00 6.116127967834472656e-01 1.095359802246093750e+00 4.608306884765625000e-01 2.759083747863769531e+00 -4.282895624637603760e-01 1.214597702026367188e+00 -1.960142850875854492e-01 1.809282779693603516e+00 -3.388616144657135010e-01 3.202121555805206299e-01 -2.067676633596420288e-01 -4.669333994388580322e-01 6.344482302665710449e-01 -1.499829590320587158e-01 -5.000000000000000000e-01 7.663560509681701660e-01 1.000000000000000000e+00
-4.590262472629547119e-01 -1.070541143417358398e+00 -5.034279823303222656e-01 -7.334319353103637695e-01 -6.997070312500000000e-01 -3.179592490196228027e-01 -9.636498689651489258e-01 1.046986699104309082e+00 -1.293722987174987793e+00 -1.015498995780944824e+00 4.608306884765625000e-01 -7.049260139465332031e-01 -4.282895624637603760e-01 -8.233178853988647461e-01 -1.960142850875854492e-01 -5.527051687240600586e-01 -3.388616144657135010e-01 3.202121555805206299e-01 -2.067676633596420288e-01 -4.669333994388580322e-01 6.344482302665710449e-01 -1.499829590320587158e-01 -5.000000000000000000e-01 7.663560509681701660e-01 1.000000000000000000e+00
-1.254565596580505371e+00 -1.236477851867675781e+00 -5.034279823303222656e-01 -6.626065969467163086e-01 1.833169102668762207e+00 -1.973996996879577637e+00 -9.636498689651489258e-01 1.405047029256820679e-01 -3.410550951957702637e-01 3.470076084136962891e+00 4.608306884765625000e-01 -7.049260139465332031e-01 -4.282895624637603760e-01 1.214597702026367188e+00 -1.960142850875854492e-01 1.809282779693603516e+00 -3.388616144657135010e-01 3.202121555805206299e-01 -2.067676633596420288e-01 -4.669333994388580322e-01 6.344482302665710449e-01 -1.499829590320587158e-01 -5.000000000000000000e-01 -1.304876565933227539e+00 1.000000000000000000e+00
3.365131616592407227e-01 -4.897623956203460693e-01 1.344014048576354980e+00 -6.980192661285400391e-01 1.833169102668762207e+00 -3.179592490196228027e-01 4.493264853954315186e-01 1.046986699104309082e+00 1.564280629158020020e+00 3.037877678871154785e-01 4.608306884765625000e-01 1.027078866958618164e+00 -4.282895624637603760e-01 1.214597702026367188e+00 -1.960142850875854492e-01 -5.527051687240600586e-01 -3.388616144657135010e-01 3.202121555805206299e-01 -2.067676633596420288e-01 -4.669333994388580322e-01 -1.576172709465026855e+00 -1.499829590320587158e-01 -5.000000000000000000e-01 7.663560509681701660e-01 1.000000000000000000e+00
1.132052540779113770e+00 2.248194456100463867e+00 -5.034279823303222656e-01 2.227103263139724731e-01 1.833169102668762207e+00 -3.179592490196228027e-01 -2.376626253128051758e+00 -7.659772634506225586e-01 -1.293722987174987793e+00 2.158353179693222046e-01 -2.375050544738769531e+00 -7.049260139465332031e-01 -4.282895624637603760e-01 -8.233178853988647461e-01 -1.960142850875854492e-01 -5.527051687240600586e-01 -3.388616144657135010e-01 3.202121555805206299e-01 -2.067676633596420288e-01 -4.669333994388580322e-01 6.344482302665710449e-01 -1.499829590320587158e-01 -5.000000000000000000e-01 7.663560509681701660e-01 1.000000000000000000e+00
3.365131616592407227e-01 -9.046043157577514648e-01 -5.034279823303222656e-01 -6.980192661285400391e-01 -6.997070312500000000e-01 -1.145978093147277832e+00 -9.636498689651489258e-01 -7.659772634506225586e-01 -3.410550951957702637e-01 -1.103451490402221680e+00 4.608306884765625000e-01 -7.049260139465332031e-01 -4.282895624637603760e-01 -8.233178853988647461e-01 -1.960142850875854492e-01 -5.527051687240600586e-01 -3.388616144657135010e-01 3.202121555805206299e-01 -2.067676633596420288e-01 -4.669333994388580322e-01 6.344482302665710449e-01 -1.499829590320587158e-01 -5.000000000000000000e-01 7.663560509681701660e-01 1.000000000000000000e+00
1.132052540779113770e+00 -2.408572286367416382e-01 4.202930629253387451e-01 -3.438925147056579590e-01 -6.997070312500000000e-01 -1.973996996879577637e+00 1.862302780151367188e+00 1.405047029256820679e-01 -1.293722987174987793e+00 -1.359744966030120850e-01 4.608306884765625000e-01 1.027078866958618164e+00 -4.282895624637603760e-01 -8.233178853988647461e-01 -1.960142850875854492e-01 -5.527051687240600586e-01 -3.388616144657135010e-01 3.202121555805206299e-01 -2.067676633596420288e-01 -4.669333994388580322e-01 6.344482302665710449e-01 -1.499829590320587158e-01 -5.000000000000000000e-01 7.663560509681701660e-01 1.000000000000000000e+00
1.132052540779113770e+00 -1.236477851867675781e+00 -5.034279823303222656e-01 -7.334319353103637695e-01 5.667310357093811035e-01 -3.179592490196228027e-01 4.493264853954315186e-01 1.046986699104309082e+00 -3.410550951957702637e-01 1.271264791488647461e+00 4.608306884765625000e-01 -7.049260139465332031e-01 -4.282895624637603760e-01 -8.233178853988647461e-01 -1.960142850875854492e-01 -5.527051687240600586e-01 2.951056957244873047e+00 3.202121555805206299e-01 -2.067676633596420288e-01 2.141633033752441406e+00 -1.576172709465026855e+00 -1.499829590320587158e-01 -5.000000000000000000e-01 7.663560509681701660e-01 1.000000000000000000e+00
1.132052540779113770e+00 -4.897623956203460693e-01 1.344014048576354980e+00 -6.980192661285400391e-01 5.667310357093811035e-01 -3.179592490196228027e-01 1.862302780151367188e+00 -7.659772634506225586e-01 -3.410550951957702637e-01 1.007407426834106445e+00 4.608306884765625000e-01 1.027078866958618164e+00 -4.282895624637603760e-01 -8.233178853988647461e-01 -1.960142850875854492e-01 -5.527051687240600586e-01 -3.388616144657135010e-01 3.202121555805206299e-01 -2.067676633596420288e-01 -4.669333994388580322e-01 6.344482302665710449e-01 -1.499829590320587158e-01 2.000000000000000000e+00 -1.304876565933227539e+00 1.000000000000000000e+00
1.132052540779113770e+00 -7.386675477027893066e-01 -5.034279823303222656e-01 -6.626065969467163086e-01 5.667310357093811035e-01 -3.179592490196228027e-01 -9.636498689651489258e-01 -7.659772634506225586e-01 -3.410550951957702637e-01 -8.395941257476806641e-01 4.608306884765625000e-01 -7.049260139465332031e-01 -4.282895624637603760e-01 -8.233178853988647461e-01 -1.960142850875854492e-01 1.809282779693603516e+00 -3.388616144657135010e-01 3.202121555805206299e-01 -2.067676633596420288e-01 -4.669333994388580322e-01 6.344482302665710449e-01 -1.499829590320587158e-01 -5.000000000000000000e-01 7.663560509681701660e-01 1.000000000000000000e+00
-4.590262472629547119e-01 -2.408572286367416382e-01 -5.034279823303222656e-01 1.072614550590515137e+00 -6.997070312500000000e-01 5.100595951080322266e-01 4.493264853954315186e-01 1.405047029256820679e-01 -1.293722987174987793e+00 -6.636891961097717285e-01 4.608306884765625000e-01 -7.049260139465332031e-01 -4.282895624637603760e-01 -8.233178853988647461e-01 -1.960142850875854492e-01 1.809282779693603516e+00 -3.388616144657135010e-01 3.202121555805206299e-01 -2.067676633596420288e-01 2.141633033752441406e+00 -1.576172709465026855e+00 -1.499829590320587158e-01 2.000000000000000000e+00 -1.304876565933227539e+00 1.000000000000000000e+00
-1.254565596580505371e+00 -1.070541143417358398e+00 1.344014048576354980e+00 -7.334319353103637695e-01 -6.997070312500000000e-01 1.338078498840332031e+00 4.493264853954315186e-01 1.046986699104309082e+00 1.564280629158020020e+00 1.359217166900634766e+00 -2.375050544738769531e+00 1.027078866958618164e+00 2.334868907928466797e+00 1.214597702026367188e+00 -1.960142850875854492e-01 -5.527051687240600586e-01 -3.388616144657135010e-01 3.202121555805206299e-01 -2.067676633596420288e-01 -4.669333994388580322e-01 -1.576172709465026855e+00 -1.499829590320587158e-01 -5.000000000000000000e-01 -1.304876565933227539e+00 1.000000000000000000e+00
1.132052540779113770e+00 -7.386675477027893066e-01 1.344014048576354980e+00 -6.980192661285400391e-01 -6.997070312500000000e-01 -3.179592490196228027e-01 -9.636498689651489258e-01 -7.659772634506225586e-01 -3.410550951957702637e-01 -4.802203923463821411e-02 4.608306884765625000e-01 1.027078866958618164e+00 -4.282895624637603760e-01 -8.233178853988647461e-01 -1.960142850875854492e-01 -5.527051687240600586e-01 -3.388616144657135010e-01 3.202121555805206299e-01 -2.067676633596420288e-01 -4.669333994388580322e-01 6.344482302665710449e-01 -1.499829590320587158e-01 -5.000000000000000000e-01 7.663560509681701660e-01 1.000000000000000000e+00
1.132052540779113770e+00 2.569530904293060303e-01 -5.034279823303222656e-01 -6.271939277648925781e-01 1.199950098991394043e+00 5.100595951080322266e-01 -9.636498689651489258e-01 1.405047029256820679e-01 6.116127967834472656e-01 -1.359744966030120850e-01 4.608306884765625000e-01 -7.049260139465332031e-01 2.334868907928466797e+00 1.214597702026367188e+00 -1.960142850875854492e-01 1.809282779693603516e+00 -3.388616144657135010e-01 3.202121555805206299e-01 -2.067676633596420288e-01 -4.669333994388580322e-01 6.344482302665710449e-01 -1.499829590320587158e-01 -5.000000000000000000e-01 7.663560509681701660e-01 1.000000000000000000e+00
-4.590262472629547119e-01 -2.408572286367416382e-01 -5.034279823303222656e-01 -7.334319353103637695e-01 1.833169102668762207e+00 -3.179592490196228027e-01 4.493264853954315186e-01 1.046986699104309082e+00 1.564280629158020020e+00 2.238741874694824219e+00 4.608306884765625000e-01 -7.049260139465332031e-01 -4.282895624637603760e-01 -8.233178853988647461e-01 -1.960142850875854492e-01 -5.527051687240600586e-01 -3.388616144657135010e-01 3.202121555805206299e-01 -2.067676633596420288e-01 -4.669333994388580322e-01 -1.576172709465026855e+00 -1.499829590320587158e-01 -5.000000000000000000e-01 7.663560509681701660e-01 1.000000000000000000e+00
-4.590262472629547119e-01 1.252573728561401367e+00 -5.034279823303222656e-01 2.170407533645629883e+00 -6.997070312500000000e-01 -1.145978093147277832e+00 1.862302780151367188e+00 1.046986699104309082e+00 6.116127967834472656e-01 -6.636891961097717285e-01 4.608306884765625000e-01 -7.049260139465332031e-01 -4.282895624637603760e-01 1.214597702026367188e+00 -1.960142850875854492e-01 -5.527051687240600586e-01 2.951056957244873047e+00 3.202121555805206299e-01 -2.067676633596420288e-01 2.141633033752441406e+00 -1.576172709465026855e+00 -1.499829590320587158e-01 -5.000000000000000000e-01 -1.304876565933227539e+00 1.000000000000000000e+00
-1.254565596580505371e+00 -2.408572286367416382e-01 -5.034279823303222656e-01 -2.517841383814811707e-02 -6.997070312500000000e-01 -3.179592490196228027e-01 -9.636498689651489258e-01 -7.659772634506225586e-01 -1.293722987174987793e+00 -1.015498995780944824e+00 4.608306884765625000e-01 -7.049260139465332031e-01 -4.282895624637603760e-01 -8.233178853988647461e-01 -1.960142850875854492e-01 -5.527051687240600586e-01 -3.388616144657135010e-01 3.202121555805206299e-01 -2.067676633596420288e-01 -4.669333994388580322e-01 6.344482302665710449e-01 -1.499829590320587158e-01 -5.000000000000000000e-01 7.663560509681701660e-01 1.000000000000000000e+00
-4.590262472629547119e-01 4.228898584842681885e-01 -5.034279823303222656e-01 1.674630045890808105e+00 -6.997070312500000000e-01 -1.145978093147277832e+00 4.493264853954315186e-01 1.405047029256820679e-01 6.116127967834472656e-01 -4.877842962741851807e-01 4.608306884765625000e-01 1.027078866958618164e+00 -4.282895624637603760e-01 -8.233178853988647461e-01 -1.960142850875854492e-01 -5.527051687240600586e-01 2.951056957244873047e+00 3.202121555805206299e-01 -2.067676633596420288e-01 -4.669333994388580322e-01 6.344482302665710449e-01 -1.499829590320587158e-01 -5.000000000000000000e-01 7.663560509681701660e-01 1.000000000000000000e+00
1.132052540779113770e+00 1.252573728561401367e+00 1.344014048576354980e+00 1.023426372557878494e-02 1.833169102668762207e+00 1.338078498840332031e+00 4.493264853954315186e-01 -7.659772634506225586e-01 6.116127967834472656e-01 1.359217166900634766e+00 4.608306884765625000e-01 -7.049260139465332031e-01 -4.282895624637603760e-01 1.214597702026367188e+00 -1.960142850875854492e-01 -5.527051687240600586e-01 -3.388616144657135010e-01 3.202121555805206299e-01 -2.067676633596420288e-01 -4.669333994388580322e-01 6.344482302665710449e-01 -1.499829590320587158e-01 -5.000000000000000000e-01 7.663560509681701660e-01 1.000000000000000000e+00
-4.590262472629547119e-01 -8.216359019279479980e-01 1.344014048576354980e+00 -6.980192661285400391e-01 1.199950098991394043e+00 -3.179592490196228027e-01 -9.636498689651489258e-01 1.046986699104309082e+00 6.116127967834472656e-01 3.917402327060699463e-01 4.608306884765625000e-01 1.027078866958618164e+00 -4.282895624637603760e-01 -8.233178853988647461e-01 -1.960142850875854492e-01 1.809282779693603516e+00 -3.388616144657135010e-01 3.202121555805206299e-01 -2.067676633596420288e-01 -4.669333994388580322e-01 6.344482302665710449e-01 -1.499829590320587158e-01 -5.000000000000000000e-01 7.663560509681701660e-01 1.000000000000000000e+00
1.132052540779113770e+00 8.047933690249919891e-03 4.202930629253387451e-01 -5.917812585830688477e-01 -6.648799777030944824e-02 5.100595951080322266e-01 4.493264853954315186e-01 1.405047029256820679e-01 -1.293722987174987793e+00 -1.359744966030120850e-01 4.608306884765625000e-01 1.027078866958618164e+00 -4.282895624637603760e-01 -8.233178853988647461e-01 -1.960142850875854492e-01 -5.527051687240600586e-01 -3.388616144657135010e-01 3.202121555805206299e-01 -2.067676633596420288e-01 -4.669333994388580322e-01 6.344482302665710449e-01 -1.499829590320587158e-01 -5.000000000000000000e-01 -1.304876565933227539e+00 1.000000000000000000e+00
-4.590262472629547119e-01 2.248194456100463867e+00 -5.034279823303222656e-01 7.539004683494567871e-01 1.833169102668762207e+00 -1.973996996879577637e+00 4.493264853954315186e-01 1.046986699104309082e+00 1.564280629158020020e+00 3.917402327060699463e-01 -2.375050544738769531e+00 -7.049260139465332031e-01 -4.282895624637603760e-01 1.214597702026367188e+00 -1.960142850875854492e-01 -5.527051687240600586e-01 -3.388616144657135010e-01 3.202121555805206299e-01 -2.067676633596420288e-01 -4.669333994388580322e-01 -1.576172709465026855e+00 6.667424201965332031e+00 -5.000000000000000000e-01 -1.304876565933227539e+00 1.000000000000000000e+00
3.365131616592407227e-01 2.569530904293060303e-01 1.344014048576354980e+00 -6.980192661285400391e-01 1.199950098991394043e+00 -3.179592490196228027e-01 -2.376626253128051758e+00 1.046986699104309082e+00 -1.293722987174987793e+00 3.993041440844535828e-02 4.608306884765625000e-01 1.027078866958618164e+00 -4.282895624637603760e-01 1.214597702026367188e+00 -1.960142850875854492e-01 -5.527051687240600586e-01 -3.388616144657135010e-01 3.202121555805206299e-01 -2.067676633596420288e-01 -4.669333994388580322e-01 6.344482302665710449e-01 -1.499829590320587158e-01 -5.000000000000000000e-01 7.663560509681701660e-01 1.000000000000000000e+00
-4.590262472629547119e-01 1.252573728561401367e+00 4.202930629253387451e-01 1.710042715072631836e+00 -6.648799777030944824e-02 1.338078498840332031e+00 4.493264853954315186e-01 1.046986699104309082e+00 6.116127967834472656e-01 5.676451325416564941e-01 4.608306884765625000e-01 4.491088867187500000e+00 -4.282895624637603760e-01 1.214597702026367188e+00 -1.960142850875854492e-01 1.809282779693603516e+00 -3.388616144657135010e-01 3.202121555805206299e-01 -2.067676633596420288e-01 -4.669333994388580322e-01 6.344482302665710449e-01 -1.499829590320587158e-01 -5.000000000000000000e-01 -1.304876565933227539e+00 1.000000000000000000e+00
-1.254565596580505371e+00 2.248194456100463867e+00 -5.034279823303222656e-01 2.489121675491333008e+00 -6.997070312500000000e-01 5.100595951080322266e-01 4.493264853954315186e-01 1.046986699104309082e+00 1.564280629158020020e+00 3.037877678871154785e-01 -9.571098685264587402e-01 2.759083747863769531e+00 2.334868907928466797e+00 1.214597702026367188e+00 -1.960142850875854492e-01 -5.527051687240600586e-01 2.951056957244873047e+00 3.202121555805206299e-01 -2.067676633596420288e-01 -4.669333994388580322e-01 -1.576172709465026855e+00 -1.499829590320587158e-01 -5.000000000000000000e-01 7.663560509681701660e-01 1.000000000000000000e+00
-4.590262472629547119e-01 -2.408572286367416382e-01 4.202930629253387451e-01 1.037201881408691406e+00 -6.997070312500000000e-01 -3.179592490196228027e-01 4.493264853954315186e-01 1.046986699104309082e+00 -1.293722987174987793e+00 7.435500621795654297e-01 4.608306884765625000e-01 -7.049260139465332031e-01 2.334868907928466797e+00 1.214597702026367188e+00 -1.960142850875854492e-01 -5.527051687240600586e-01 -3.388616144657135010e-01 3.202121555805206299e-01 -2.067676633596420288e-01 -4.669333994388580322e-01 6.344482302665710449e-01 -1.499829590320587158e-01 2.000000000000000000e+00 -1.304876565933227539e+00 1.000000000000000000e+00
1.132052540779113770e+00 2.248194456100463867e+00 1.344014048576354980e+00 -1.668291240930557251e-01 1.833169102668762207e+00 1.338078498840332031e+00 4.493264853954315186e-01 1.405047029256820679e-01 6.116127967834472656e-01 2.158353179693222046e-01 4.608306884765625000e-01 1.027078866958618164e+00 2.334868907928466797e+00 1.214597702026367188e+00 -1.960142850875854492e-01 -5.527051687240600586e-01 2.951056957244873047e+00 3.202121555805206299e-01 -2.067676633596420288e-01 -4.669333994388580322e-01 6.344482302665710449e-01 -1.499829590320587158e-01 -5.000000000000000000e-01 7.663560509681701660e-01 1.000000000000000000e+00
-1.254565596580505371e+00 -2.408572286367416382e-01 -1.427148938179016113e+00 -5.917812585830688477e-01 -6.997070312500000000e-01 -3.179592490196228027e-01 4.493264853954315186e-01 1.405047029256820679e-01 6.116127967834472656e-01 7.435500621795654297e-01 -2.375050544738769531e+00 -7.049260139465332031e-01 -4.282895624637603760e-01 -8.233178853988647461e-01 -1.960142850875854492e-01 -5.527051687240600586e-01 -3.388616144657135010e-01 3.202121555805206299e-01 -2.067676633596420288e-01 -4.669333994388580322e-01 6.344482302665710449e-01 -1.499829590320587158e-01 -5.000000000000000000e-01 7.663560509681701660e-01 1.000000000000000000e+00
-4.590262472629547119e-01 2.569530904293060303e-01 -5.034279823303222656e-01 -4.501305520534515381e-01 -6.997070312500000000e-01 -1.145978093147277832e+00 1.862302780151367188e+00 -1.672459244728088379e+00 -3.410550951957702637e-01 -1.191403985023498535e+00 4.608306884765625000e-01 -7.049260139465332031e-01 -4.282895624637603760e-01 1.214597702026367188e+00 -1.960142850875854492e-01 -5.527051687240600586e-01 -3.388616144657135010e-01 3.202121555805206299e-01 -2.067676633596420288e-01 -4.669333994388580322e-01 6.344482302665710449e-01 -1.499829590320587158e-01 -5.000000000000000000e-01 7.663560509681701660e-01 1.000000000000000000e+00
-4.590262472629547119e-01 7.547634243965148926e-01 1.344014048576354980e+00 6.830751299858093262e-01 -6.997070312500000000e-01 -1.973996996879577637e+00 1.862302780151367188e+00 -7.659772634506225586e-01 6.116127967834472656e-01 -6.636891961097717285e-01 4.608306884765625000e-01 1.027078866958618164e+00 -4.282895624637603760e-01 -8.233178853988647461e-01 -1.960142850875854492e-01 1.809282779693603516e+00 -3.388616144657135010e-01 3.202121555805206299e-01 -2.067676633596420288e-01 -4.669333994388580322e-01 6.344482302665710449e-01 -1.499829590320587158e-01 -5.000000000000000000e-01 -1.304876565933227539e+00 1.000000000000000000e+00
-1.254565596580505371e+00 1.003668546676635742e+00 1.344014048576354980e+00 3.643610477447509766e-01 5.667310357093811035e-01 -3.179592490196228027e-01 -9.636498689651489258e-01 1.046986699104309082e+00 6.116127967834472656e-01 -1.103451490402221680e+00 4.608306884765625000e-01 1.027078866958618164e+00 -4.282895624637603760e-01 -8.233178853988647461e-01 -1.960142850875854492e-01 -5.527051687240600586e-01 -3.388616144657135010e-01 3.202121555805206299e-01 -2.067676633596420288e-01 -4.669333994388580322e-01 6.344482302665710449e-01 -1.499829590320587158e-01 -5.000000000000000000e-01 7.663560509681701660e-01 1.000000000000000000e+00
-4.590262472629547119e-01 1.252573728561401367e+00 -5.034279823303222656e-01 1.285090684890747070e+00 -6.997070312500000000e-01 -3.179592490196228027e-01 4.493264853954315186e-01 -7.659772634506225586e-01 6.116127967834472656e-01 -4.802203923463821411e-02 4.608306884765625000e-01 -7.049260139465332031e-01 -4.282895624637603760e-01 1.214597702026367188e+00 -1.960142850875854492e-01 -5.527051687240600586e-01 2.951056957244873047e+00 3.202121555805206299e-01 -2.067676633596420288e-01 2.141633033752441406e+00 -1.576172709465026855e+00 -1.499829590320587158e-01 -5.000000000000000000e-01 -1.304876565933227539e+00 1.000000000000000000e+00
-4.590262472629547119e-01 7.547634243965148926e-01 4.202930629253387451e-01 -4.855432212352752686e-01 -6.648799777030944824e-02 -1.145978093147277832e+00 4.493264853954315186e-01 1.405047029256820679e-01 1.564280629158020020e+00 -4.877842962741851807e-01 -9.571098685264587402e-01 1.027078866958618164e+00 -4.282895624637603760e-01 -8.233178853988647461e-01 -1.960142850875854492e-01 -5.527051687240600586e-01 -3.388616144657135010e-01 3.202121555805206299e-01 -2.067676633596420288e-01 -4.669333994388580322e-01 6.344482302665710449e-01 -1.499829590320587158e-01 -5.000000000000000000e-01 -1.304876565933227539e+00 1.000000000000000000e+00
1.132052540779113770e+00 -9.046043157577514648e-01 -5.034279823303222656e-01 -6.271939277648925781e-01 -6.997070312500000000e-01 -3.179592490196228027e-01 4.493264853954315186e-01 -7.659772634506225586e-01 -1.293722987174987793e+00 -3.998318612575531006e-01 4.608306884765625000e-01 -7.049260139465332031e-01 2.334868907928466797e+00 -8.233178853988647461e-01 5.101668834686279297e+00 1.809282779693603516e+00 -3.388616144657135010e-01 3.202121555805206299e-01 -2.067676633596420288e-01 -4.669333994388580322e-01 6.344482302665710449e-01 -1.499829590320587158e-01 2.000000000000000000e+00 -1.304876565933227539e+00 1.000000000000000000e+00
1.132052540779113770e+00 1.252573728561401367e+00 1.344014048576354980e+00 8.601385354995727539e-01 1.199950098991394043e+00 1.338078498840332031e+00 4.493264853954315186e-01 -7.659772634506225586e-01 6.116127967834472656e-01 2.158353179693222046e-01 4.608306884765625000e-01 1.027078866958618164e+00 -4.282895624637603760e-01 1.214597702026367188e+00 -1.960142850875854492e-01 -5.527051687240600586e-01 2.951056957244873047e+00 3.202121555805206299e-01 -2.067676633596420288e-01 -4.669333994388580322e-01 6.344482302665710449e-01 -1.499829590320587158e-01 -5.000000000000000000e-01 -1.304876565933227539e+00 1.000000000000000000e+00
-1.254565596580505371e+00 2.569530904293060303e-01 -5.034279823303222656e-01 -5.209559202194213867e-01 -6.997070312500000000e-01 1.338078498840332031e+00 -9.636498689651489258e-01 1.046986699104309082e+00 -1.293722987174987793e+00 1.974884390830993652e+00 4.608306884765625000e-01 -7.049260139465332031e-01 -4.282895624637603760e-01 1.214597702026367188e+00 -1.960142850875854492e-01 -5.527051687240600586e-01 -3.388616144657135010e-01 -3.122929334640502930e+00 -2.067676633596420288e-01 -4.669333994388580322e-01 6.344482302665710449e-01 -1.499829590320587158e-01 2.000000000000000000e+00 -1.304876565933227539e+00 1.000000000000000000e+00
1.132052540779113770e+00 8.047933690249919891e-03 1.344014048576354980e+00 -3.438925147056579590e-01 -6.997070312500000000e-01 -1.145978093147277832e+00 -9.636498689651489258e-01 1.046986699104309082e+00 -3.410550951957702637e-01 -1.103451490402221680e+00 4.608306884765625000e-01 -7.049260139465332031e-01 -4.282895624637603760e-01 1.214597702026367188e+00 -1.960142850875854492e-01 -5.527051687240600586e-01 -3.388616144657135010e-01 3.202121555805206299e-01 -2.067676633596420288e-01 -4.669333994388580322e-01 6.344482302665710449e-01 -1.499829590320587158e-01 -5.000000000000000000e-01 7.663560509681701660e-01 1.000000000000000000e+00
-4.590262472629547119e-01 2.569530904293060303e-01 -1.427148938179016113e+00 -5.209559202194213867e-01 -6.997070312500000000e-01 5.100595951080322266e-01 -9.636498689651489258e-01 1.046986699104309082e+00 1.564280629158020020e+00 -1.359744966030120850e-01 -2.375050544738769531e+00 -7.049260139465332031e-01 -4.282895624637603760e-01 -8.233178853988647461e-01 -1.960142850875854492e-01 -5.527051687240600586e-01 -3.388616144657135010e-01 3.202121555805206299e-01 -2.067676633596420288e-01 -4.669333994388580322e-01 -1.576172709465026855e+00 -1.499829590320587158e-01 2.000000000000000000e+00 -1.304876565933227539e+00 1.000000000000000000e+00
-1.254565596580505371e+00 7.547634243965148926e-01 1.344014048576354980e+00 1.037201881408691406e+00 -6.648799777030944824e-02 5.100595951080322266e-01 1.862302780151367188e+00 1.046986699104309082e+00 6.116127967834472656e-01 -1.015498995780944824e+00 4.608306884765625000e-01 1.027078866958618164e+00 -4.282895624637603760e-01 -8.233178853988647461e-01 -1.960142850875854492e-01 -5.527051687240600586e-01 2.951056957244873047e+00 3.202121555805206299e-01 -2.067676633596420288e-01 2.141633033752441406e+00 -1.576172709465026855e+00 -1.499829590320587158e-01 -5.000000000000000000e-01 7.663560509681701660e-01 1.000000000000000000e+00
1.132052540779113770e+00 -2.408572286367416382e-01 1.344014048576354980e+00 -8.042573332786560059e-01 -6.997070312500000000e-01 -3.179592490196228027e-01 -9.636498689651489258e-01 1.405047029256820679e-01 -1.293722987174987793e+00 3.993041440844535828e-02 4.608306884765625000e-01 1.027078866958618164e+00 -4.282895624637603760e-01 -8.233178853988647461e-01 -1.960142850875854492e-01 1.809282779693603516e+00 -3.388616144657135010e-01 3.202121555805206299e-01 -2.067676633596420288e-01 -4.669333994388580322e-01 6.344482302665710449e-01 -1.499829590320587158e-01 -5.000000000000000000e-01 7.663560509681701660e-01 1.000000000000000000e+00
-1.254565596580505371e+00 8.047933690249919891e-03 -5.034279823303222656e-01 1.164722964167594910e-01 -6.997070312500000000e-01 5.100595951080322266e-01 -9.636498689651489258e-01 1.046986699104309082e+00 6.116127967834472656e-01 -8.395941257476806641e-01 4.608306884765625000e-01 -7.049260139465332031e-01 -4.282895624637603760e-01 -8.233178853988647461e-01 -1.960142850875854492e-01 -5.527051687240600586e-01 -3.388616144657135010e-01 3.202121555805206299e-01 -2.067676633596420288e-01 2.141633033752441406e+00 -1.576172709465026855e+00 -1.499829590320587158e-01 2.000000000000000000e+00 -1.304876565933227539e+00 1.000000000000000000e+00
1.132052540779113770e+00 1.252573728561401367e+00 4.202930629253387451e-01 1.674630045890808105e+00 1.833169102668762207e+00 -1.145978093147277832e+00 4.493264853954315186e-01 1.046986699104309082e+00 6.116127967834472656e-01 -7.516416907310485840e-01 4.608306884765625000e-01 1.027078866958618164e+00 -4.282895624637603760e-01 1.214597702026367188e+00 -1.960142850875854492e-01 -5.527051687240600586e-01 -3.388616144657135010e-01 3.202121555805206299e-01 -2.067676633596420288e-01 2.141633033752441406e+00 -1.576172709465026855e+00 -1.499829590320587158e-01 -5.000000000000000000e-01 7.663560509681701660e-01 1.000000000000000000e+00
-1.254565596580505371e+00 -5.727307796478271484e-01 -5.034279823303222656e-01 2.028756856918334961e+00 -6.997070312500000000e-01 1.338078498840332031e+00 -2.376626253128051758e+00 1.046986699104309082e+00 -3.410550951957702637e-01 8.315024971961975098e-01 4.608306884765625000e-01 -7.049260139465332031e-01 -4.282895624637603760e-01 1.214597702026367188e+00 5.101668834686279297e+00 1.809282779693603516e+00 -3.388616144657135010e-01 3.202121555805206299e-01 -2.067676633596420288e-01 -4.669333994388580322e-01 6.344482302665710449e-01 -1.499829590320587158e-01 -5.000000000000000000e-01 -1.304876565933227539e+00 1.000000000000000000e+00
-1.254565596580505371e+00 -7.386675477027893066e-01 -2.350869894027709961e+00 1.037201881408691406e+00 -6.997070312500000000e-01 -3.179592490196228027e-01 4.493264853954315186e-01 -7.659772634506225586e-01 -3.410550951957702637e-01 -6.636891961097717285e-01 4.608306884765625000e-01 1.027078866958618164e+00 -4.282895624637603760e-01 1.214597702026367188e+00 -1.960142850875854492e-01 -5.527051687240600586e-01 -3.388616144657135010e-01 3.202121555805206299e-01 -2.067676633596420288e-01 2.141633033752441406e+00 -1.576172709465026855e+00 -1.499829590320587158e-01 -5.000000000000000000e-01 7.663560509681701660e-01 1.000000000000000000e+00
1.132052540779113770e+00 2.248194456100463867e+00 1.344014048576354980e+00 1.164722964167594910e-01 1.833169102668762207e+00 1.338078498840332031e+00 4.493264853954315186e-01 -1.672459244728088379e+00 -1.293722987174987793e+00 1.007407426834106445e+00 4.608306884765625000e-01 -7.049260139465332031e-01 -4.282895624637603760e-01 1.214597702026367188e+00 -1.960142850875854492e-01 -5.527051687240600586e-01 -3.388616144657135010e-01 3.202121555805206299e-01 -2.067676633596420288e-01 -4.669333994388580322e-01 6.344482302665710449e-01 -1.499829590320587158e-01 -5.000000000000000000e-01 7.663560509681701660e-01 1.000000000000000000e+00
-4.590262472629547119e-01 2.248194456100463867e+00 -5.034279823303222656e-01 1.851693511009216309e+00 1.833169102668762207e+00 5.100595951080322266e-01 -9.636498689651489258e-01 -7.659772634506225586e-01 6.116127967834472656e-01 -1.015498995780944824e+00 4.608306884765625000e-01 -7.049260139465332031e-01 -4.282895624637603760e-01 -8.233178853988647461e-01 -1.960142850875854492e-01 1.809282779693603516e+00 -3.388616144657135010e-01 3.202121555805206299e-01 -2.067676633596420288e-01 -4.669333994388580322e-01 6.344482302665710449e-01 -1.499829590320587158e-01 -5.000000000000000000e-01 7.663560509681701660e-01 1.000000000000000000e+00
1.132052540779113770e+00 -9.046043157577514648e-01 1.344014048576354980e+00 -7.334319353103637695e-01 -6.997070312500000000e-01 1.338078498840332031e+00 4.493264853954315186e-01 1.046986699104309082e+00 -1.293722987174987793e+00 -3.118793964385986328e-01 4.608306884765625000e-01 1.027078866958618164e+00 2.334868907928466797e+00 -8.233178853988647461e-01 5.101668834686279297e+00 1.809282779693603516e+00 -3.388616144657135010e-01 3.202121555805206299e-01 -2.067676633596420288e-01 -4.669333994388580322e-01 6.344482302665710449e-01 -1.499829590320587158e-01 2.000000000000000000e+00 -1.304876565933227539e+00 1.000000000000000000e+00
-4.590262472629547119e-01 -9.875727295875549316e-01 -1.427148938179016113e+00 6.476624608039855957e-01 -6.997070312500000000e-01 1.338078498840332031e+00 -9.636498689651489258e-01 1.046986699104309082e+00 1.564280629158020020e+00 3.382123708724975586e+00 -2.375050544738769531e+00 -7.049260139465332031e-01 2.334868907928466797e+00 1.214597702026367188e+00 -1.960142850875854492e-01 -5.527051687240600586e-01 2.951056957244873047e+00 3.202121555805206299e-01 -2.067676633596420288e-01 -4.669333994388580322e-01 -1.576172709465026855e+00 -1.499829590320587158e-01 -5.000000000000000000e-01 -1.304876565933227539e+00 1.000000000000000000e+00
1.132052540779113770e+00 1.252573728561401367e+00 4.202930629253387451e-01 2.701597690582275391e+00 -6.997070312500000000e-01 1.338078498840332031e+00 4.493264853954315186e-01 -7.659772634506225586e-01 6.116127967834472656e-01 8.315024971961975098e-01 4.608306884765625000e-01 1.027078866958618164e+00 2.334868907928466797e+00 1.214597702026367188e+00 -1.960142850875854492e-01 1.809282779693603516e+00 -3.388616144657135010e-01 3.202121555805206299e-01 -2.067676633596420288e-01 -4.669333994388580322e-01 6.344482302665710449e-01 -1.499829590320587158e-01 -5.000000000000000000e-01 7.663560509681701660e-01 1.000000000000000000e+00
-1.254565596580505371e+00 2.569530904293060303e-01 -1.427148938179016113e+00 -3.438925147056579590e-01 -6.648799777030944824e-02 5.100595951080322266e-01 4.493264853954315186e-01 1.405047029256820679e-01 6.116127967834472656e-01 -3.118793964385986328e-01 -2.375050544738769531e+00 -7.049260139465332031e-01 -4.282895624637603760e-01 -8.233178853988647461e-01 -1.960142850875854492e-01 1.809282779693603516e+00 -3.388616144657135010e-01 3.202121555805206299e-01 -2.067676633596420288e-01 -4.669333994388580322e-01 6.344482302665710449e-01 -1.499829590320587158e-01 -5.000000000000000000e-01 7.663560509681701660e-01 1.000000000000000000e+00
-1.254565596580505371e+00 2.248194456100463867e+00 -1.427148938179016113e+00 1.568392038345336914e+00 -6.997070312500000000e-01 5.100595951080322266e-01 -9.636498689651489258e-01 1.046986699104309082e+00 6.116127967834472656e-01 1.278828680515289307e-01 4.608306884765625000e-01 -7.049260139465332031e-01 -4.282895624637603760e-01 -8.233178853988647461e-01 -1.960142850875854492e-01 -5.527051687240600586e-01 -3.388616144657135010e-01 -3.122929334640502930e+00 -2.067676633596420288e-01 2.141633033752441406e+00 -1.576172709465026855e+00 -1.499829590320587158e-01 -5.000000000000000000e-01 7.663560509681701660e-01 1.000000000000000000e+00
-1.254565596580505371e+00 -4.897623956203460693e-01 4.202930629253387451e-01 1.164722964167594910e-01 -6.997070312500000000e-01 1.338078498840332031e+00 -9.636498689651489258e-01 1.046986699104309082e+00 -3.410550951957702637e-01 -7.516416907310485840e-01 4.608306884765625000e-01 1.027078866958618164e+00 -4.282895624637603760e-01 -8.233178853988647461e-01 -1.960142850875854492e-01 -5.527051687240600586e-01 -3.388616144657135010e-01 3.202121555805206299e-01 -2.067676633596420288e-01 -4.669333994388580322e-01 6.344482302665710449e-01 -1.499829590320587158e-01 2.000000000000000000e+00 -1.304876565933227539e+00 1.000000000000000000e+00
1.132052540779113770e+00 8.047933690249919891e-03 -5.034279823303222656e-01 -2.730671465396881104e-01 1.833169102668762207e+00 1.338078498840332031e+00 4.493264853954315186e-01 1.046986699104309082e+00 -1.293722987174987793e+00 9.194549322128295898e-01 4.608306884765625000e-01 -7.049260139465332031e-01 -4.282895624637603760e-01 1.214597702026367188e+00 -1.960142850875854492e-01 -5.527051687240600586e-01 2.951056957244873047e+00 3.202121555805206299e-01 -2.067676633596420288e-01 -4.669333994388580322e-01 6.344482302665710449e-01 -1.499829590320587158e-01 -5.000000000000000000e-01 -1.304876565933227539e+00 1.000000000000000000e+00
1.132052540779113770e+00 -2.408572286367416382e-01 -5.034279823303222656e-01 -6.271939277648925781e-01 -6.997070312500000000e-01 -1.145978093147277832e+00 1.862302780151367188e+00 1.046986699104309082e+00 -1.293722987174987793e+00 3.037877678871154785e-01 4.608306884765625000e-01 -7.049260139465332031e-01 -4.282895624637603760e-01 1.214597702026367188e+00 -1.960142850875854492e-01 -5.527051687240600586e-01 -3.388616144657135010e-01 3.202121555805206299e-01 -2.067676633596420288e-01 -4.669333994388580322e-01 6.344482302665710449e-01 -1.499829590320587158e-01 -5.000000000000000000e-01 7.663560509681701660e-01 1.000000000000000000e+00
-4.590262472629547119e-01 -7.386675477027893066e-01 -5.034279823303222656e-01 -6.271939277648925781e-01 -6.997070312500000000e-01 -1.145978093147277832e+00 1.862302780151367188e+00 -1.672459244728088379e+00 -1.293722987174987793e+00 -1.103451490402221680e+00 4.608306884765625000e-01 -7.049260139465332031e-01 -4.282895624637603760e-01 -8.233178853988647461e-01 -1.960142850875854492e-01 -5.527051687240600586e-01 -3.388616144657135010e-01 3.202121555805206299e-01 -2.067676633596420288e-01 2.141633033752441406e+00 -1.576172709465026855e+00 -1.499829590320587158e-01 -5.000000000000000000e-01 7.663560509681701660e-01 1.000000000000000000e+00
3.365131616592407227e-01 -7.386675477027893066e-01 -5.034279823303222656e-01 -4.855432212352752686e-01 -6.997070312500000000e-01 -3.179592490196228027e-01 -9.636498689651489258e-01 -7.659772634506225586e-01 6.116127967834472656e-01 7.435500621795654297e-01 4.608306884765625000e-01 -7.049260139465332031e-01 -4.282895624637603760e-01 1.214597702026367188e+00 -1.960142850875854492e-01 -5.527051687240600586e-01 -3.388616144657135010e-01 3.202121555805206299e-01 -2.067676633596420288e-01 2.141633033752441406e+00 -1.576172709465026855e+00 -1.499829590320587158e-01 2.000000000000000000e+00 -1.304876565933227539e+00 1.000000000000000000e+00
-1.254565596580505371e+00 2.569530904293060303e-01 -5.034279823303222656e-01 -2.517841383814811707e-02 -6.997070312500000000e-01 -1.145978093147277832e+00 -9.636498689651489258e-01 1.046986699104309082e+00 -1.293722987174987793e+00 -1.103451490402221680e+00 4.608306884765625000e-01 -7.049260139465332031e-01 -4.282895624637603760e-01 1.214597702026367188e+00 -1.960142850875854492e-01 -5.527051687240600586e-01 -3.388616144657135010e-01 3.202121555805206299e-01 -2.067676633596420288e-01 2.141633033752441406e+00 -1.576172709465026855e+00 -1.499829590320587158e-01 2.000000000000000000e+00 -1.304876565933227539e+00 1.000000000000000000e+00
-4.590262472629547119e-01 4.239435672760009766e+00 -5.034279823303222656e-01 8.247258067131042480e-01 -6.648799777030944824e-02 -3.179592490196228027e-01 1.862302780151367188e+00 -7.659772634506225586e-01 6.116127967834472656e-01 -1.015498995780944824e+00 4.608306884765625000e-01 -7.049260139465332031e-01 -4.282895624637603760e-01 -8.233178853988647461e-01 -1.960142850875854492e-01 -5.527051687240600586e-01 -3.388616144657135010e-01 3.202121555805206299e-01 -2.067676633596420288e-01 -4.669333994388580322e-01 6.344482302665710449e-01 -1.499829590320587158e-01 -5.000000000000000000e-01 7.663560509681701660e-01 1.000000000000000000e+00
1.132052540779113770e+00 1.252573728561401367e+00 1.344014048576354980e+00 2.772423028945922852e+00 1.833169102668762207e+00 -3.179592490196228027e-01 4.493264853954315186e-01 -7.659772634506225586e-01 6.116127967834472656e-01 -4.877842962741851807e-01 4.608306884765625000e-01 -7.049260139465332031e-01 -4.282895624637603760e-01 1.214597702026367188e+00 -1.960142850875854492e-01 -5.527051687240600586e-01 2.951056957244873047e+00 3.202121555805206299e-01 -2.067676633596420288e-01 -4.669333994388580322e-01 6.344482302665710449e-01 -1.499829590320587158e-01 -5.000000000000000000e-01 -1.304876565933227539e+00 1.000000000000000000e+00
1.132052540779113770e+00 -4.897623956203460693e-01 1.344014048576354980e+00 -6.271939277648925781e-01 1.833169102668762207e+00 1.338078498840332031e+00 4.493264853954315186e-01 1.046986699104309082e+00 -3.410550951957702637e-01 2.414646625518798828e+00 4.608306884765625000e-01 -7.049260139465332031e-01 -4.282895624637603760e-01 -8.233178853988647461e-01 -1.960142850875854492e-01 -5.527051687240600586e-01 -3.388616144657135010e-01 3.202121555805206299e-01 -2.067676633596420288e-01 -4.669333994388580322e-01 6.344482302665710449e-01 -1.499829590320587158e-01 -5.000000000000000000e-01 7.663560509681701660e-01 1.000000000000000000e+00
-4.590262472629547119e-01 -7.386675477027893066e-01 -2.350869894027709961e+00 -9.600377082824707031e-02 -6.997070312500000000e-01 -1.145978093147277832e+00 -9.636498689651489258e-01 1.405047029256820679e-01 -3.410550951957702637e-01 -9.275465607643127441e-01 4.608306884765625000e-01 1.027078866958618164e+00 -4.282895624637603760e-01 -8.233178853988647461e-01 -1.960142850875854492e-01 -5.527051687240600586e-01 -3.388616144657135010e-01 3.202121555805206299e-01 -2.067676633596420288e-01 2.141633033752441406e+00 -1.576172709465026855e+00 -1.499829590320587158e-01 -5.000000000000000000e-01 7.663560509681701660e-01 1.000000000000000000e+00
-1.254565596580505371e+00 2.569530904293060303e-01 1.344014048576354980e+00 1.108027219772338867e+00 -6.997070312500000000e-01 1.338078498840332031e+00 -9.636498689651489258e-01 1.046986699104309082e+00 1.564280629158020020e+00 7.435500621795654297e-01 4.608306884765625000e-01 1.027078866958618164e+00 2.334868907928466797e+00 1.214597702026367188e+00 -1.960142850875854492e-01 -5.527051687240600586e-01 2.951056957244873047e+00 3.202121555805206299e-01 -2.067676633596420288e-01 -4.669333994388580322e-01 -1.576172709465026855e+00 -1.499829590320587158e-01 -5.000000000000000000e-01 -1.304876565933227539e+00 1.000000000000000000e+00
1.132052540779113770e+00 8.047933690249919891e-03 1.344014048576354980e+00 3.339025974273681641e+00 1.833169102668762207e+00 1.338078498840332031e+00 4.493264853954315186e-01 1.046986699104309082e+00 1.564280629158020020e+00 -4.877842962741851807e-01 4.608306884765625000e-01 -7.049260139465332031e-01 -4.282895624637603760e-01 1.214597702026367188e+00 -1.960142850875854492e-01 1.809282779693603516e+00 -3.388616144657135010e-01 3.202121555805206299e-01 -2.067676633596420288e-01 -4.669333994388580322e-01 -1.576172709465026855e+00 -1.499829590320587158e-01 -5.000000000000000000e-01 -1.304876565933227539e+00 1.000000000000000000e+00
-1.254565596580505371e+00 -7.386675477027893066e-01 -5.034279823303222656e-01 -9.104953408241271973e-01 -6.997070312500000000e-01 -3.179592490196228027e-01 4.493264853954315186e-01 1.046986699104309082e+00 6.116127967834472656e-01 3.917402327060699463e-01 4.608306884765625000e-01 -7.049260139465332031e-01 2.334868907928466797e+00 -8.233178853988647461e-01 -1.960142850875854492e-01 -5.527051687240600586e-01 -3.388616144657135010e-01 3.202121555805206299e-01 -2.067676633596420288e-01 2.141633033752441406e+00 -1.576172709465026855e+00 -1.499829590320587158e-01 2.000000000000000000e+00 -1.304876565933227539e+00 1.000000000000000000e+00
-1.254565596580505371e+00 7.547634243965148926e-01 -5.034279823303222656e-01 3.091137170791625977e+00 -6.997070312500000000e-01 -1.145978093147277832e+00 -2.376626253128051758e+00 -1.672459244728088379e+00 1.564280629158020020e+00 -1.359744966030120850e-01 4.608306884765625000e-01 -7.049260139465332031e-01 -4.282895624637603760e-01 1.214597702026367188e+00 -1.960142850875854492e-01 -5.527051687240600586e-01 -3.388616144657135010e-01 3.202121555805206299e-01 -2.067676633596420288e-01 -4.669333994388580322e-01 6.344482302665710449e-01 -1.499829590320587158e-01 2.000000000000000000e+00 -1.304876565933227539e+00 1.000000000000000000e+00
3.365131616592407227e-01 -4.897623956203460693e-01 -5.034279823303222656e-01 -3.438925147056579590e-01 -6.997070312500000000e-01 -1.145978093147277832e+00 -9.636498689651489258e-01 1.405047029256820679e-01 -1.293722987174987793e+00 -9.275465607643127441e-01 4.608306884765625000e-01 -7.049260139465332031e-01 -4.282895624637603760e-01 -8.233178853988647461e-01 -1.960142850875854492e-01 -5.527051687240600586e-01 -3.388616144657135010e-01 3.202121555805206299e-01 -2.067676633596420288e-01 -4.669333994388580322e-01 6.344482302665710449e-01 -1.499829590320587158e-01 2.000000000000000000e+00 -1.304876565933227539e+00 1.000000000000000000e+00
-4.590262472629547119e-01 1.501478910446166992e+00 1.344014048576354980e+00 5.768371224403381348e-01 -6.997070312500000000e-01 5.100595951080322266e-01 4.493264853954315186e-01 -7.659772634506225586e-01 -1.293722987174987793e+00 -9.275465607643127441e-01 4.608306884765625000e-01 1.027078866958618164e+00 -4.282895624637603760e-01 -8.233178853988647461e-01 -1.960142850875854492e-01 -5.527051687240600586e-01 -3.388616144657135010e-01 -3.122929334640502930e+00 -2.067676633596420288e-01 -4.669333994388580322e-01 6.344482302665710449e-01 -1.499829590320587158e-01 -5.000000000000000000e-01 7.663560509681701660e-01 1.000000000000000000e+00
-1.254565596580505371e+00 2.569530904293060303e-01 1.344014048576354980e+00 -9.600377082824707031e-02 -6.997070312500000000e-01 1.338078498840332031e+00 4.493264853954315186e-01 1.046986699104309082e+00 -3.410550951957702637e-01 2.414646625518798828e+00 4.608306884765625000e-01 1.027078866958618164e+00 -4.282895624637603760e-01 1.214597702026367188e+00 -1.960142850875854492e-01 -5.527051687240600586e-01 2.951056957244873047e+00 3.202121555805206299e-01 -2.067676633596420288e-01 -4.669333994388580322e-01 6.344482302665710449e-01 -1.499829590320587158e-01 -5.000000000000000000e-01 7.663560509681701660e-01 1.000000000000000000e+00
-4.590262472629547119e-01 -2.408572286367416382e-01 1.344014048576354980e+00 -7.688446044921875000e-01 -6.997070312500000000e-01 1.338078498840332031e+00 4.493264853954315186e-01 1.405047029256820679e-01 -1.293722987174987793e+00 -4.877842962741851807e-01 -2.375050544738769531e+00 1.027078866958618164e+00 -4.282895624637603760e-01 -8.233178853988647461e-01 -1.960142850875854492e-01 1.809282779693603516e+00 -3.388616144657135010e-01 -3.122929334640502930e+00 -2.067676633596420288e-01 -4.669333994388580322e-01 6.344482302665710449e-01 -1.499829590320587158e-01 -5.000000000000000000e-01 7.663560509681701660e-01 1.000000000000000000e+00
1.132052540779113770e+00 7.547634243965148926e-01 4.202930629253387451e-01 3.643610477447509766e-01 -6.648799777030944824e-02 -3.179592490196228027e-01 4.493264853954315186e-01 -7.659772634506225586e-01 -3.410550951957702637e-01 -8.395941257476806641e-01 4.608306884765625000e-01 1.027078866958618164e+00 -4.282895624637603760e-01 -8.233178853988647461e-01 -1.960142850875854492e-01 -5.527051687240600586e-01 -3.388616144657135010e-01 3.202121555805206299e-01 -2.067676633596420288e-01 -4.669333994388580322e-01 6.344482302665710449e-01 -1.499829590320587158e-01 2.000000000000000000e+00 -1.304876565933227539e+00 1.000000000000000000e+00
1.132052540779113770e+00 -9.875727295875549316e-01 -5.034279823303222656e-01 -6.626065969467163086e-01 -6.997070312500000000e-01 5.100595951080322266e-01 -9.636498689651489258e-01 -7.659772634506225586e-01 6.116127967834472656e-01 -7.516416907310485840e-01 4.608306884765625000e-01 1.027078866958618164e+00 -4.282895624637603760e-01 -8.233178853988647461e-01 -1.960142850875854492e-01 -5.527051687240600586e-01 -3.388616144657135010e-01 3.202121555805206299e-01 -2.067676633596420288e-01 -4.669333994388580322e-01 6.344482302665710449e-01 -1.499829590320587158e-01 -5.000000000000000000e-01 7.663560509681701660e-01 1.000000000000000000e+00
-4.590262472629547119e-01 -9.875727295875549316e-01 -5.034279823303222656e-01 -1.052146077156066895e+00 -6.997070312500000000e-01 -3.179592490196228027e-01 1.862302780151367188e+00 1.046986699104309082e+00 -1.293722987174987793e+00 -1.191403985023498535e+00 4.608306884765625000e-01 -7.049260139465332031e-01 -4.282895624637603760e-01 -8.233178853988647461e-01 -1.960142850875854492e-01 1.809282779693603516e+00 -3.388616144657135010e-01 3.202121555805206299e-01 -2.067676633596420288e-01 2.141633033752441406e+00 -1.576172709465026855e+00 -1.499829590320587158e-01 2.000000000000000000e+00 -1.304876565933227539e+00 1.000000000000000000e+00
1.132052540779113770e+00 -2.408572286367416382e-01 -5.034279823303222656e-01 4.705990552902221680e-01 -6.997070312500000000e-01 -1.145978093147277832e+00 4.493264853954315186e-01 -7.659772634506225586e-01 6.116127967834472656e-01 -3.118793964385986328e-01 4.608306884765625000e-01 -7.049260139465332031e-01 -4.282895624637603760e-01 1.214597702026367188e+00 -1.960142850875854492e-01 -5.527051687240600586e-01 -3.388616144657135010e-01 3.202121555805206299e-01 -2.067676633596420288e-01 -4.669333994388580322e-01 6.344482302665710449e-01 -1.499829590320587158e-01 -5.000000000000000000e-01 7.663560509681701660e-01 1.000000000000000000e+00
1.132052540779113770e+00 -2.408572286367416382e-01 -5.034279823303222656e-01 -2.022417932748794556e-01 1.833169102668762207e+00 5.100595951080322266e-01 4.493264853954315186e-01 1.405047029256820679e-01 -3.410550951957702637e-01 -3.118793964385986328e-01 4.608306884765625000e-01 -7.049260139465332031e-01 -4.282895624637603760e-01 -8.233178853988647461e-01 5.101668834686279297e+00 1.809282779693603516e+00 -3.388616144657135010e-01 3.202121555805206299e-01 -2.067676633596420288e-01 -4.669333994388580322e-01 6.344482302665710449e-01 -1.499829590320587158e-01 -5.000000000000000000e-01 7.663560509681701660e-01 1.000000000000000000e+00
1.132052540779113770e+00 1.252573728561401367e+00 -5.034279823303222656e-01 1.710042715072631836e+00 -6.997070312500000000e-01 -3.179592490196228027e-01 -9.636498689651489258e-01 -7.659772634506225586e-01 -3.410550951957702637e-01 -4.877842962741851807e-01 -2.375050544738769531e+00 -7.049260139465332031e-01 -4.282895624637603760e-01 -8.233178853988647461e-01 -1.960142850875854492e-01 -5.527051687240600586e-01 2.951056957244873047e+00 3.202121555805206299e-01 -2.067676633596420288e-01 -4.669333994388580322e-01 6.344482302665710449e-01 -1.499829590320587158e-01 -5.000000000000000000e-01 7.663560509681701660e-01 1.000000000000000000e+00
1.132052540779113770e+00 2.569530904293060303e-01 -5.034279823303222656e-01 -5.917812585830688477e-01 -6.997070312500000000e-01 5.100595951080322266e-01 4.493264853954315186e-01 -1.672459244728088379e+00 6.116127967834472656e-01 -3.118793964385986328e-01 -2.375050544738769531e+00 -7.049260139465332031e-01 2.334868907928466797e+00 -8.233178853988647461e-01 -1.960142850875854492e-01 -5.527051687240600586e-01 -3.388616144657135010e-01 3.202121555805206299e-01 -2.067676633596420288e-01 -4.669333994388580322e-01 6.344482302665710449e-01 -1.499829590320587158e-01 -5.000000000000000000e-01 7.663560509681701660e-01 1.000000000000000000e+00
3.365131616592407227e-01 2.569530904293060303e-01 -5.034279823303222656e-01 -6.626065969467163086e-01 -6.648799777030944824e-02 1.338078498840332031e+00 -9.636498689651489258e-01 -7.659772634506225586e-01 1.564280629158020020e+00 1.007407426834106445e+00 4.608306884765625000e-01 -7.049260139465332031e-01 -4.282895624637603760e-01 1.214597702026367188e+00 -1.960142850875854492e-01 -5.527051687240600586e-01 -3.388616144657135010e-01 3.202121555805206299e-01 -2.067676633596420288e-01 -4.669333994388580322e-01 -1.576172709465026855e+00 -1.499829590320587158e-01 -5.000000000000000000e-01 7.663560509681701660e-01 1.000000000000000000e+00
1.132052540779113770e+00 8.047933690249919891e-03 4.202930629253387451e-01 -9.600377082824707031e-02 -6.997070312500000000e-01 -3.179592490196228027e-01 4.493264853954315186e-01 -7.659772634506225586e-01 -1.293722987174987793e+00 -6.636891961097717285e-01 -9.571098685264587402e-01 1.027078866958618164e+00 -4.282895624637603760e-01 -8.233178853988647461e-01 -1.960142850875854492e-01 -5.527051687240600586e-01 2.951056957244873047e+00 3.202121555805206299e-01 -2.067676633596420288e-01 -4.669333994388580322e-01 6.344482302665710449e-01 -1.499829590320587158e-01 2.000000000000000000e+00 -1.304876565933227539e+00 1.000000000000000000e+00
-1.254565596580505371e+00 -7.386675477027893066e-01 -2.350869894027709961e+00 -7.688446044921875000e-01 -6.997070312500000000e-01 5.100595951080322266e-01 4.493264853954315186e-01 1.405047029256820679e-01 -1.293722987174987793e+00 -6.636891961097717285e-01 4.608306884765625000e-01 1.027078866958618164e+00 -4.282895624637603760e-01 -8.233178853988647461e-01 -1.960142850875854492e-01 -5.527051687240600586e-01 -3.388616144657135010e-01 3.202121555805206299e-01 -2.067676633596420288e-01 -4.669333994388580322e-01 6.344482302665710449e-01 -1.499829590320587158e-01 -5.000000000000000000e-01 7.663560509681701660e-01 1.000000000000000000e+00
1.132052540779113770e+00 1.252573728561401367e+00 -5.034279823303222656e-01 -5.209559202194213867e-01 -6.997070312500000000e-01 -3.179592490196228027e-01 4.493264853954315186e-01 1.046986699104309082e+00 1.564280629158020020e+00 1.278828680515289307e-01 -9.571098685264587402e-01 -7.049260139465332031e-01 -4.282895624637603760e-01 1.214597702026367188e+00 -1.960142850875854492e-01 -5.527051687240600586e-01 -3.388616144657135010e-01 3.202121555805206299e-01 -2.067676633596420288e-01 -4.669333994388580322e-01 -1.576172709465026855e+00 -1.499829590320587158e-01 -5.000000000000000000e-01 7.663560509681701660e-01 1.000000000000000000e+00
-4.590262472629547119e-01 -2.408572286367416382e-01 4.202930629253387451e-01 3.643610477447509766e-01 -6.997070312500000000e-01 1.338078498840332031e+00 -2.376626253128051758e+00 1.405047029256820679e-01 1.564280629158020020e+00 3.917402327060699463e-01 4.608306884765625000e-01 -7.049260139465332031e-01 -4.282895624637603760e-01 1.214597702026367188e+00 -1.960142850875854492e-01 -5.527051687240600586e-01 -3.388616144657135010e-01 3.202121555805206299e-01 -2.067676633596420288e-01 -4.669333994388580322e-01 6.344482302665710449e-01 -1.499829590320587158e-01 -5.000000000000000000e-01 -1.304876565933227539e+00 1.000000000000000000e+00
3.365131616592407227e-01 -9.046043157577514648e-01 -5.034279823303222656e-01 -7.334319353103637695e-01 -6.997070312500000000e-01 -3.179592490196228027e-01 4.493264853954315186e-01 -7.659772634506225586e-01 6.116127967834472656e-01 1.278828680515289307e-01 4.608306884765625000e-01 -7.049260139465332031e-01 -4.282895624637603760e-01 1.214597702026367188e+00 -1.960142850875854492e-01 -5.527051687240600586e-01 -3.388616144657135010e-01 3.202121555805206299e-01 -2.067676633596420288e-01 -4.669333994388580322e-01 6.344482302665710449e-01 -1.499829590320587158e-01 -5.000000000000000000e-01 7.663560509681701660e-01 1.000000000000000000e+00
3.365131616592407227e-01 2.569530904293060303e-01 1.344014048576354980e+00 1.164722964167594910e-01 1.833169102668762207e+00 1.338078498840332031e+00 4.493264853954315186e-01 1.046986699104309082e+00 1.564280629158020020e+00 -1.367308855056762695e+00 4.608306884765625000e-01 1.027078866958618164e+00 -4.282895624637603760e-01 -8.233178853988647461e-01 -1.960142850875854492e-01 -5.527051687240600586e-01 -3.388616144657135010e-01 -3.122929334640502930e+00 4.836346149444580078e+00 2.141633033752441406e+00 -1.576172709465026855e+00 -1.499829590320587158e-01 -5.000000000000000000e-01 7.663560509681701660e-01 1.000000000000000000e+00
-1.254565596580505371e+00 -7.386675477027893066e-01 1.344014048576354980e+00 -6.271939277648925781e-01 -6.997070312500000000e-01 1.338078498840332031e+00 4.493264853954315186e-01 1.046986699104309082e+00 1.564280629158020020e+00 2.678503990173339844e+00 4.608306884765625000e-01 1.027078866958618164e+00 -4.282895624637603760e-01 -8.233178853988647461e-01 -1.960142850875854492e-01 -5.527051687240600586e-01 2.951056957244873047e+00 3.202121555805206299e-01 -2.067676633596420288e-01 -4.669333994388580322e-01 -1.576172709465026855e+00 -1.499829590320587158e-01 -5.000000000000000000e-01 -1.304876565933227539e+00 1.000000000000000000e+00
1.132052540779113770e+00 -1.236477851867675781e+00 1.344014048576354980e+00 -4.855432212352752686e-01 1.833169102668762207e+00 -3.179592490196228027e-01 4.493264853954315186e-01 -7.659772634506225586e-01 -1.293722987174987793e+00 -1.359744966030120850e-01 4.608306884765625000e-01 1.027078866958618164e+00 2.334868907928466797e+00 -8.233178853988647461e-01 -1.960142850875854492e-01 -5.527051687240600586e-01 -3.388616144657135010e-01 3.202121555805206299e-01 -2.067676633596420288e-01 -4.669333994388580322e-01 6.344482302665710449e-01 -1.499829590320587158e-01 2.000000000000000000e+00 -1.304876565933227539e+00 1.000000000000000000e+00
1.132052540779113770e+00 -1.236477851867675781e+00 1.344014048576354980e+00 1.249678015708923340e+00 -6.997070312500000000e-01 5.100595951080322266e-01 4.493264853954315186e-01 1.405047029256820679e-01 1.564280629158020020e+00 8.315024971961975098e-01 4.608306884765625000e-01 1.027078866958618164e+00 2.334868907928466797e+00 1.214597702026367188e+00 -1.960142850875854492e-01 1.809282779693603516e+00 -3.388616144657135010e-01 3.202121555805206299e-01 -2.067676633596420288e-01 -4.669333994388580322e-01 6.344482302665710449e-01 -1.499829590320587158e-01 -5.000000000000000000e-01 -1.304876565933227539e+00 1.000000000000000000e+00
-1.254565596580505371e+00 2.569530904293060303e-01 -5.034279823303222656e-01 -1.314164400100708008e-01 -6.997070312500000000e-01 -3.179592490196228027e-01 4.493264853954315186e-01 1.046986699104309082e+00 1.564280629158020020e+00 2.414646625518798828e+00 -2.375050544738769531e+00 -7.049260139465332031e-01 2.334868907928466797e+00 1.214597702026367188e+00 -1.960142850875854492e-01 -5.527051687240600586e-01 2.951056957244873047e+00 -3.122929334640502930e+00 -2.067676633596420288e-01 -4.669333994388580322e-01 6.344482302665710449e-01 -1.499829590320587158e-01 -5.000000000000000000e-01 7.663560509681701660e-01 1.000000000000000000e+00
-4.590262472629547119e-01 2.248194456100463867e+00 -5.034279823303222656e-01 4.401406288146972656e+00 -6.997070312500000000e-01 -3.179592490196228027e-01 4.493264853954315186e-01 -7.659772634506225586e-01 6.116127967834472656e-01 -1.103451490402221680e+00 4.608306884765625000e-01 -7.049260139465332031e-01 -4.282895624637603760e-01 1.214597702026367188e+00 -1.960142850875854492e-01 -5.527051687240600586e-01 -3.388616144657135010e-01 3.202121555805206299e-01 -2.067676633596420288e-01 -4.669333994388580322e-01 6.344482302665710449e-01 -1.499829590320587158e-01 -5.000000000000000000e-01 7.663560509681701660e-01 1.000000000000000000e+00
1.132052540779113770e+00 -7.386675477027893066e-01 -5.034279823303222656e-01 -4.855432212352752686e-01 -6.997070312500000000e-01 1.338078498840332031e+00 4.493264853954315186e-01 1.046986699104309082e+00 6.116127967834472656e-01 3.037877678871154785e-01 4.608306884765625000e-01 -7.049260139465332031e-01 -4.282895624637603760e-01 1.214597702026367188e+00 -1.960142850875854492e-01 1.809282779693603516e+00 -3.388616144657135010e-01 3.202121555805206299e-01 -2.067676633596420288e-01 -4.669333994388580322e-01 6.344482302665710449e-01 -1.499829590320587158e-01 -5.000000000000000000e-01 -1.304876565933227539e+00 1.000000000000000000e+00
1.132052540779113770e+00 -2.408572286367416382e-01 1.344014048576354980e+00 1.872976422309875488e-01 -6.997070312500000000e-01 5.100595951080322266e-01 4.493264853954315186e-01 -1.672459244728088379e+00 6.116127967834472656e-01 -7.516416907310485840e-01 4.608306884765625000e-01 1.027078866958618164e+00 -4.282895624637603760e-01 -8.233178853988647461e-01 -1.960142850875854492e-01 -5.527051687240600586e-01 2.951056957244873047e+00 3.202121555805206299e-01 -2.067676633596420288e-01 -4.669333994388580322e-01 6.344482302665710449e-01 -1.499829590320587158e-01 -5.000000000000000000e-01 7.663560509681701660e-01 1.000000000000000000e+00
-4.590262472629547119e-01 2.248194456100463867e+00 -2.350869894027709961e+00 3.941041469573974609e+00 -6.997070312500000000e-01 -3.179592490196228027e-01 4.493264853954315186e-01 -7.659772634506225586e-01 6.116127967834472656e-01 -9.275465607643127441e-01 4.608306884765625000e-01 -7.049260139465332031e-01 -4.282895624637603760e-01 1.214597702026367188e+00 -1.960142850875854492e-01 -5.527051687240600586e-01 -3.388616144657135010e-01 3.202121555805206299e-01 -2.067676633596420288e-01 -4.669333994388580322e-01 6.344482302665710449e-01 -1.499829590320587158e-01 -5.000000000000000000e-01 7.663560509681701660e-01 1.000000000000000000e+00
-1.254565596580505371e+00 -7.386675477027893066e-01 -5.034279823303222656e-01 -9.104953408241271973e-01 -6.997070312500000000e-01 -3.179592490196228027e-01 1.862302780151367188e+00 -7.659772634506225586e-01 -1.293722987174987793e+00 3.917402327060699463e-01 4.608306884765625000e-01 -7.049260139465332031e-01 -4.282895624637603760e-01 -8.233178853988647461e-01 -1.960142850875854492e-01 -5.527051687240600586e-01 -3.388616144657135010e-01 3.202121555805206299e-01 -2.067676633596420288e-01 -4.669333994388580322e-01 6.344482302665710449e-01 -1.499829590320587158e-01 2.000000000000000000e+00 -1.304876565933227539e+00 1.000000000000000000e+00
-1.254565596580505371e+00 2.248194456100463867e+00 -5.034279823303222656e-01 3.643610477447509766e-01 -6.997070312500000000e-01 -1.145978093147277832e+00 -9.636498689651489258e-01 1.046986699104309082e+00 -3.410550951957702637e-01 -1.015498995780944824e+00 4.608306884765625000e-01 -7.049260139465332031e-01 -4.282895624637603760e-01 -8.233178853988647461e-01 -1.960142850875854492e-01 -5.527051687240600586e-01 -3.388616144657135010e-01 3.202121555805206299e-01 -2.067676633596420288e-01 2.141633033752441406e+00 -1.576172709465026855e+00 -1.499829590320587158e-01 -5.000000000000000000e-01 7.663560509681701660e-01 1.000000000000000000e+00
-1.254565596580505371e+00 1.252573728561401367e+00 -5.034279823303222656e-01 7.893131375312805176e-01 -6.997070312500000000e-01 1.338078498840332031e+00 4.493264853954315186e-01 1.046986699104309082e+00 1.564280629158020020e+00 5.676451325416564941e-01 4.608306884765625000e-01 -7.049260139465332031e-01 2.334868907928466797e+00 -8.233178853988647461e-01 -1.960142850875854492e-01 -5.527051687240600586e-01 2.951056957244873047e+00 3.202121555805206299e-01 -2.067676633596420288e-01 -4.669333994388580322e-01 -1.576172709465026855e+00 -1.499829590320587158e-01 -5.000000000000000000e-01 7.663560509681701660e-01 1.000000000000000000e+00
1.132052540779113770e+00 -4.897623956203460693e-01 -5.034279823303222656e-01 5.060117244720458984e-01 -6.997070312500000000e-01 -3.179592490196228027e-01 4.493264853954315186e-01 -7.659772634506225586e-01 6.116127967834472656e-01 -4.877842962741851807e-01 4.608306884765625000e-01 -7.049260139465332031e-01 -4.282895624637603760e-01 1.214597702026367188e+00 -1.960142850875854492e-01 -5.527051687240600586e-01 2.951056957244873047e+00 3.202121555805206299e-01 -2.067676633596420288e-01 -4.669333994388580322e-01 6.344482302665710449e-01 -1.499829590320587158e-01 -5.000000000000000000e-01 7.663560509681701660e-01 1.000000000000000000e+00
1.132052540779113770e+00 -2.408572286367416382e-01 1.344014048576354980e+00 1.001789212226867676e+00 -6.997070312500000000e-01 1.338078498840332031e+00 4.493264853954315186e-01 1.046986699104309082e+00 6.116127967834472656e-01 -2.239269465208053589e-01 4.608306884765625000e-01 1.027078866958618164e+00 -4.282895624637603760e-01 1.214597702026367188e+00 -1.960142850875854492e-01 -5.527051687240600586e-01 -3.388616144657135010e-01 3.202121555805206299e-01 -2.067676633596420288e-01 -4.669333994388580322e-01 6.344482302665710449e-01 -1.499829590320587158e-01 -5.000000000000000000e-01 7.663560509681701660e-01 1.000000000000000000e+00
1.132052540779113770e+00 2.569530904293060303e-01 -5.034279823303222656e-01 -6.980192661285400391e-01 -6.648799777030944824e-02 5.100595951080322266e-01 1.862302780151367188e+00 1.405047029256820679e-01 -3.410550951957702637e-01 -8.395941257476806641e-01 4.608306884765625000e-01 -7.049260139465332031e-01 -4.282895624637603760e-01 1.214597702026367188e+00 -1.960142850875854492e-01 -5.527051687240600586e-01 -3.388616144657135010e-01 3.202121555805206299e-01 -2.067676633596420288e-01 -4.669333994388580322e-01 6.344482302665710449e-01 -1.499829590320587158e-01 -5.000000000000000000e-01 7.663560509681701660e-01 1.000000000000000000e+00
3.365131616592407227e-01 2.569530904293060303e-01 -5.034279823303222656e-01 -1.314164400100708008e-01 -6.997070312500000000e-01 1.338078498840332031e+00 -2.376626253128051758e+00 1.046986699104309082e+00 1.564280629158020020e+00 1.359217166900634766e+00 4.608306884765625000e-01 -7.049260139465332031e-01 -4.282895624637603760e-01 -8.233178853988647461e-01 -1.960142850875854492e-01 -5.527051687240600586e-01 -3.388616144657135010e-01 3.202121555805206299e-01 -2.067676633596420288e-01 -4.669333994388580322e-01 -1.576172709465026855e+00 -1.499829590320587158e-01 -5.000000000000000000e-01 7.663560509681701660e-01 1.000000000000000000e+00
1.132052540779113770e+00 -2.408572286367416382e-01 1.344014048576354980e+00 -5.917812585830688477e-01 1.199950098991394043e+00 1.338078498840332031e+00 4.493264853954315186e-01 1.046986699104309082e+00 6.116127967834472656e-01 9.194549322128295898e-01 4.608306884765625000e-01 1.027078866958618164e+00 -4.282895624637603760e-01 -8.233178853988647461e-01 -1.960142850875854492e-01 -5.527051687240600586e-01 -3.388616144657135010e-01 3.202121555805206299e-01 -2.067676633596420288e-01 -4.669333994388580322e-01 6.344482302665710449e-01 -1.499829590320587158e-01 -5.000000000000000000e-01 7.663560509681701660e-01 1.000000000000000000e+00
-4.590262472629547119e-01 2.569530904293060303e-01 4.202930629253387451e-01 1.108027219772338867e+00 -6.997070312500000000e-01 -1.145978093147277832e+00 4.493264853954315186e-01 -7.659772634506225586e-01 6.116127967834472656e-01 -2.239269465208053589e-01 4.608306884765625000e-01 -7.049260139465332031e-01 -4.282895624637603760e-01 -8.233178853988647461e-01 -1.960142850875854492e-01 -5.527051687240600586e-01 -3.388616144657135010e-01 3.202121555805206299e-01 -2.067676633596420288e-01 -4.669333994388580322e-01 6.344482302665710449e-01 -1.499829590320587158e-01 -5.000000000000000000e-01 7.663560509681701660e-01 1.000000000000000000e+00
-4.590262472629547119e-01 -7.386675477027893066e-01 -5.034279823303222656e-01 -9.459080100059509277e-01 -6.997070312500000000e-01 -1.145978093147277832e+00 1.862302780151367188e+00 -1.672459244728088379e+00 -1.293722987174987793e+00 -8.395941257476806641e-01 -2.375050544738769531e+00 -7.049260139465332031e-01 -4.282895624637603760e-01 -8.233178853988647461e-01 -1.960142850875854492e-01 -5.527051687240600586e-01 -3.388616144657135010e-01 -3.122929334640502930e+00 -2.067676633596420288e-01 -4.669333994388580322e-01 6.344482302665710449e-01 -1.499829590320587158e-01 2.000000000000000000e+00 -1.304876565933227539e+00 1.000000000000000000e+00
-4.590262472629547119e-01 -7.386675477027893066e-01 4.202930629253387451e-01 -9.459080100059509277e-01 -6.997070312500000000e-01 -3.179592490196228027e-01 1.862302780151367188e+00 1.046986699104309082e+00 -1.293722987174987793e+00 -1.367308855056762695e+00 4.608306884765625000e-01 1.027078866958618164e+00 -4.282895624637603760e-01 -8.233178853988647461e-01 -1.960142850875854492e-01 -5.527051687240600586e-01 -3.388616144657135010e-01 -3.122929334640502930e+00 4.836346149444580078e+00 2.141633033752441406e+00 -1.576172709465026855e+00 -1.499829590320587158e-01 -5.000000000000000000e-01 7.663560509681701660e-01 1.000000000000000000e+00
1.132052540779113770e+00 -7.386675477027893066e-01 4.202930629253387451e-01 -5.917812585830688477e-01 1.199950098991394043e+00 1.338078498840332031e+00 4.493264853954315186e-01 1.046986699104309082e+00 1.564280629158020020e+00 1.711027026176452637e+00 4.608306884765625000e-01 1.027078866958618164e+00 2.334868907928466797e+00 -8.233178853988647461e-01 -1.960142850875854492e-01 -5.527051687240600586e-01 -3.388616144657135010e-01 3.202121555805206299e-01 -2.067676633596420288e-01 -4.669333994388580322e-01 -1.576172709465026855e+00 -1.499829590320587158e-01 -5.000000000000000000e-01 7.663560509681701660e-01 1.000000000000000000e+00
-1.254565596580505371e+00 -4.897623956203460693e-01 -5.034279823303222656e-01 -6.980192661285400391e-01 1.833169102668762207e+00 -3.179592490196228027e-01 -9.636498689651489258e-01 -7.659772634506225586e-01 6.116127967834472656e-01 -1.015498995780944824e+00 4.608306884765625000e-01 -7.049260139465332031e-01 -4.282895624637603760e-01 -8.233178853988647461e-01 -1.960142850875854492e-01 -5.527051687240600586e-01 -3.388616144657135010e-01 3.202121555805206299e-01 -2.067676633596420288e-01 2.141633033752441406e+00 -1.576172709465026855e+00 -1.499829590320587158e-01 -5.000000000000000000e-01 7.663560509681701660e-01 1.000000000000000000e+00
1.132052540779113770e+00 2.569530904293060303e-01 4.202930629253387451e-01 -3.084798157215118408e-01 5.667310357093811035e-01 -3.179592490196228027e-01 4.493264853954315186e-01 -7.659772634506225586e-01 6.116127967834472656e-01 7.435500621795654297e-01 4.608306884765625000e-01 1.027078866958618164e+00 2.334868907928466797e+00 1.214597702026367188e+00 -1.960142850875854492e-01 -5.527051687240600586e-01 -3.388616144657135010e-01 3.202121555805206299e-01 -2.067676633596420288e-01 -4.669333994388580322e-01 6.344482302665710449e-01 -1.499829590320587158e-01 -5.000000000000000000e-01 7.663560509681701660e-01 1.000000000000000000e+00
1.132052540779113770e+00 -7.386675477027893066e-01 -5.034279823303222656e-01 -9.104953408241271973e-01 -6.997070312500000000e-01 -3.179592490196228027e-01 4.493264853954315186e-01 -7.659772634506225586e-01 -1.293722987174987793e+00 -4.877842962741851807e-01 -2.375050544738769531e+00 1.027078866958618164e+00 -4.282895624637603760e-01 -8.233178853988647461e-01 -1.960142850875854492e-01 -5.527051687240600586e-01 -3.388616144657135010e-01 3.202121555805206299e-01 -2.067676633596420288e-01 -4.669333994388580322e-01 6.344482302665710449e-01 -1.499829590320587158e-01 -5.000000000000000000e-01 7.663560509681701660e-01 1.000000000000000000e+00
1.132052540779113770e+00 -7.386675477027893066e-01 1.344014048576354980e+00 -6.626065969467163086e-01 -6.997070312500000000e-01 -3.179592490196228027e-01 -9.636498689651489258e-01 -7.659772634506225586e-01 -1.293722987174987793e+00 -5.757367610931396484e-01 4.608306884765625000e-01 1.027078866958618164e+00 -4.282895624637603760e-01 1.214597702026367188e+00 -1.960142850875854492e-01 -5.527051687240600586e-01 -3.388616144657135010e-01 -3.122929334640502930e+00 -2.067676633596420288e-01 -4.669333994388580322e-01 6.344482302665710449e-01 -1.499829590320587158e-01 -5.000000000000000000e-01 -1.304876565933227539e+00 1.000000000000000000e+00
-1.254565596580505371e+00 -7.386675477027893066e-01 -5.034279823303222656e-01 -6.626065969467163086e-01 -6.997070312500000000e-01 5.100595951080322266e-01 -2.376626253128051758e+00 1.405047029256820679e-01 6.116127967834472656e-01 3.993041440844535828e-02 4.608306884765625000e-01 -7.049260139465332031e-01 -4.282895624637603760e-01 -8.233178853988647461e-01 -1.960142850875854492e-01 1.809282779693603516e+00 -3.388616144657135010e-01 3.202121555805206299e-01 -2.067676633596420288e-01 -4.669333994388580322e-01 6.344482302665710449e-01 -1.499829590320587158e-01 -5.000000000000000000e-01 7.663560509681701660e-01 1.000000000000000000e+00
1.132052540779113770e+00 -4.897623956203460693e-01 -5.034279823303222656e-01 4.705990552902221680e-01 -6.648799777030944824e-02 -3.179592490196228027e-01 4.493264853954315186e-01 -7.659772634506225586e-01 -3.410550951957702637e-01 3.917402327060699463e-01 4.608306884765625000e-01 -7.049260139465332031e-01 -4.282895624637603760e-01 1.214597702026367188e+00 -1.960142850875854492e-01 -5.527051687240600586e-01 -3.388616144657135010e-01 3.202121555805206299e-01 -2.067676633596420288e-01 -4.669333994388580322e-01 6.344482302665710449e-01 -1.499829590320587158e-01 -5.000000000000000000e-01 -1.304876565933227539e+00 1.000000000000000000e+00
-1.254565596580505371e+00 7.547634243965148926e-01 -5.034279823303222656e-01 -3.084798157215118408e-01 -6.997070312500000000e-01 5.100595951080322266e-01 -9.636498689651489258e-01 1.046986699104309082e+00 -1.293722987174987793e+00 -1.103451490402221680e+00 4.608306884765625000e-01 -7.049260139465332031e-01 -4.282895624637603760e-01 -8.233178853988647461e-01 -1.960142850875854492e-01 -5.527051687240600586e-01 -3.388616144657135010e-01 3.202121555805206299e-01 -2.067676633596420288e-01 2.141633033752441406e+00 -1.576172709465026855e+00 -1.499829590320587158e-01 -5.000000000000000000e-01 7.663560509681701660e-01 1.000000000000000000e+00
-4.590262472629547119e-01 2.248194456100463867e+00 -5.034279823303222656e-01 -6.059109047055244446e-02 -6.997070312500000000e-01 5.100595951080322266e-01 4.493264853954315186e-01 1.046986699104309082e+00 -1.293722987174987793e+00 -6.636891961097717285e-01 4.608306884765625000e-01 1.027078866958618164e+00 -4.282895624637603760e-01 -8.233178853988647461e-01 -1.960142850875854492e-01 -5.527051687240600586e-01 -3.388616144657135010e-01 3.202121555805206299e-01 -2.067676633596420288e-01 -4.669333994388580322e-01 6.344482302665710449e-01 -1.499829590320587158e-01 -5.000000000000000000e-01 7.663560509681701660e-01 1.000000000000000000e+00
-4.590262472629547119e-01 -2.408572286367416382e-01 1.344014048576354980e+00 1.164722964167594910e-01 -6.997070312500000000e-01 -1.973996996879577637e+00 1.862302780151367188e+00 1.405047029256820679e-01 6.116127967834472656e-01 3.917402327060699463e-01 4.608306884765625000e-01 2.759083747863769531e+00 2.334868907928466797e+00 1.214597702026367188e+00 -1.960142850875854492e-01 -5.527051687240600586e-01 -3.388616144657135010e-01 3.202121555805206299e-01 -2.067676633596420288e-01 -4.669333994388580322e-01 6.344482302665710449e-01 6.667424201965332031e+00 -5.000000000000000000e-01 -1.304876565933227539e+00 1.000000000000000000e+00
-1.254565596580505371e+00 -7.386675477027893066e-01 1.344014048576354980e+00 -4.147178530693054199e-01 -6.997070312500000000e-01 -3.179592490196228027e-01 4.493264853954315186e-01 -7.659772634506225586e-01 -3.410550951957702637e-01 -4.877842962741851807e-01 4.608306884765625000e-01 1.027078866958618164e+00 -4.282895624637603760e-01 -8.233178853988647461e-01 -1.960142850875854492e-01 1.809282779693603516e+00 -3.388616144657135010e-01 3.202121555805206299e-01 -2.067676633596420288e-01 -4.669333994388580322e-01 6.344482302665710449e-01 -1.499829590320587158e-01 -5.000000000000000000e-01 7.663560509681701660e-01 1.000000000000000000e+00
1.132052540779113770e+00 1.252573728561401367e+00 1.344014048576354980e+00 8.955512046813964844e-01 -6.997070312500000000e-01 1.338078498840332031e+00 4.493264853954315186e-01 -7.659772634506225586e-01 -3.410550951957702637e-01 -4.802203923463821411e-02 4.608306884765625000e-01 1.027078866958618164e+00 2.334868907928466797e+00 1.214597702026367188e+00 -1.960142850875854492e-01 -5.527051687240600586e-01 2.951056957244873047e+00 3.202121555805206299e-01 -2.067676633596420288e-01 -4.669333994388580322e-01 6.344482302665710449e-01 -1.499829590320587158e-01 -5.000000000000000000e-01 7.663560509681701660e-01 1.000000000000000000e+00
1.132052540779113770e+00 -7.386675477027893066e-01 -5.034279823303222656e-01 -7.688446044921875000e-01 5.667310357093811035e-01 -3.179592490196228027e-01 -9.636498689651489258e-01 1.046986699104309082e+00 6.116127967834472656e-01 -5.757367610931396484e-01 4.608306884765625000e-01 -7.049260139465332031e-01 -4.282895624637603760e-01 -8.233178853988647461e-01 -1.960142850875854492e-01 -5.527051687240600586e-01 -3.388616144657135010e-01 3.202121555805206299e-01 -2.067676633596420288e-01 2.141633033752441406e+00 -1.576172709465026855e+00 -1.499829590320587158e-01 2.000000000000000000e+00 -1.304876565933227539e+00 1.000000000000000000e+00
1.132052540779113770e+00 -4.897623956203460693e-01 1.344014048576354980e+00 4.564693942666053772e-02 1.199950098991394043e+00 1.338078498840332031e+00 4.493264853954315186e-01 1.046986699104309082e+00 1.564280629158020020e+00 -1.103451490402221680e+00 4.608306884765625000e-01 1.027078866958618164e+00 -4.282895624637603760e-01 1.214597702026367188e+00 -1.960142850875854492e-01 -5.527051687240600586e-01 2.951056957244873047e+00 3.202121555805206299e-01 -2.067676633596420288e-01 2.141633033752441406e+00 -1.576172709465026855e+00 -1.499829590320587158e-01 -5.000000000000000000e-01 7.663560509681701660e-01 1.000000000000000000e+00
-1.254565596580505371e+00 -1.236477851867675781e+00 -5.034279823303222656e-01 -1.016733407974243164e+00 -6.997070312500000000e-01 1.338078498840332031e+00 -9.636498689651489258e-01 -1.672459244728088379e+00 -3.410550951957702637e-01 1.183312296867370605e+00 -2.375050544738769531e+00 -7.049260139465332031e-01 -4.282895624637603760e-01 1.214597702026367188e+00 -1.960142850875854492e-01 -5.527051687240600586e-01 -3.388616144657135010e-01 3.202121555805206299e-01 -2.067676633596420288e-01 -4.669333994388580322e-01 6.344482302665710449e-01 -1.499829590320587158e-01 -5.000000000000000000e-01 7.663560509681701660e-01 1.000000000000000000e+00
-4.590262472629547119e-01 -1.236477851867675781e+00 -1.427148938179016113e+00 -1.016733407974243164e+00 1.199950098991394043e+00 -1.145978093147277832e+00 -9.636498689651489258e-01 -7.659772634506225586e-01 -3.410550951957702637e-01 -1.015498995780944824e+00 -2.375050544738769531e+00 -7.049260139465332031e-01 2.334868907928466797e+00 -8.233178853988647461e-01 -1.960142850875854492e-01 -5.527051687240600586e-01 -3.388616144657135010e-01 3.202121555805206299e-01 -2.067676633596420288e-01 2.141633033752441406e+00 -1.576172709465026855e+00 -1.499829590320587158e-01 -5.000000000000000000e-01 7.663560509681701660e-01 1.000000000000000000e+00
1.132052540779113770e+00 2.569530904293060303e-01 1.344014048576354980e+00 -4.855432212352752686e-01 -6.997070312500000000e-01 5.100595951080322266e-01 1.862302780151367188e+00 -7.659772634506225586e-01 6.116127967834472656e-01 -2.239269465208053589e-01 4.608306884765625000e-01 1.027078866958618164e+00 -4.282895624637603760e-01 1.214597702026367188e+00 -1.960142850875854492e-01 -5.527051687240600586e-01 -3.388616144657135010e-01 -3.122929334640502930e+00 -2.067676633596420288e-01 -4.669333994388580322e-01 6.344482302665710449e-01 -1.499829590320587158e-01 -5.000000000000000000e-01 7.663560509681701660e-01 1.000000000000000000e+00
1.132052540779113770e+00 -1.153509497642517090e+00 4.202930629253387451e-01 -8.750826716423034668e-01 1.833169102668762207e+00 1.338078498840332031e+00 4.493264853954315186e-01 1.046986699104309082e+00 1.564280629158020020e+00 3.993041440844535828e-02 4.608306884765625000e-01 -7.049260139465332031e-01 -4.282895624637603760e-01 -8.233178853988647461e-01 -1.960142850875854492e-01 -5.527051687240600586e-01 -3.388616144657135010e-01 3.202121555805206299e-01 -2.067676633596420288e-01 -4.669333994388580322e-01 -1.576172709465026855e+00 -1.499829590320587158e-01 -5.000000000000000000e-01 7.663560509681701660e-01 1.000000000000000000e+00
1.132052540779113770e+00 -2.408572286367416382e-01 1.344014048576354980e+00 -6.271939277648925781e-01 -6.997070312500000000e-01 -3.179592490196228027e-01 4.493264853954315186e-01 -7.659772634506225586e-01 -3.410550951957702637e-01 -3.118793964385986328e-01 -2.375050544738769531e+00 1.027078866958618164e+00 -4.282895624637603760e-01 -8.233178853988647461e-01 -1.960142850875854492e-01 1.809282779693603516e+00 -3.388616144657135010e-01 3.202121555805206299e-01 -2.067676633596420288e-01 -4.669333994388580322e-01 6.344482302665710449e-01 -1.499829590320587158e-01 -5.000000000000000000e-01 7.663560509681701660e-01 1.000000000000000000e+00
-4.590262472629547119e-01 -2.408572286367416382e-01 1.344014048576354980e+00 -5.209559202194213867e-01 -6.997070312500000000e-01 1.338078498840332031e+00 -9.636498689651489258e-01 1.046986699104309082e+00 -1.293722987174987793e+00 1.095359802246093750e+00 -2.375050544738769531e+00 1.027078866958618164e+00 -4.282895624637603760e-01 1.214597702026367188e+00 -1.960142850875854492e-01 -5.527051687240600586e-01 -3.388616144657135010e-01 -3.122929334640502930e+00 -2.067676633596420288e-01 2.141633033752441406e+00 -1.576172709465026855e+00 -1.499829590320587158e-01 2.000000000000000000e+00 -1.304876565933227539e+00 1.000000000000000000e+00
1.132052540779113770e+00 2.569530904293060303e-01 -5.034279823303222656e-01 -6.271939277648925781e-01 -6.648799777030944824e-02 -1.145978093147277832e+00 1.862302780151367188e+00 1.405047029256820679e-01 -1.293722987174987793e+00 -2.239269465208053589e-01 4.608306884765625000e-01 -7.049260139465332031e-01 -4.282895624637603760e-01 1.214597702026367188e+00 -1.960142850875854492e-01 1.809282779693603516e+00 -3.388616144657135010e-01 3.202121555805206299e-01 -2.067676633596420288e-01 -4.669333994388580322e-01 6.344482302665710449e-01 -1.499829590320587158e-01 -5.000000000000000000e-01 7.663560509681701660e-01 1.000000000000000000e+00
-1.254565596580505371e+00 1.252573728561401367e+00 -5.034279823303222656e-01 6.830751299858093262e-01 -6.997070312500000000e-01 5.100595951080322266e-01 4.493264853954315186e-01 -7.659772634506225586e-01 -3.410550951957702637e-01 -5.757367610931396484e-01 4.608306884765625000e-01 -7.049260139465332031e-01 -4.282895624637603760e-01 -8.233178853988647461e-01 -1.960142850875854492e-01 -5.527051687240600586e-01 -3.388616144657135010e-01 3.202121555805206299e-01 -2.067676633596420288e-01 -4.669333994388580322e-01 6.344482302665710449e-01 -1.499829590320587158e-01 -5.000000000000000000e-01 7.663560509681701660e-01 1.000000000000000000e+00
-1.254565596580505371e+00 2.569530904293060303e-01 -5.034279823303222656e-01 -6.626065969467163086e-01 1.833169102668762207e+00 -3.179592490196228027e-01 -9.636498689651489258e-01 -7.659772634506225586e-01 -3.410550951957702637e-01 -4.802203923463821411e-02 4.608306884765625000e-01 -7.049260139465332031e-01 -4.282895624637603760e-01 -8.233178853988647461e-01 -1.960142850875854492e-01 1.809282779693603516e+00 -3.388616144657135010e-01 3.202121555805206299e-01 -2.067676633596420288e-01 -4.669333994388580322e-01 6.344482302665710449e-01 -1.499829590320587158e-01 -5.000000000000000000e-01 7.663560509681701660e-01 1.000000000000000000e+00
-4.590262472629547119e-01 7.547634243965148926e-01 -5.034279823303222656e-01 -5.563685894012451172e-01 1.833169102668762207e+00 -3.179592490196228027e-01 -9.636498689651489258e-01 -1.672459244728088379e+00 6.116127967834472656e-01 -8.395941257476806641e-01 4.608306884765625000e-01 -7.049260139465332031e-01 -4.282895624637603760e-01 -8.233178853988647461e-01 -1.960142850875854492e-01 -5.527051687240600586e-01 -3.388616144657135010e-01 3.202121555805206299e-01 -2.067676633596420288e-01 -4.669333994388580322e-01 6.344482302665710449e-01 -1.499829590320587158e-01 -5.000000000000000000e-01 7.663560509681701660e-01 1.000000000000000000e+00
-4.590262472629547119e-01 7.547634243965148926e-01 -5.034279823303222656e-01 -9.600377082824707031e-02 1.833169102668762207e+00 1.338078498840332031e+00 -9.636498689651489258e-01 1.046986699104309082e+00 6.116127967834472656e-01 -9.275465607643127441e-01 4.608306884765625000e-01 -7.049260139465332031e-01 -4.282895624637603760e-01 -8.233178853988647461e-01 -1.960142850875854492e-01 -5.527051687240600586e-01 -3.388616144657135010e-01 3.202121555805206299e-01 -2.067676633596420288e-01 -4.669333994388580322e-01 6.344482302665710449e-01 -1.499829590320587158e-01 -5.000000000000000000e-01 7.663560509681701660e-01 1.000000000000000000e+00
3.365131616592407227e-01 -7.386675477027893066e-01 1.344014048576354980e+00 -8.396700024604797363e-01 5.667310357093811035e-01 5.100595951080322266e-01 1.862302780151367188e+00 -7.659772634506225586e-01 -1.293722987174987793e+00 -6.636891961097717285e-01 4.608306884765625000e-01 2.759083747863769531e+00 -4.282895624637603760e-01 1.214597702026367188e+00 -1.960142850875854492e-01 1.809282779693603516e+00 -3.388616144657135010e-01 3.202121555805206299e-01 -2.067676633596420288e-01 -4.669333994388580322e-01 6.344482302665710449e-01 -1.499829590320587158e-01 -5.000000000000000000e-01 7.663560509681701660e-01 1.000000000000000000e+00
1.132052540779113770e+00 -7.386675477027893066e-01 1.344014048576354980e+00 -8.750826716423034668e-01 1.833169102668762207e+00 1.338078498840332031e+00 -9.636498689651489258e-01 1.405047029256820679e-01 -3.410550951957702637e-01 -2.239269465208053589e-01 -2.375050544738769531e+00 -7.049260139465332031e-01 2.334868907928466797e+00 -8.233178853988647461e-01 -1.960142850875854492e-01 -5.527051687240600586e-01 -3.388616144657135010e-01 3.202121555805206299e-01 -2.067676633596420288e-01 -4.669333994388580322e-01 6.344482302665710449e-01 -1.499829590320587158e-01 2.000000000000000000e+00 -1.304876565933227539e+00 1.000000000000000000e+00
1.132052540779113770e+00 2.569530904293060303e-01 -5.034279823303222656e-01 -2.517841383814811707e-02 5.667310357093811035e-01 1.338078498840332031e+00 -2.376626253128051758e+00 -7.659772634506225586e-01 6.116127967834472656e-01 -8.395941257476806641e-01 4.608306884765625000e-01 -7.049260139465332031e-01 -4.282895624637603760e-01 1.214597702026367188e+00 -1.960142850875854492e-01 -5.527051687240600586e-01 -3.388616144657135010e-01 3.202121555805206299e-01 -2.067676633596420288e-01 -4.669333994388580322e-01 6.344482302665710449e-01 -1.499829590320587158e-01 -5.000000000000000000e-01 -1.304876565933227539e+00 1.000000000000000000e+00
1.132052540779113770e+00 -2.408572286367416382e-01 1.344014048576354980e+00 -1.668291240930557251e-01 -6.997070312500000000e-01 5.100595951080322266e-01 4.493264853954315186e-01 -7.659772634506225586e-01 -3.410550951957702637e-01 -3.998318612575531006e-01 -2.375050544738769531e+00 1.027078866958618164e+00 -4.282895624637603760e-01 -8.233178853988647461e-01 -1.960142850875854492e-01 1.809282779693603516e+00 -3.388616144657135010e-01 3.202121555805206299e-01 -2.067676633596420288e-01 -4.669333994388580322e-01 6.344482302665710449e-01 -1.499829590320587158e-01 -5.000000000000000000e-01 7.663560509681701660e-01 1.000000000000000000e+00
1.132052540779113770e+00 -8.216359019279479980e-01 1.344014048576354980e+00 -7.334319353103637695e-01 -6.648799777030944824e-02 -1.973996996879577637e+00 -9.636498689651489258e-01 1.046986699104309082e+00 -1.293722987174987793e+00 1.886931896209716797e+00 4.608306884765625000e-01 2.759083747863769531e+00 -4.282895624637603760e-01 -8.233178853988647461e-01 -1.960142850875854492e-01 -5.527051687240600586e-01 -3.388616144657135010e-01 3.202121555805206299e-01 -2.067676633596420288e-01 -4.669333994388580322e-01 6.344482302665710449e-01 -1.499829590320587158e-01 2.000000000000000000e+00 -1.304876565933227539e+00 1.000000000000000000e+00
-1.254565596580505371e+00 -7.386675477027893066e-01 -5.034279823303222656e-01 1.164722964167594910e-01 -6.997070312500000000e-01 -3.179592490196228027e-01 4.493264853954315186e-01 -7.659772634506225586e-01 -3.410550951957702637e-01 -5.757367610931396484e-01 4.608306884765625000e-01 -7.049260139465332031e-01 2.334868907928466797e+00 -8.233178853988647461e-01 -1.960142850875854492e-01 -5.527051687240600586e-01 -3.388616144657135010e-01 -3.122929334640502930e+00 4.836346149444580078e+00 -4.669333994388580322e-01 6.344482302665710449e-01 -1.499829590320587158e-01 2.000000000000000000e+00 -1.304876565933227539e+00 1.000000000000000000e+00
-1.254565596580505371e+00 -7.386675477027893066e-01 -5.034279823303222656e-01 -9.104953408241271973e-01 -6.648799777030944824e-02 -1.973996996879577637e+00 -9.636498689651489258e-01 1.405047029256820679e-01 -3.410550951957702637e-01 -1.191403985023498535e+00 4.608306884765625000e-01 -7.049260139465332031e-01 -4.282895624637603760e-01 -8.233178853988647461e-01 -1.960142850875854492e-01 -5.527051687240600586e-01 -3.388616144657135010e-01 3.202121555805206299e-01 -2.067676633596420288e-01 -4.669333994388580322e-01 6.344482302665710449e-01 -1.499829590320587158e-01 -5.000000000000000000e-01 7.663560509681701660e-01 1.000000000000000000e+00
1.132052540779113770e+00 2.569530904293060303e-01 -5.034279823303222656e-01 -6.059109047055244446e-02 1.833169102668762207e+00 -1.145978093147277832e+00 4.493264853954315186e-01 -7.659772634506225586e-01 6.116127967834472656e-01 -9.275465607643127441e-01 4.608306884765625000e-01 1.027078866958618164e+00 -4.282895624637603760e-01 -8.233178853988647461e-01 -1.960142850875854492e-01 -5.527051687240600586e-01 -3.388616144657135010e-01 3.202121555805206299e-01 -2.067676633596420288e-01 -4.669333994388580322e-01 6.344482302665710449e-01 -1.499829590320587158e-01 -5.000000000000000000e-01 7.663560509681701660e-01 1.000000000000000000e+00
-4.590262472629547119e-01 1.501478910446166992e+00 4.202930629253387451e-01 3.020311832427978516e+00 -6.648799777030944824e-02 5.100595951080322266e-01 4.493264853954315186e-01 1.405047029256820679e-01 1.564280629158020020e+00 -3.118793964385986328e-01 4.608306884765625000e-01 -7.049260139465332031e-01 -4.282895624637603760e-01 1.214597702026367188e+00 -1.960142850875854492e-01 -5.527051687240600586e-01 -3.388616144657135010e-01 3.202121555805206299e-01 -2.067676633596420288e-01 2.141633033752441406e+00 -1.576172709465026855e+00 -1.499829590320587158e-01 -5.000000000000000000e-01 7.663560509681701660e-01 1.000000000000000000e+00
1.132052540779113770e+00 -2.408572286367416382e-01 -5.034279823303222656e-01 -1.016733407974243164e+00 -6.997070312500000000e-01 -1.973996996879577637e+00 -9.636498689651489258e-01 1.046986699104309082e+00 -1.293722987174987793e+00 -1.191403985023498535e+00 4.608306884765625000e-01 -7.049260139465332031e-01 -4.282895624637603760e-01 -8.233178853988647461e-01 -1.960142850875854492e-01 -5.527051687240600586e-01 -3.388616144657135010e-01 -3.122929334640502930e+00 4.836346149444580078e+00 2.141633033752441406e+00 -1.576172709465026855e+00 -1.499829590320587158e-01 -5.000000000000000000e-01 7.663560509681701660e-01 1.000000000000000000e+00
-1.254565596580505371e+00 -9.875727295875549316e-01 -5.034279823303222656e-01 -4.147178530693054199e-01 -6.997070312500000000e-01 -3.179592490196228027e-01 4.493264853954315186e-01 -7.659772634506225586e-01 -1.293722987174987793e+00 -9.275465607643127441e-01 4.608306884765625000e-01 -7.049260139465332031e-01 -4.282895624637603760e-01 -8.233178853988647461e-01 -1.960142850875854492e-01 -5.527051687240600586e-01 -3.388616144657135010e-01 3.202121555805206299e-01 -2.067676633596420288e-01 -4.669333994388580322e-01 6.344482302665710449e-01 -1.499829590320587158e-01 -5.000000000000000000e-01 7.663560509681701660e-01 1.000000000000000000e+00
-1.254565596580505371e+00 -7.386675477027893066e-01 1.344014048576354980e+00 -3.793051838874816895e-01 -6.997070312500000000e-01 -3.179592490196228027e-01 4.493264853954315186e-01 1.046986699104309082e+00 -3.410550951957702637e-01 2.158353179693222046e-01 -2.375050544738769531e+00 1.027078866958618164e+00 -4.282895624637603760e-01 -8.233178853988647461e-01 5.101668834686279297e+00 1.809282779693603516e+00 -3.388616144657135010e-01 3.202121555805206299e-01 -2.067676633596420288e-01 -4.669333994388580322e-01 6.344482302665710449e-01 -1.499829590320587158e-01 2.000000000000000000e+00 -1.304876565933227539e+00 1.000000000000000000e+00
-1.254565596580505371e+00 1.252573728561401367e+00 -5.034279823303222656e-01 4.564693942666053772e-02 -6.997070312500000000e-01 1.338078498840332031e+00 4.493264853954315186e-01 -7.659772634506225586e-01 6.116127967834472656e-01 5.676451325416564941e-01 4.608306884765625000e-01 -7.049260139465332031e-01 2.334868907928466797e+00 -8.233178853988647461e-01 -1.960142850875854492e-01 -5.527051687240600586e-01 -3.388616144657135010e-01 3.202121555805206299e-01 -2.067676633596420288e-01 -4.669333994388580322e-01 6.344482302665710449e-01 -1.499829590320587158e-01 -5.000000000000000000e-01 7.663560509681701660e-01 1.000000000000000000e+00
1.132052540779113770e+00 -4.897623956203460693e-01 -5.034279823303222656e-01 7.184877991676330566e-01 5.667310357093811035e-01 1.338078498840332031e+00 -9.636498689651489258e-01 1.046986699104309082e+00 1.564280629158020020e+00 -4.802203923463821411e-02 4.608306884765625000e-01 -7.049260139465332031e-01 -4.282895624637603760e-01 -8.233178853988647461e-01 -1.960142850875854492e-01 1.809282779693603516e+00 -3.388616144657135010e-01 3.202121555805206299e-01 -2.067676633596420288e-01 -4.669333994388580322e-01 -1.576172709465026855e+00 -1.499829590320587158e-01 -5.000000000000000000e-01 7.663560509681701660e-01 1.000000000000000000e+00
1.132052540779113770e+00 2.248194456100463867e+00 -5.034279823303222656e-01 5.414243936538696289e-01 -6.997070312500000000e-01 -1.973996996879577637e+00 4.493264853954315186e-01 -7.659772634506225586e-01 6.116127967834472656e-01 -2.239269465208053589e-01 -2.375050544738769531e+00 -7.049260139465332031e-01 -4.282895624637603760e-01 1.214597702026367188e+00 -1.960142850875854492e-01 -5.527051687240600586e-01 -3.388616144657135010e-01 3.202121555805206299e-01 -2.067676633596420288e-01 2.141633033752441406e+00 -1.576172709465026855e+00 -1.499829590320587158e-01 -5.000000000000000000e-01 -1.304876565933227539e+00 1.000000000000000000e+00
1.132052540779113770e+00 -7.386675477027893066e-01 1.344014048576354980e+00 -4.147178530693054199e-01 -6.997070312500000000e-01 5.100595951080322266e-01 4.493264853954315186e-01 1.405047029256820679e-01 -1.293722987174987793e+00 1.183312296867370605e+00 4.608306884765625000e-01 -7.049260139465332031e-01 2.334868907928466797e+00 -8.233178853988647461e-01 -1.960142850875854492e-01 -5.527051687240600586e-01 -3.388616144657135010e-01 3.202121555805206299e-01 -2.067676633596420288e-01 -4.669333994388580322e-01 6.344482302665710449e-01 -1.499829590320587158e-01 2.000000000000000000e+00 -1.304876565933227539e+00 1.000000000000000000e+00
3.365131616592407227e-01 -7.386675477027893066e-01 -5.034279823303222656e-01 -3.438925147056579590e-01 -6.997070312500000000e-01 -3.179592490196228027e-01 -9.636498689651489258e-01 -7.659772634506225586e-01 6.116127967834472656e-01 9.194549322128295898e-01 4.608306884765625000e-01 -7.049260139465332031e-01 -4.282895624637603760e-01 -8.233178853988647461e-01 -1.960142850875854492e-01 -5.527051687240600586e-01 -3.388616144657135010e-01 3.202121555805206299e-01 -2.067676633596420288e-01 -4.669333994388580322e-01 6.344482302665710449e-01 -1.499829590320587158e-01 2.000000000000000000e+00 -1.304876565933227539e+00 1.000000000000000000e+00
-4.590262472629547119e-01 -4.897623956203460693e-01 4.202930629253387451e-01 -6.271939277648925781e-01 1.199950098991394043e+00 -3.179592490196228027e-01 1.862302780151367188e+00 1.405047029256820679e-01 -3.410550951957702637e-01 2.238741874694824219e+00 -9.571098685264587402e-01 1.027078866958618164e+00 -4.282895624637603760e-01 -8.233178853988647461e-01 -1.960142850875854492e-01 -5.527051687240600586e-01 -3.388616144657135010e-01 3.202121555805206299e-01 -2.067676633596420288e-01 -4.669333994388580322e-01 6.344482302665710449e-01 -1.499829590320587158e-01 -5.000000000000000000e-01 7.663560509681701660e-01 1.000000000000000000e+00
-4.590262472629547119e-01 -9.875727295875549316e-01 -1.427148938179016113e+00 -6.626065969467163086e-01 -6.648799777030944824e-02 5.100595951080322266e-01 4.493264853954315186e-01 1.405047029256820679e-01 1.564280629158020020e+00 -5.757367610931396484e-01 4.608306884765625000e-01 -7.049260139465332031e-01 -4.282895624637603760e-01 -8.233178853988647461e-01 -1.960142850875854492e-01 1.809282779693603516e+00 -3.388616144657135010e-01 3.202121555805206299e-01 -2.067676633596420288e-01 -4.669333994388580322e-01 6.344482302665710449e-01 -1.499829590320587158e-01 -5.000000000000000000e-01 7.663560509681701660e-01 1.000000000000000000e+00
1.132052540779113770e+00 -2.408572286367416382e-01 -5.034279823303222656e-01 -6.271939277648925781e-01 -6.997070312500000000e-01 -1.145978093147277832e+00 1.862302780151367188e+00 -1.672459244728088379e+00 -3.410550951957702637e-01 6.555975675582885742e-01 4.608306884765625000e-01 -7.049260139465332031e-01 2.334868907928466797e+00 -8.233178853988647461e-01 -1.960142850875854492e-01 -5.527051687240600586e-01 -3.388616144657135010e-01 -3.122929334640502930e+00 4.836346149444580078e+00 -4.669333994388580322e-01 6.344482302665710449e-01 -1.499829590320587158e-01 2.000000000000000000e+00 -1.304876565933227539e+00 1.000000000000000000e+00
-4.590262472629547119e-01 2.569530904293060303e-01 -5.034279823303222656e-01 -6.059109047055244446e-02 -6.648799777030944824e-02 -1.145978093147277832e+00 1.862302780151367188e+00 -7.659772634506225586e-01 6.116127967834472656e-01 -1.191403985023498535e+00 4.608306884765625000e-01 -7.049260139465332031e-01 -4.282895624637603760e-01 1.214597702026367188e+00 -1.960142850875854492e-01 -5.527051687240600586e-01 -3.388616144657135010e-01 3.202121555805206299e-01 -2.067676633596420288e-01 2.141633033752441406e+00 -1.576172709465026855e+00 -1.499829590320587158e-01 -5.000000000000000000e-01 7.663560509681701660e-01 1.000000000000000000e+00
-1.254565596580505371e+00 2.569530904293060303e-01 -5.034279823303222656e-01 -1.314164400100708008e-01 -6.997070312500000000e-01 5.100595951080322266e-01 4.493264853954315186e-01 -1.672459244728088379e+00 1.564280629158020020e+00 -1.359744966030120850e-01 4.608306884765625000e-01 -7.049260139465332031e-01 -4.282895624637603760e-01 1.214597702026367188e+00 -1.960142850875854492e-01 -5.527051687240600586e-01 2.951056957244873047e+00 3.202121555805206299e-01 -2.067676633596420288e-01 -4.669333994388580322e-01 -1.576172709465026855e+00 -1.499829590320587158e-01 -5.000000000000000000e-01 -1.304876565933227539e+00 1.000000000000000000e+00
1.132052540779113770e+00 -7.386675477027893066e-01 -1.427148938179016113e+00 4.564693942666053772e-02 5.667310357093811035e-01 -3.179592490196228027e-01 -9.636498689651489258e-01 1.405047029256820679e-01 -1.293722987174987793e+00 -4.802203923463821411e-02 4.608306884765625000e-01 -7.049260139465332031e-01 2.334868907928466797e+00 -8.233178853988647461e-01 -1.960142850875854492e-01 -5.527051687240600586e-01 -3.388616144657135010e-01 3.202121555805206299e-01 -2.067676633596420288e-01 -4.669333994388580322e-01 6.344482302665710449e-01 -1.499829590320587158e-01 2.000000000000000000e+00 -1.304876565933227539e+00 1.000000000000000000e+00
1.132052540779113770e+00 -7.386675477027893066e-01 1.344014048576354980e+00 -9.104953408241271973e-01 -6.997070312500000000e-01 -3.179592490196228027e-01 4.493264853954315186e-01 -7.659772634506225586e-01 6.116127967834472656e-01 -3.118793964385986328e-01 4.608306884765625000e-01 1.027078866958618164e+00 -4.282895624637603760e-01 -8.233178853988647461e-01 -1.960142850875854492e-01 -5.527051687240600586e-01 -3.388616144657135010e-01 3.202121555805206299e-01 -2.067676633596420288e-01 -4.669333994388580322e-01 6.344482302665710449e-01 -1.499829590320587158e-01 -5.000000000000000000e-01 7.663560509681701660e-01 1.000000000000000000e+00
-4.590262472629547119e-01 -7.386675477027893066e-01 1.344014048576354980e+00 -6.626065969467163086e-01 -6.997070312500000000e-01 5.100595951080322266e-01 4.493264853954315186e-01 1.405047029256820679e-01 -3.410550951957702637e-01 -8.395941257476806641e-01 4.608306884765625000e-01 -7.049260139465332031e-01 -4.282895624637603760e-01 -8.233178853988647461e-01 -1.960142850875854492e-01 -5.527051687240600586e-01 -3.388616144657135010e-01 3.202121555805206299e-01 -2.067676633596420288e-01 -4.669333994388580322e-01 6.344482302665710449e-01 -1.499829590320587158e-01 -5.000000000000000000e-01 7.663560509681701660e-01 1.000000000000000000e+00
3.365131616592407227e-01 7.547634243965148926e-01 1.344014048576354980e+00 1.518849730491638184e-01 1.833169102668762207e+00 1.338078498840332031e+00 4.493264853954315186e-01 1.046986699104309082e+00 -3.410550951957702637e-01 1.183312296867370605e+00 -9.571098685264587402e-01 1.027078866958618164e+00 -4.282895624637603760e-01 -8.233178853988647461e-01 -1.960142850875854492e-01 -5.527051687240600586e-01 -3.388616144657135010e-01 3.202121555805206299e-01 -2.067676633596420288e-01 -4.669333994388580322e-01 6.344482302665710449e-01 -1.499829590320587158e-01 2.000000000000000000e+00 -1.304876565933227539e+00 1.000000000000000000e+00
1.132052540779113770e+00 8.047933690249919891e-03 -5.034279823303222656e-01 -3.793051838874816895e-01 -6.997070312500000000e-01 1.338078498840332031e+00 4.493264853954315186e-01 -7.659772634506225586e-01 -1.293722987174987793e+00 1.271264791488647461e+00 4.608306884765625000e-01 1.027078866958618164e+00 -4.282895624637603760e-01 -8.233178853988647461e-01 -1.960142850875854492e-01 -5.527051687240600586e-01 -3.388616144657135010e-01 3.202121555805206299e-01 -2.067676633596420288e-01 -4.669333994388580322e-01 6.344482302665710449e-01 -1.499829590320587158e-01 -5.000000000000000000e-01 7.663560509681701660e-01 1.000000000000000000e+00
1.132052540779113770e+00 2.569530904293060303e-01 -5.034279823303222656e-01 4.705990552902221680e-01 1.199950098991394043e+00 -3.179592490196228027e-01 4.493264853954315186e-01 1.405047029256820679e-01 -3.410550951957702637e-01 1.623074531555175781e+00 4.608306884765625000e-01 2.759083747863769531e+00 -4.282895624637603760e-01 1.214597702026367188e+00 -1.960142850875854492e-01 -5.527051687240600586e-01 -3.388616144657135010e-01 3.202121555805206299e-01 -2.067676633596420288e-01 -4.669333994388580322e-01 6.344482302665710449e-01 -1.499829590320587158e-01 -5.000000000000000000e-01 -1.304876565933227539e+00 1.000000000000000000e+00
-1.254565596580505371e+00 1.252573728561401367e+00 1.344014048576354980e+00 7.539004683494567871e-01 -6.997070312500000000e-01 -3.179592490196228027e-01 4.493264853954315186e-01 -7.659772634506225586e-01 -3.410550951957702637e-01 -6.636891961097717285e-01 4.608306884765625000e-01 1.027078866958618164e+00 -4.282895624637603760e-01 -8.233178853988647461e-01 -1.960142850875854492e-01 -5.527051687240600586e-01 -3.388616144657135010e-01 -3.122929334640502930e+00 -2.067676633596420288e-01 -4.669333994388580322e-01 6.344482302665710449e-01 -1.499829590320587158e-01 -5.000000000000000000e-01 7.663560509681701660e-01 1.000000000000000000e+00
1.132052540779113770e+00 -2.408572286367416382e-01 1.344014048576354980e+00 1.872976422309875488e-01 -6.997070312500000000e-01 -1.145978093147277832e+00 -2.376626253128051758e+00 -7.659772634506225586e-01 6.116127967834472656e-01 -4.802203923463821411e-02 4.608306884765625000e-01 1.027078866958618164e+00 -4.282895624637603760e-01 1.214597702026367188e+00 -1.960142850875854492e-01 -5.527051687240600586e-01 -3.388616144657135010e-01 3.202121555805206299e-01 -2.067676633596420288e-01 -4.669333994388580322e-01 6.344482302665710449e-01 -1.499829590320587158e-01 -5.000000000000000000e-01 -1.304876565933227539e+00 1.000000000000000000e+00
1.132052540779113770e+00 -1.236477851867675781e+00 1.344014048576354980e+00 -5.917812585830688477e-01 -6.997070312500000000e-01 5.100595951080322266e-01 -9.636498689651489258e-01 -7.659772634506225586e-01 6.116127967834472656e-01 -1.015498995780944824e+00 4.608306884765625000e-01 1.027078866958618164e+00 -4.282895624637603760e-01 1.214597702026367188e+00 -1.960142850875854492e-01 -5.527051687240600586e-01 -3.388616144657135010e-01 3.202121555805206299e-01 -2.067676633596420288e-01 2.141633033752441406e+00 -1.576172709465026855e+00 -1.499829590320587158e-01 -5.000000000000000000e-01 7.663560509681701660e-01 1.000000000000000000e+00
-4.590262472629547119e-01 7.547634243965148926e-01 -2.350869894027709961e+00 3.643610477447509766e-01 -6.648799777030944824e-02 -3.179592490196228027e-01 -9.636498689651489258e-01 1.046986699104309082e+00 6.116127967834472656e-01 -8.395941257476806641e-01 4.608306884765625000e-01 1.027078866958618164e+00 -4.282895624637603760e-01 -8.233178853988647461e-01 -1.960142850875854492e-01 -5.527051687240600586e-01 -3.388616144657135010e-01 3.202121555805206299e-01 -2.067676633596420288e-01 2.141633033752441406e+00 -1.576172709465026855e+00 -1.499829590320587158e-01 2.000000000000000000e+00 -1.304876565933227539e+00 1.000000000000000000e+00
-4.590262472629547119e-01 -2.408572286367416382e-01 -2.350869894027709961e+00 -2.517841383814811707e-02 -6.997070312500000000e-01 -3.179592490196228027e-01 -9.636498689651489258e-01 1.046986699104309082e+00 6.116127967834472656e-01 -2.239269465208053589e-01 -2.375050544738769531e+00 1.027078866958618164e+00 -4.282895624637603760e-01 1.214597702026367188e+00 -1.960142850875854492e-01 -5.527051687240600586e-01 -3.388616144657135010e-01 3.202121555805206299e-01 -2.067676633596420288e-01 -4.669333994388580322e-01 6.344482302665710449e-01 -1.499829590320587158e-01 -5.000000000000000000e-01 7.663560509681701660e-01 1.000000000000000000e+00
1.132052540779113770e+00 2.569530904293060303e-01 1.344014048576354980e+00 -2.376544773578643799e-01 1.199950098991394043e+00 1.338078498840332031e+00 4.493264853954315186e-01 -7.659772634506225586e-01 6.116127967834472656e-01 -1.359744966030120850e-01 4.608306884765625000e-01 -7.049260139465332031e-01 -4.282895624637603760e-01 -8.233178853988647461e-01 -1.960142850875854492e-01 -5.527051687240600586e-01 -3.388616144657135010e-01 3.202121555805206299e-01 -2.067676633596420288e-01 -4.669333994388580322e-01 6.344482302665710449e-01 -1.499829590320587158e-01 -5.000000000000000000e-01 7.663560509681701660e-01 1.000000000000000000e+00
-1.254565596580505371e+00 1.252573728561401367e+00 1.344014048576354980e+00 -3.438925147056579590e-01 -6.997070312500000000e-01 -3.179592490196228027e-01 1.862302780151367188e+00 -7.659772634506225586e-01 -3.410550951957702637e-01 9.194549322128295898e-01 4.608306884765625000e-01 1.027078866958618164e+00 -4.282895624637603760e-01 1.214597702026367188e+00 -1.960142850875854492e-01 -5.527051687240600586e-01 -3.388616144657135010e-01 3.202121555805206299e-01 -2.067676633596420288e-01 -4.669333994388580322e-01 6.344482302665710449e-01 -1.499829590320587158e-01 -5.000000000000000000e-01 7.663560509681701660e-01 1.000000000000000000e+00
1.132052540779113770e+00 -7.386675477027893066e-01 1.344014048576354980e+00 1.023426372557878494e-02 -6.997070312500000000e-01 1.338078498840332031e+00 4.493264853954315186e-01 1.046986699104309082e+00 -3.410550951957702637e-01 5.676451325416564941e-01 -9.571098685264587402e-01 -7.049260139465332031e-01 -4.282895624637603760e-01 -8.233178853988647461e-01 -1.960142850875854492e-01 -5.527051687240600586e-01 -3.388616144657135010e-01 3.202121555805206299e-01 -2.067676633596420288e-01 -4.669333994388580322e-01 6.344482302665710449e-01 -1.499829590320587158e-01 -5.000000000000000000e-01 7.663560509681701660e-01 1.000000000000000000e+00
1.132052540779113770e+00 -9.875727295875549316e-01 -5.034279823303222656e-01 -6.626065969467163086e-01 -6.997070312500000000e-01 -3.179592490196228027e-01 -9.636498689651489258e-01 -7.659772634506225586e-01 -1.293722987174987793e+00 -8.395941257476806641e-01 4.608306884765625000e-01 -7.049260139465332031e-01 -4.282895624637603760e-01 -8.233178853988647461e-01 -1.960142850875854492e-01 -5.527051687240600586e-01 -3.388616144657135010e-01 3.202121555805206299e-01 -2.067676633596420288e-01 2.141633033752441406e+00 -1.576172709465026855e+00 -1.499829590320587158e-01 -5.000000000000000000e-01 7.663560509681701660e-01 1.000000000000000000e+00
-4.590262472629547119e-01 7.547634243965148926e-01 4.202930629253387451e-01 -2.730671465396881104e-01 -6.648799777030944824e-02 1.338078498840332031e+00 4.493264853954315186e-01 -7.659772634506225586e-01 -3.410550951957702637e-01 4.796926975250244141e-01 -9.571098685264587402e-01 1.027078866958618164e+00 -4.282895624637603760e-01 -8.233178853988647461e-01 -1.960142850875854492e-01 -5.527051687240600586e-01 -3.388616144657135010e-01 3.202121555805206299e-01 -2.067676633596420288e-01 -4.669333994388580322e-01 6.344482302665710449e-01 -1.499829590320587158e-01 -5.000000000000000000e-01 7.663560509681701660e-01 1.000000000000000000e+00
1.132052540779113770e+00 3.243814945220947266e+00 1.344014048576354980e+00 3.728565454483032227e+00 1.833169102668762207e+00 1.338078498840332031e+00 4.493264853954315186e-01 1.046986699104309082e+00 1.564280629158020020e+00 2.414646625518798828e+00 -2.375050544738769531e+00 -7.049260139465332031e-01 -4.282895624637603760e-01 1.214597702026367188e+00 -1.960142850875854492e-01 1.809282779693603516e+00 -3.388616144657135010e-01 3.202121555805206299e-01 -2.067676633596420288e-01 -4.669333994388580322e-01 -1.576172709465026855e+00 -1.499829590320587158e-01 -5.000000000000000000e-01 -1.304876565933227539e+00 1.000000000000000000e+00
1.132052540779113770e+00 1.252573728561401367e+00 -5.034279823303222656e-01 -3.438925147056579590e-01 5.667310357093811035e-01 1.338078498840332031e+00 4.493264853954315186e-01 1.046986699104309082e+00 6.116127967834472656e-01 3.037877678871154785e-01 4.608306884765625000e-01 -7.049260139465332031e-01 -4.282895624637603760e-01 -8.233178853988647461e-01 -1.960142850875854492e-01 -5.527051687240600586e-01 -3.388616144657135010e-01 3.202121555805206299e-01 -2.067676633596420288e-01 -4.669333994388580322e-01 6.344482302665710449e-01 -1.499829590320587158e-01 -5.000000000000000000e-01 7.663560509681701660e-01 1.000000000000000000e+00
1.132052540779113770e+00 1.252573728561401367e+00 -2.350869894027709961e+00 -2.376544773578643799e-01 -6.997070312500000000e-01 -3.179592490196228027e-01 4.493264853954315186e-01 -7.659772634506225586e-01 6.116127967834472656e-01 -7.516416907310485840e-01 4.608306884765625000e-01 1.027078866958618164e+00 -4.282895624637603760e-01 -8.233178853988647461e-01 -1.960142850875854492e-01 -5.527051687240600586e-01 -3.388616144657135010e-01 3.202121555805206299e-01 -2.067676633596420288e-01 -4.669333994388580322e-01 6.344482302665710449e-01 -1.499829590320587158e-01 -5.000000000000000000e-01 7.663560509681701660e-01 1.000000000000000000e+00
-4.590262472629547119e-01 -9.875727295875549316e-01 -5.034279823303222656e-01 -5.563685894012451172e-01 -6.997070312500000000e-01 -1.145978093147277832e+00 -9.636498689651489258e-01 -7.659772634506225586e-01 6.116127967834472656e-01 -1.191403985023498535e+00 4.608306884765625000e-01 -7.049260139465332031e-01 -4.282895624637603760e-01 1.214597702026367188e+00 -1.960142850875854492e-01 -5.527051687240600586e-01 -3.388616144657135010e-01 3.202121555805206299e-01 -2.067676633596420288e-01 -4.669333994388580322e-01 6.344482302665710449e-01 -1.499829590320587158e-01 -5.000000000000000000e-01 7.663560509681701660e-01 1.000000000000000000e+00
-1.254565596580505371e+00 2.569530904293060303e-01 1.344014048576354980e+00 -6.626065969467163086e-01 -6.648799777030944824e-02 5.100595951080322266e-01 4.493264853954315186e-01 -1.672459244728088379e+00 -1.293722987174987793e+00 -8.395941257476806641e-01 4.608306884765625000e-01 1.027078866958618164e+00 -4.282895624637603760e-01 1.214597702026367188e+00 -1.960142850875854492e-01 -5.527051687240600586e-01 -3.388616144657135010e-01 3.202121555805206299e-01 -2.067676633596420288e-01 -4.669333994388580322e-01 6.344482302665710449e-01 -1.499829590320587158e-01 -5.000000000000000000e-01 7.663560509681701660e-01 1.000000000000000000e+00
1.132052540779113770e+00 -9.046043157577514648e-01 -5.034279823303222656e-01 -6.980192661285400391e-01 1.833169102668762207e+00 -3.179592490196228027e-01 4.493264853954315186e-01 1.046986699104309082e+00 -3.410550951957702637e-01 -7.516416907310485840e-01 4.608306884765625000e-01 -7.049260139465332031e-01 -4.282895624637603760e-01 -8.233178853988647461e-01 -1.960142850875854492e-01 1.809282779693603516e+00 -3.388616144657135010e-01 -3.122929334640502930e+00 -2.067676633596420288e-01 -4.669333994388580322e-01 6.344482302665710449e-01 -1.499829590320587158e-01 2.000000000000000000e+00 -1.304876565933227539e+00 1.000000000000000000e+00
-4.590262472629547119e-01 -7.492045313119888306e-02 -5.034279823303222656e-01 1.143439888954162598e+00 1.833169102668762207e+00 -1.973996996879577637e+00 -2.376626253128051758e+00 1.046986699104309082e+00 -1.293722987174987793e+00 2.150789260864257812e+00 4.608306884765625000e-01 -7.049260139465332031e-01 -4.282895624637603760e-01 1.214597702026367188e+00 -1.960142850875854492e-01 -5.527051687240600586e-01 2.951056957244873047e+00 3.202121555805206299e-01 -2.067676633596420288e-01 -4.669333994388580322e-01 6.344482302665710449e-01 -1.499829590320587158e-01 -5.000000000000000000e-01 -1.304876565933227539e+00 1.000000000000000000e+00
3.365131616592407227e-01 -7.386675477027893066e-01 -5.034279823303222656e-01 -6.626065969467163086e-01 1.833169102668762207e+00 1.338078498840332031e+00 -9.636498689651489258e-01 1.046986699104309082e+00 -1.293722987174987793e+00 1.711027026176452637e+00 4.608306884765625000e-01 -7.049260139465332031e-01 -4.282895624637603760e-01 1.214597702026367188e+00 -1.960142850875854492e-01 -5.527051687240600586e-01 -3.388616144657135010e-01 3.202121555805206299e-01 -2.067676633596420288e-01 -4.669333994388580322e-01 6.344482302665710449e-01 -1.499829590320587158e-01 -5.000000000000000000e-01 -1.304876565933227539e+00 1.000000000000000000e+00
1.132052540779113770e+00 2.569530904293060303e-01 1.344014048576354980e+00 1.072614550590515137e+00 -6.997070312500000000e-01 -1.973996996879577637e+00 4.493264853954315186e-01 -7.659772634506225586e-01 1.564280629158020020e+00 -7.516416907310485840e-01 -2.375050544738769531e+00 1.027078866958618164e+00 -4.282895624637603760e-01 1.214597702026367188e+00 -1.960142850875854492e-01 -5.527051687240600586e-01 -3.388616144657135010e-01 -3.122929334640502930e+00 4.836346149444580078e+00 -4.669333994388580322e-01 6.344482302665710449e-01 -1.499829590320587158e-01 -5.000000000000000000e-01 -1.304876565933227539e+00 1.000000000000000000e+00
-1.254565596580505371e+00 1.501478910446166992e+00 1.344014048576354980e+00 3.870216131210327148e+00 1.833169102668762207e+00 5.100595951080322266e-01 4.493264853954315186e-01 1.046986699104309082e+00 -3.410550951957702637e-01 -4.877842962741851807e-01 4.608306884765625000e-01 1.027078866958618164e+00 -4.282895624637603760e-01 1.214597702026367188e+00 -1.960142850875854492e-01 -5.527051687240600586e-01 -3.388616144657135010e-01 3.202121555805206299e-01 -2.067676633596420288e-01 -4.669333994388580322e-01 6.344482302665710449e-01 -1.499829590320587158e-01 -5.000000000000000000e-01 -1.304876565933227539e+00 1.000000000000000000e+00
-1.254565596580505371e+00 2.569530904293060303e-01 -1.427148938179016113e+00 -6.271939277648925781e-01 -6.997070312500000000e-01 5.100595951080322266e-01 4.493264853954315186e-01 1.046986699104309082e+00 6.116127967834472656e-01 -1.015498995780944824e+00 -2.375050544738769531e+00 -7.049260139465332031e-01 -4.282895624637603760e-01 -8.233178853988647461e-01 -1.960142850875854492e-01 -5.527051687240600586e-01 -3.388616144657135010e-01 -3.122929334640502930e+00 -2.067676633596420288e-01 2.141633033752441406e+00 -1.576172709465026855e+00 -1.499829590320587158e-01 2.000000000000000000e+00 -1.304876565933227539e+00 1.000000000000000000e+00
1.132052540779113770e+00 -7.386675477027893066e-01 -5.034279823303222656e-01 -3.084798157215118408e-01 1.833169102668762207e+00 1.338078498840332031e+00 4.493264853954315186e-01 1.405047029256820679e-01 6.116127967834472656e-01 1.271264791488647461e+00 4.608306884765625000e-01 -7.049260139465332031e-01 -4.282895624637603760e-01 1.214597702026367188e+00 -1.960142850875854492e-01 1.809282779693603516e+00 -3.388616144657135010e-01 3.202121555805206299e-01 -2.067676633596420288e-01 -4.669333994388580322e-01 6.344482302665710449e-01 -1.499829590320587158e-01 -5.000000000000000000e-01 7.663560509681701660e-01 1.000000000000000000e+00
1.132052540779113770e+00 1.252573728561401367e+00 1.344014048576354980e+00 2.241232872009277344e+00 -6.997070312500000000e-01 -3.179592490196228027e-01 -9.636498689651489258e-01 -7.659772634506225586e-01 6.116127967834472656e-01 -3.998318612575531006e-01 -9.571098685264587402e-01 1.027078866958618164e+00 -4.282895624637603760e-01 -8.233178853988647461e-01 -1.960142850875854492e-01 -5.527051687240600586e-01 -3.388616144657135010e-01 3.202121555805206299e-01 -2.067676633596420288e-01 -4.669333994388580322e-01 6.344482302665710449e-01 -1.499829590320587158e-01 -5.000000000000000000e-01 7.663560509681701660e-01 1.000000000000000000e+00
-4.590262472629547119e-01 -9.875727295875549316e-01 -5.034279823303222656e-01 -8.042573332786560059e-01 -6.997070312500000000e-01 -3.179592490196228027e-01 -9.636498689651489258e-01 -7.659772634506225586e-01 6.116127967834472656e-01 -5.757367610931396484e-01 4.608306884765625000e-01 -7.049260139465332031e-01 -4.282895624637603760e-01 -8.233178853988647461e-01 5.101668834686279297e+00 -5.527051687240600586e-01 -3.388616144657135010e-01 3.202121555805206299e-01 -2.067676633596420288e-01 -4.669333994388580322e-01 6.344482302665710449e-01 -1.499829590320587158e-01 -5.000000000000000000e-01 7.663560509681701660e-01 1.000000000000000000e+00
-4.590262472629547119e-01 -7.386675477027893066e-01 1.344014048576354980e+00 -8.042573332786560059e-01 -6.997070312500000000e-01 5.100595951080322266e-01 4.493264853954315186e-01 1.405047029256820679e-01 -1.293722987174987793e+00 1.007407426834106445e+00 4.608306884765625000e-01 1.027078866958618164e+00 2.334868907928466797e+00 -8.233178853988647461e-01 -1.960142850875854492e-01 1.809282779693603516e+00 -3.388616144657135010e-01 3.202121555805206299e-01 -2.067676633596420288e-01 -4.669333994388580322e-01 6.344482302665710449e-01 -1.499829590320587158e-01 2.000000000000000000e+00 -1.304876565933227539e+00 1.000000000000000000e+00
-4.590262472629547119e-01 1.252573728561401367e+00 -5.034279823303222656e-01 -2.022417932748794556e-01 -6.648799777030944824e-02 -3.179592490196228027e-01 -9.636498689651489258e-01 1.046986699104309082e+00 1.564280629158020020e+00 1.271264791488647461e+00 4.608306884765625000e-01 -7.049260139465332031e-01 -4.282895624637603760e-01 -8.233178853988647461e-01 -1.960142850875854492e-01 -5.527051687240600586e-01 -3.388616144657135010e-01 -3.122929334640502930e+00 4.836346149444580078e+00 -4.669333994388580322e-01 -1.576172709465026855e+00 -1.499829590320587158e-01 -5.000000000000000000e-01 7.663560509681701660e-01 1.000000000000000000e+00
-1.254565596580505371e+00 -4.897623956203460693e-01 -5.034279823303222656e-01 2.581230103969573975e-01 -6.997070312500000000e-01 -3.179592490196228027e-01 -9.636498689651489258e-01 -7.659772634506225586e-01 -3.410550951957702637e-01 -5.757367610931396484e-01 4.608306884765625000e-01 -7.049260139465332031e-01 -4.282895624637603760e-01 1.214597702026367188e+00 -1.960142850875854492e-01 1.809282779693603516e+00 -3.388616144657135010e-01 3.202121555805206299e-01 -2.067676633596420288e-01 -4.669333994388580322e-01 6.344482302665710449e-01 -1.499829590320587158e-01 -5.000000000000000000e-01 7.663560509681701660e-01 1.000000000000000000e+00
-1.254565596580505371e+00 2.569530904293060303e-01 -5.034279823303222656e-01 -4.855432212352752686e-01 -6.997070312500000000e-01 -1.145978093147277832e+00 -2.376626253128051758e+00 1.405047029256820679e-01 -3.410550951957702637e-01 -3.118793964385986328e-01 4.608306884765625000e-01 -7.049260139465332031e-01 -4.282895624637603760e-01 -8.233178853988647461e-01 -1.960142850875854492e-01 -5.527051687240600586e-01 -3.388616144657135010e-01 3.202121555805206299e-01 -2.067676633596420288e-01 -4.669333994388580322e-01 6.344482302665710449e-01 -1.499829590320587158e-01 -5.000000000000000000e-01 7.663560509681701660e-01 1.000000000000000000e+00
-1.254565596580505371e+00 2.248194456100463867e+00 -5.034279823303222656e-01 1.497566699981689453e+00 -6.997070312500000000e-01 5.100595951080322266e-01 4.493264853954315186e-01 -1.672459244728088379e+00 1.564280629158020020e+00 1.271264791488647461e+00 4.608306884765625000e-01 -7.049260139465332031e-01 -4.282895624637603760e-01 1.214597702026367188e+00 -1.960142850875854492e-01 -5.527051687240600586e-01 -3.388616144657135010e-01 3.202121555805206299e-01 -2.067676633596420288e-01 -4.669333994388580322e-01 -1.576172709465026855e+00 -1.499829590320587158e-01 -5.000000000000000000e-01 -1.304876565933227539e+00 1.000000000000000000e+00
1.132052540779113770e+00 -4.897623956203460693e-01 -5.034279823303222656e-01 1.164722964167594910e-01 1.833169102668762207e+00 -3.179592490196228027e-01 4.493264853954315186e-01 -7.659772634506225586e-01 1.564280629158020020e+00 -5.757367610931396484e-01 4.608306884765625000e-01 -7.049260139465332031e-01 -4.282895624637603760e-01 -8.233178853988647461e-01 -1.960142850875854492e-01 1.809282779693603516e+00 -3.388616144657135010e-01 3.202121555805206299e-01 -2.067676633596420288e-01 -4.669333994388580322e-01 6.344482302665710449e-01 -1.499829590320587158e-01 -5.000000000000000000e-01 7.663560509681701660e-01 1.000000000000000000e+00
-1.254565596580505371e+00 2.569530904293060303e-01 1.344014048576354980e+00 -7.334319353103637695e-01 1.199950098991394043e+00 1.338078498840332031e+00 -9.636498689651489258e-01 1.046986699104309082e+00 -3.410550951957702637e-01 1.886931896209716797e+00 4.608306884765625000e-01 1.027078866958618164e+00 -4.282895624637603760e-01 1.214597702026367188e+00 -1.960142850875854492e-01 -5.527051687240600586e-01 -3.388616144657135010e-01 3.202121555805206299e-01 -2.067676633596420288e-01 2.141633033752441406e+00 -1.576172709465026855e+00 -1.499829590320587158e-01 -5.000000000000000000e-01 -1.304876565933227539e+00 1.000000000000000000e+00
-4.590262472629547119e-01 -2.408572286367416382e-01 -5.034279823303222656e-01 -2.517841383814811707e-02 5.667310357093811035e-01 -1.145978093147277832e+00 1.862302780151367188e+00 1.405047029256820679e-01 -1.293722987174987793e+00 -9.275465607643127441e-01 4.608306884765625000e-01 -7.049260139465332031e-01 -4.282895624637603760e-01 -8.233178853988647461e-01 -1.960142850875854492e-01 -5.527051687240600586e-01 -3.388616144657135010e-01 3.202121555805206299e-01 -2.067676633596420288e-01 2.141633033752441406e+00 -1.576172709465026855e+00 -1.499829590320587158e-01 -5.000000000000000000e-01 7.663560509681701660e-01 1.000000000000000000e+00
-1.254565596580505371e+00 2.569530904293060303e-01 -1.427148938179016113e+00 -1.668291240930557251e-01 5.667310357093811035e-01 -3.179592490196228027e-01 4.493264853954315186e-01 1.046986699104309082e+00 -1.293722987174987793e+00 -1.191403985023498535e+00 -9.571098685264587402e-01 -7.049260139465332031e-01 -4.282895624637603760e-01 1.214597702026367188e+00 -1.960142850875854492e-01 -5.527051687240600586e-01 -3.388616144657135010e-01 3.202121555805206299e-01 -2.067676633596420288e-01 -4.669333994388580322e-01 6.344482302665710449e-01 -1.499829590320587158e-01 -5.000000000000000000e-01 7.663560509681701660e-01 1.000000000000000000e+00
-1.254565596580505371e+00 -6.556991338729858398e-01 1.344014048576354980e+00 -5.209559202194213867e-01 -6.997070312500000000e-01 -1.145978093147277832e+00 4.493264853954315186e-01 -1.672459244728088379e+00 -3.410550951957702637e-01 -6.636891961097717285e-01 -2.375050544738769531e+00 1.027078866958618164e+00 -4.282895624637603760e-01 -8.233178853988647461e-01 -1.960142850875854492e-01 -5.527051687240600586e-01 -3.388616144657135010e-01 3.202121555805206299e-01 -2.067676633596420288e-01 -4.669333994388580322e-01 6.344482302665710449e-01 -1.499829590320587158e-01 2.000000000000000000e+00 -1.304876565933227539e+00 1.000000000000000000e+00
1.132052540779113770e+00 2.569530904293060303e-01 1.344014048576354980e+00 4.351863861083984375e-01 -6.997070312500000000e-01 -3.179592490196228027e-01 4.493264853954315186e-01 -7.659772634506225586e-01 -1.293722987174987793e+00 3.382123708724975586e+00 4.608306884765625000e-01 -7.049260139465332031e-01 -4.282895624637603760e-01 1.214597702026367188e+00 -1.960142850875854492e-01 -5.527051687240600586e-01 -3.388616144657135010e-01 3.202121555805206299e-01 -2.067676633596420288e-01 -4.669333994388580322e-01 6.344482302665710449e-01 -1.499829590320587158e-01 -5.000000000000000000e-01 -1.304876565933227539e+00 1.000000000000000000e+00
1.132052540779113770e+00 -1.236477851867675781e+00 1.344014048576354980e+00 -7.334319353103637695e-01 -6.648799777030944824e-02 -3.179592490196228027e-01 -9.636498689651489258e-01 -1.672459244728088379e+00 -3.410550951957702637e-01 -7.516416907310485840e-01 4.608306884765625000e-01 1.027078866958618164e+00 -4.282895624637603760e-01 -8.233178853988647461e-01 -1.960142850875854492e-01 -5.527051687240600586e-01 -3.388616144657135010e-01 3.202121555805206299e-01 -2.067676633596420288e-01 -4.669333994388580322e-01 6.344482302665710449e-01 -1.499829590320587158e-01 -5.000000000000000000e-01 7.663560509681701660e-01 1.000000000000000000e+00
3.365131616592407227e-01 -7.386675477027893066e-01 1.344014048576354980e+00 -6.271939277648925781e-01 5.667310357093811035e-01 -1.973996996879577637e+00 4.493264853954315186e-01 1.046986699104309082e+00 1.564280629158020020e+00 2.678503990173339844e+00 -2.375050544738769531e+00 2.759083747863769531e+00 -4.282895624637603760e-01 -8.233178853988647461e-01 -1.960142850875854492e-01 1.809282779693603516e+00 -3.388616144657135010e-01 3.202121555805206299e-01 -2.067676633596420288e-01 -4.669333994388580322e-01 -1.576172709465026855e+00 6.667424201965332031e+00 -5.000000000000000000e-01 -1.304876565933227539e+00 1.000000000000000000e+00
3.365131616592407227e-01 -1.236477851867675781e+00 -5.034279823303222656e-01 -9.104953408241271973e-01 1.199950098991394043e+00 -1.145978093147277832e+00 1.862302780151367188e+00 -7.659772634506225586e-01 -1.293722987174987793e+00 -7.516416907310485840e-01 4.608306884765625000e-01 -7.049260139465332031e-01 -4.282895624637603760e-01 -8.233178853988647461e-01 5.101668834686279297e+00 1.809282779693603516e+00 -3.388616144657135010e-01 3.202121555805206299e-01 -2.067676633596420288e-01 -4.669333994388580322e-01 6.344482302665710449e-01 6.667424201965332031e+00 -5.000000000000000000e-01 -1.304876565933227539e+00 1.000000000000000000e+00
1.132052540779113770e+00 1.252573728561401367e+00 4.202930629253387451e-01 4.351863861083984375e-01 -6.997070312500000000e-01 -3.179592490196228027e-01 -9.636498689651489258e-01 1.046986699104309082e+00 -1.293722987174987793e+00 -1.359744966030120850e-01 4.608306884765625000e-01 1.027078866958618164e+00 -4.282895624637603760e-01 -8.233178853988647461e-01 -1.960142850875854492e-01 -5.527051687240600586e-01 -3.388616144657135010e-01 3.202121555805206299e-01 -2.067676633596420288e-01 -4.669333994388580322e-01 6.344482302665710449e-01 -1.499829590320587158e-01 -5.000000000000000000e-01 7.663560509681701660e-01 1.000000000000000000e+00
1.132052540779113770e+00 2.569530904293060303e-01 -5.034279823303222656e-01 9.309638738632202148e-01 1.833169102668762207e+00 -1.145978093147277832e+00 -9.636498689651489258e-01 -1.672459244728088379e+00 6.116127967834472656e-01 7.435500621795654297e-01 4.608306884765625000e-01 1.027078866958618164e+00 -4.282895624637603760e-01 1.214597702026367188e+00 -1.960142850875854492e-01 -5.527051687240600586e-01 -3.388616144657135010e-01 3.202121555805206299e-01 -2.067676633596420288e-01 -4.669333994388580322e-01 6.344482302665710449e-01 -1.499829590320587158e-01 -5.000000000000000000e-01 7.663560509681701660e-01 1.000000000000000000e+00
1.132052540779113770e+00 -7.386675477027893066e-01 1.344014048576354980e+00 -9.813206791877746582e-01 5.667310357093811035e-01 1.338078498840332031e+00 4.493264853954315186e-01 1.046986699104309082e+00 -3.410550951957702637e-01 5.676451325416564941e-01 4.608306884765625000e-01 1.027078866958618164e+00 2.334868907928466797e+00 1.214597702026367188e+00 -1.960142850875854492e-01 -5.527051687240600586e-01 -3.388616144657135010e-01 3.202121555805206299e-01 -2.067676633596420288e-01 -4.669333994388580322e-01 6.344482302665710449e-01 -1.499829590320587158e-01 -5.000000000000000000e-01 7.663560509681701660e-01 1.000000000000000000e+00
-1.254565596580505371e+00 -7.386675477027893066e-01 -5.034279823303222656e-01 4.564693942666053772e-02 -6.997070312500000000e-01 1.338078498840332031e+00 4.493264853954315186e-01 1.046986699104309082e+00 1.564280629158020020e+00 -4.802203923463821411e-02 4.608306884765625000e-01 -7.049260139465332031e-01 -4.282895624637603760e-01 1.214597702026367188e+00 -1.960142850875854492e-01 -5.527051687240600586e-01 2.951056957244873047e+00 3.202121555805206299e-01 -2.067676633596420288e-01 -4.669333994388580322e-01 -1.576172709465026855e+00 -1.499829590320587158e-01 -5.000000000000000000e-01 7.663560509681701660e-01 1.000000000000000000e+00
-1.254565596580505371e+00 -2.408572286367416382e-01 -5.034279823303222656e-01 1.497566699981689453e+00 1.833169102668762207e+00 1.338078498840332031e+00 4.493264853954315186e-01 1.046986699104309082e+00 -3.410550951957702637e-01 1.359217166900634766e+00 4.608306884765625000e-01 -7.049260139465332031e-01 2.334868907928466797e+00 1.214597702026367188e+00 -1.960142850875854492e-01 -5.527051687240600586e-01 2.951056957244873047e+00 3.202121555805206299e-01 -2.067676633596420288e-01 -4.669333994388580322e-01 -1.576172709465026855e+00 -1.499829590320587158e-01 -5.000000000000000000e-01 7.663560509681701660e-01 1.000000000000000000e+00
3.365131616592407227e-01 -2.408572286367416382e-01 -5.034279823303222656e-01 -4.147178530693054199e-01 -6.997070312500000000e-01 -3.179592490196228027e-01 4.493264853954315186e-01 -7.659772634506225586e-01 -1.293722987174987793e+00 1.278828680515289307e-01 -9.571098685264587402e-01 -7.049260139465332031e-01 -4.282895624637603760e-01 -8.233178853988647461e-01 -1.960142850875854492e-01 -5.527051687240600586e-01 -3.388616144657135010e-01 -3.122929334640502930e+00 4.836346149444580078e+00 -4.669333994388580322e-01 6.344482302665710449e-01 -1.499829590320587158e-01 -5.000000000000000000e-01 7.663560509681701660e-01 1.000000000000000000e+00
1.132052540779113770e+00 2.569530904293060303e-01 1.344014048576354980e+00 -6.980192661285400391e-01 1.199950098991394043e+00 1.338078498840332031e+00 -9.636498689651489258e-01 1.046986699104309082e+00 -1.293722987174987793e+00 1.278828680515289307e-01 4.608306884765625000e-01 1.027078866958618164e+00 -4.282895624637603760e-01 1.214597702026367188e+00 -1.960142850875854492e-01 1.809282779693603516e+00 -3.388616144657135010e-01 3.202121555805206299e-01 -2.067676633596420288e-01 -4.669333994388580322e-01 6.344482302665710449e-01 -1.499829590320587158e-01 -5.000000000000000000e-01 7.663560509681701660e-01 1.000000000000000000e+00
1.132052540779113770e+00 -4.897623956203460693e-01 1.344014048576354980e+00 -6.271939277648925781e-01 -6.648799777030944824e-02 -3.179592490196228027e-01 -9.636498689651489258e-01 1.405047029256820679e-01 6.116127967834472656e-01 -3.998318612575531006e-01 4.608306884765625000e-01 -7.049260139465332031e-01 -4.282895624637603760e-01 -8.233178853988647461e-01 -1.960142850875854492e-01 -5.527051687240600586e-01 -3.388616144657135010e-01 3.202121555805206299e-01 -2.067676633596420288e-01 -4.669333994388580322e-01 6.344482302665710449e-01 -1.499829590320587158e-01 -5.000000000000000000e-01 7.663560509681701660e-01 1.000000000000000000e+00
1.132052540779113770e+00 -7.386675477027893066e-01 1.344014048576354980e+00 -6.980192661285400391e-01 -6.997070312500000000e-01 -1.145978093147277832e+00 -9.636498689651489258e-01 1.046986699104309082e+00 -3.410550951957702637e-01 -1.191403985023498535e+00 4.608306884765625000e-01 1.027078866958618164e+00 -4.282895624637603760e-01 -8.233178853988647461e-01 -1.960142850875854492e-01 -5.527051687240600586e-01 -3.388616144657135010e-01 3.202121555805206299e-01 -2.067676633596420288e-01 2.141633033752441406e+00 -1.576172709465026855e+00 -1.499829590320587158e-01 2.000000000000000000e+00 -1.304876565933227539e+00 1.000000000000000000e+00
3.365131616592407227e-01 -7.386675477027893066e-01 -5.034279823303222656e-01 -6.980192661285400391e-01 -6.997070312500000000e-01 -1.145978093147277832e+00 4.493264853954315186e-01 -1.672459244728088379e+00 -1.293722987174987793e+00 -8.395941257476806641e-01 4.608306884765625000e-01 -7.049260139465332031e-01 -4.282895624637603760e-01 -8.233178853988647461e-01 -1.960142850875854492e-01 1.809282779693603516e+00 -3.388616144657135010e-01 3.202121555805206299e-01 -2.067676633596420288e-01 -4.669333994388580322e-01 6.344482302665710449e-01 -1.499829590320587158e-01 -5.000000000000000000e-01 7.663560509681701660e-01 1.000000000000000000e+00
-1.254565596580505371e+00 -7.386675477027893066e-01 -5.034279823303222656e-01 -4.855432212352752686e-01 -6.997070312500000000e-01 -3.179592490196228027e-01 -9.636498689651489258e-01 1.046986699104309082e+00 -3.410550951957702637e-01 -5.757367610931396484e-01 4.608306884765625000e-01 -7.049260139465332031e-01 -4.282895624637603760e-01 1.214597702026367188e+00 -1.960142850875854492e-01 1.809282779693603516e+00 -3.388616144657135010e-01 -3.122929334640502930e+00 -2.067676633596420288e-01 -4.669333994388580322e-01 6.344482302665710449e-01 -1.499829590320587158e-01 -5.000000000000000000e-01 7.663560509681701660e-01 1.000000000000000000e+00
-4.590262472629547119e-01 2.248194456100463867e+00 4.202930629253387451e-01 1.214265227317810059e+00 1.833169102668762207e+00 -3.179592490196228027e-01 4.493264853954315186e-01 1.046986699104309082e+00 1.564280629158020020e+00 2.158353179693222046e-01 4.608306884765625000e-01 -7.049260139465332031e-01 2.334868907928466797e+00 1.214597702026367188e+00 -1.960142850875854492e-01 -5.527051687240600586e-01 -3.388616144657135010e-01 3.202121555805206299e-01 -2.067676633596420288e-01 -4.669333994388580322e-01 -1.576172709465026855e+00 -1.499829590320587158e-01 -5.000000000000000000e-01 7.663560509681701660e-01 1.000000000000000000e+00
-1.254565596580505371e+00 -1.236477851867675781e+00 -5.034279823303222656e-01 -7.334319353103637695e-01 -6.648799777030944824e-02 1.338078498840332031e+00 4.493264853954315186e-01 -7.659772634506225586e-01 -3.410550951957702637e-01 6.555975675582885742e-01 4.608306884765625000e-01 -7.049260139465332031e-01 -4.282895624637603760e-01 1.214597702026367188e+00 -1.960142850875854492e-01 1.809282779693603516e+00 -3.388616144657135010e-01 3.202121555805206299e-01 -2.067676633596420288e-01 -4.669333994388580322e-01 6.344482302665710449e-01 -1.499829590320587158e-01 -5.000000000000000000e-01 7.663560509681701660e-01 1.000000000000000000e+00
1.132052540779113770e+00 1.252573728561401367e+00 1.344014048576354980e+00 8.105961978435516357e-02 -6.997070312500000000e-01 5.100595951080322266e-01 4.493264853954315186e-01 1.046986699104309082e+00 6.116127967834472656e-01 1.278828680515289307e-01 4.608306884765625000e-01 1.027078866958618164e+00 -4.282895624637603760e-01 1.214597702026367188e+00 -1.960142850875854492e-01 1.809282779693603516e+00 -3.388616144657135010e-01 3.202121555805206299e-01 -2.067676633596420288e-01 -4.669333994388580322e-01 6.344482302665710449e-01 -1.499829590320587158e-01 -5.000000000000000000e-01 7.663560509681701660e-01 1.000000000000000000e+00
1.132052540779113770e+00 2.569530904293060303e-01 1.344014048576354980e+00 -2.376544773578643799e-01 -6.997070312500000000e-01 1.338078498840332031e+00 1.862302780151367188e+00 1.405047029256820679e-01 -1.293722987174987793e+00 9.194549322128295898e-01 4.608306884765625000e-01 1.027078866958618164e+00 -4.282895624637603760e-01 -8.233178853988647461e-01 -1.960142850875854492e-01 -5.527051687240600586e-01 -3.388616144657135010e-01 -3.122929334640502930e+00 4.836346149444580078e+00 -4.669333994388580322e-01 6.344482302665710449e-01 -1.499829590320587158e-01 -5.000000000000000000e-01 7.663560509681701660e-01 1.000000000000000000e+00
-1.254565596580505371e+00 -1.070541143417358398e+00 1.344014048576354980e+00 -9.104953408241271973e-01 -6.997070312500000000e-01 1.338078498840332031e+00 4.493264853954315186e-01 1.046986699104309082e+00 -1.293722987174987793e+00 1.007407426834106445e+00 4.608306884765625000e-01 1.027078866958618164e+00 -4.282895624637603760e-01 -8.233178853988647461e-01 -1.960142850875854492e-01 1.809282779693603516e+00 -3.388616144657135010e-01 3.202121555805206299e-01 -2.067676633596420288e-01 -4.669333994388580322e-01 6.344482302665710449e-01 -1.499829590320587158e-01 2.000000000000000000e+00 -1.304876565933227539e+00 1.000000000000000000e+00
1.132052540779113770e+00 8.047933690249919891e-03 -5.034279823303222656e-01 -5.917812585830688477e-01 1.199950098991394043e+00 1.338078498840332031e+00 -9.636498689651489258e-01 1.046986699104309082e+00 -1.293722987174987793e+00 3.993041440844535828e-02 -2.375050544738769531e+00 -7.049260139465332031e-01 -4.282895624637603760e-01 -8.233178853988647461e-01 -1.960142850875854492e-01 -5.527051687240600586e-01 -3.388616144657135010e-01 3.202121555805206299e-01 -2.067676633596420288e-01 -4.669333994388580322e-01 6.344482302665710449e-01 -1.499829590320587158e-01 2.000000000000000000e+00 -1.304876565933227539e+00 1.000000000000000000e+00
